parent,pcode,keytag,type,photos,building,typecode,poiweight,citycode,adname,children,featured_reviews_remake,tel,id,tag,entr_location,adcode,pname,biz_type,cityname,postcode,business_area,childtype,atag,name,shopid,favorite_num,navi_poiid,distance,importance,biz_ext,recommend,discount_num,gridcode,shopinfo,alias,event,indoor_map,email,timestamp,website,address,space_num,match,indoor_data,exit_location,location_gcj02,lng_gcj02,lat_gcj02,groupbuy_num,featured_reviews
,小芝镇车口村75省道与小义线交叉点西南侧,,330000,331082,浙江省,台州市,汽车服务;加油站;中国石油,010102,临海市,0576,中国石油临海车口加油站,"121.400213,28.882747",121.400213,28.882747,B0FFFRMFQU,121.3957577179469,28.88553452326651
B0L6H5HKSV,小芝镇225省道,,330000,331082,浙江省,台州市,汽车服务;充电站;充电站,011100,临海市,0576,特来电汽车充电站(台州临海市小芝车口驿站充电站),"121.388871,28.891050",121.388871,28.89105,B0JK676NHG,121.38441924795264,28.893834841046857
,杜桥镇横溪庄村170号,,330000,331082,浙江省,台州市,汽车服务;充电站;专用充电站,011103,临海市,0576,红牛汽车充电站(横溪目的地),"121.414910,28.805098",121.41491,28.805098,B0KR6ZZDCZ,121.4104651259415,28.80794733808585
,虎山路与小杜线交叉口南60米,,330000,331082,浙江省,台州市,汽车服务;汽车配件销售;汽车配件销售,010800,临海市,0576,临海市唐龙轮胎店,"121.454116,28.849378",121.454116,28.849378,B0KRPHPYRR,121.44973224544161,28.852249815572506
,小芝镇虹桥头,,330000,331082,浙江省,台州市,汽车服务;加油站;中国石化,010101,临海市,0576,中国石化小芝加油站,"121.456072,28.856313",121.456072,28.856313,B0240045Q0,121.45169275129658,28.859183886664102
,小芝镇小杜线小芝中心卫生院,,330000,331082,浙江省,台州市,汽车服务;充电站;充电站,011100,临海市,0576,特来电汽车充电站(特来电临海小芝镇城市客厅充电站),"121.456330,28.848347",121.45633,28.848347,B0K197NE4G,121.45195206045086,28.851224510415918
B0240045Q0,小芝镇虹桥头中国石化小芝加油站,,330000,331082,浙江省,台州市,汽车服务;洗车场;洗车场,010500,临海市,0576,台州临海小芝易捷养车洗车店,"121.456051,28.856292",121.456051,28.856292,B0LBHD07VI,121.45167169789585,28.859162855443707
,八亩头附近,,330000,331082,浙江省,台州市,汽车服务;汽车服务相关;汽车服务相关,010000,临海市,0576,小芝清波汽服,"121.460081,28.844119",121.460081,28.844119,B0JUL7OBP9,121.45571353027829,28.847008389420985
,杜桥镇章溪线,,330000,331082,浙江省,台州市,汽车服务;充电站;充电站,011100,临海市,0576,蔚景云汽车充电站(临海章溪线金家大院停车场充电站),"121.412330,28.761690",121.41233,28.76169,B0KKGK7SSQ,121.40788703685342,28.76456863633183
,花桥镇黄泗线两头门村路段花桥大酒店附近,,330000,331022,浙江省,台州市,汽车服务;加油站;中国石化,010101,三门县,0576,中国石化花桥加油站,"121.481610,28.923070",121.48161,28.92307,B0240045PB,121.47730292923043,28.925955162184366
,沿江路170号附近,,330000,331082,浙江省,台州市,汽车服务;加油站;加油站,010100,临海市,0576,中东石化加油站(灵泉路),"121.316459,28.752851",121.316459,28.752851,B0FFGH2SNV,121.31214520327948,28.75584738965834
,杜桥恒湖电商创业园(眼镜市场对面),,330000,331082,浙江省,台州市,汽车服务;充电站;充电站,011100,临海市,0576,云快充汽车充电站(大谷超级充电站),"121.478319,28.770367",121.478319,28.770367,B0LUBR9MY0,121.47401298947126,28.773357541437964
,涌泉镇涌泉公园,,330000,331082,浙江省,台州市,汽车服务;充电站;充电站,011100,临海市,0576,特来电汽车充电站(特来电临海市涌泉镇江滨公园公共充电站),"121.314125,28.753605",121.314125,28.753605,B0JGOR12TC,121.30981617925883,28.756605194242034
,东塍镇225省道东塍中学,,330000,331082,浙江省,台州市,汽车服务;充电站;充电站,011100,临海市,0576,特来电汽车充电站(特来电临海市东塍中学东侧公共快充站),"121.274390,28.921974",121.27439,28.921974,B0JUV7CAFG,121.2701362980976,28.924906341307047
,临海市杜桥镇环城北路343号,,330000,331082,浙江省,台州市,汽车服务;汽车养护/装饰;汽车养护|汽车维修;汽车维修;汽车维修,010400|030000,临海市,0576,东强汽车维修中心·嘉实多保养站,"121.487719,28.772081",121.487719,28.772081,B0HBPRB3HH,121.48344457040136,28.77509750276698
,杜桥镇杜南大道碧桂园·天玺华府,,330000,331082,浙江省,台州市,汽车服务;充电站;充电站,011100,临海市,0576,世动云充汽车充电站(临海市杜桥镇天玺华府充电站),"121.483417,28.767497",121.483417,28.767497,B0L2DP7ONQ,121.47912823103002,28.77050410116312
,杜桥镇杜北路702号,,330000,331082,浙江省,台州市,政府机构及社会团体;交通车辆管理;验车场|汽车服务;汽车服务相关;汽车服务相关,130603|010000,临海市,0576,临海市吉达汽车检测有限公司,"121.485094,28.767764",121.485094,28.767764,B0G11RDS9M,121.48081090720717,28.770775793263297
,杜桥镇牌门路242号,,330000,331082,浙江省,台州市,汽车服务;汽车养护/装饰;汽车养护|汽车维修;汽车维修;汽车维修,010400|030000,临海市,0576,小朱汽车养护中心,"121.489004,28.769338",121.489004,28.769338,B0FFGBP7EE,121.4847342232057,28.772360202119714
B0H025HDPB,杜桥镇牌门路2号(天上人间酒店停车场内),,330000,331082,浙江省,台州市,汽车服务;充电站;充电站,011100,临海市,0576,中国石化汽车充电站(临海杜桥镇牌门路2号充电站),"121.489445,28.766932",121.489445,28.766932,B0L15BZ9K4,121.48517693868698,28.769957171958545
,东塍镇川津路502号,,330000,331082,浙江省,台州市,汽车服务;加油站;加油站,010100,临海市,0576,东塍镇腾飞石化加油站,"121.264097,28.924592",121.264097,28.924592,B0FFGPE5X1,121.25985253592748,28.927529720927026
,章安街道湖巉村358号,,330000,331002,浙江省,台州市,汽车服务;加油站;中国石油,010102,椒江区,0576,中国石油章安加油站,"121.401537,28.725540",121.401537,28.72554,B0FFG8WAG0,121.39709418170165,28.72844054978767
,杜南大道599号,,330000,331082,浙江省,台州市,汽车服务;汽车养护/装饰;汽车养护,010400,临海市,0576,车之翼汽车美容(前王路店),"121.485536,28.762862",121.485536,28.762862,B02400T5GX,121.48125479912781,28.76587846042642
B0J6GHMQHD,临海站地上停车场,,330000,331082,浙江省,台州市,汽车服务;充电站;充电站,011100,临海市,0576,特来电超级充电站(特来电台州临海站公共充电站),"121.241987,28.881028",121.241987,28.881028,B0JK5RF1TQ,121.23775142092525,28.88400279519179
,解放街455-459号,,330000,331082,浙江省,台州市,汽车服务;洗车场;洗车场|汽车服务;汽车养护/装饰;汽车养护|汽车服务;汽车配件销售;汽车配件销售|汽车维修;汽车维修;汽车维修,010500|010400|010800|030000,临海市,0576,倍耐力轮胎经营部,"121.488974,28.760031",121.488974,28.760031,B0FFHWWF0Q,121.48470484585359,28.763059517378995
,杜桥镇蜀大侠火锅(杜桥店)台州市通益机械设备有限公司地面停车场,,330000,331082,浙江省,台州市,汽车服务;充电站;充电站,011100,临海市,0576,特来电汽车充电站(特来电台州临海市蜀大侠火锅充电站),"121.491507,28.764337",121.491507,28.764337,B0JU96WPH2,121.48724631089244,28.76737009001611
,小芝镇车口村75省道与小义线交叉点西南侧,,330000,331082,浙江省,台州市,汽车服务;加油站;中国石油,010102,临海市,0576,中国石油临海车口加油站,"121.400213,28.882747",121.400213,28.882747,B0FFFRMFQU,121.3957577179469,28.88553452326651
,小芝镇虹桥头,,330000,331082,浙江省,台州市,汽车服务;加油站;中国石化,010101,临海市,0576,中国石化小芝加油站,"121.456072,28.856313",121.456072,28.856313,B0240045Q0,121.45169275129658,28.859183886664102
,花桥镇黄泗线两头门村路段花桥大酒店附近,,330000,331022,浙江省,台州市,汽车服务;加油站;中国石化,010101,三门县,0576,中国石化花桥加油站,"121.481610,28.923070",121.48161,28.92307,B0240045PB,121.47730292923043,28.925955162184366
,沿江路170号附近,,330000,331082,浙江省,台州市,汽车服务;加油站;加油站,010100,临海市,0576,中东石化加油站(灵泉路),"121.316459,28.752851",121.316459,28.752851,B0FFGH2SNV,121.31214520327948,28.75584738965834
,东塍镇川津路502号,,330000,331082,浙江省,台州市,汽车服务;加油站;加油站,010100,临海市,0576,东塍镇腾飞石化加油站,"121.264097,28.924592",121.264097,28.924592,B0FFGPE5X1,121.25985253592748,28.927529720927026
,章安街道湖巉村358号,,330000,331002,浙江省,台州市,汽车服务;加油站;中国石油,010102,椒江区,0576,中国石油章安加油站,"121.401537,28.725540",121.401537,28.72554,B0FFG8WAG0,121.39709418170165,28.72844054978767
,东塍镇绚珠村,,330000,331082,浙江省,台州市,汽车服务;加油站;中国石化,010101,临海市,0576,中国石化东塍加油站,"121.251819,28.917470",121.251819,28.91747,B0240045P9,121.24758069719691,28.920417224249814
,杜桥镇南大路,,330000,331082,浙江省,台州市,汽车服务;加油站;中国石化,010101,临海市,0576,中国石化杜桥加油站,"121.492430,28.755331",121.49243,28.755331,B024004XNZ,121.48817323500263,28.758372999503504
,涌泉镇管岙村,,330000,331082,浙江省,台州市,汽车服务;加油站;中国石化,010101,临海市,0576,中国石化管岙加油站,"121.253446,28.781173",121.253446,28.781173,B0240045QO,121.24921790204634,28.78422275950198
,沿江路南30米,,330000,331082,浙江省,台州市,汽车服务;加油站;中化道达尔,010112,临海市,0576,中化道达尔玉岘加油站,"121.351692,28.717242",121.351692,28.717242,B0FFLK5GG8,121.3473051653095,28.72019636121199
B024005K6Q,大洋街道桥东村台州服务区,,330000,331082,浙江省,台州市,汽车服务;加油站;中国石化,010101,临海市,0576,中国石化甬台温高速台州下(西)加油站,"121.226256,28.877845",121.226256,28.877845,B024005IBY,121.22201214761165,28.880813166317033
,"小杜线与环城东路交叉处东行,杜桥第二小学附近",,330000,331082,浙江省,台州市,汽车服务;加油站;中国石化,010101,临海市,0576,中国石化杜桥大通道加油站,"121.510904,28.763630",121.510904,28.76363,B024004Y01,121.50671155272526,28.766721711810835
,章安街道柏加王村1085号,,330000,331002,浙江省,台州市,汽车服务;加油站;中国石化,010101,椒江区,0576,中国石化黄礁加油站,"121.393501,28.710957",121.393501,28.710957,B02400TO47,121.3890611410624,28.713868568965218
,沿江镇青岭,,330000,331082,浙江省,台州市,汽车服务;加油站;中国石化,010101,临海市,0576,中国石化临海青岭加油站,"121.241279,28.786142",121.241279,28.786142,B0240045QN,121.23705061713113,28.7891871932361
,杜桥镇汾东村杜桥镇汾东村10-47号,,330000,331082,浙江省,台州市,汽车服务;加油站;中国石油,010102,临海市,0576,中国石油临海杜桥加油站(大汾站),"121.481876,28.736855",121.481876,28.736855,B0240045R5,121.4775844344047,28.739878364938143
,沿江镇长甸水洞,,330000,331082,浙江省,台州市,汽车服务;加油站;中国石化,010101,临海市,0576,中国石化长甸加油站,"121.279846,28.742248",121.279846,28.742248,B024004E4M,121.27559964574478,28.74530787898617
,前所街道横蒋村,,330000,331002,浙江省,台州市,汽车服务;加油站;中国石化,010101,椒江区,0576,中国石化椒江顺风加油站,"121.478003,28.726617",121.478003,28.726617,B0FFG7HQ1C,121.47369937950042,28.729636058343353
,前章路(新民小学西北侧约50米),,330000,331002,浙江省,台州市,汽车服务;加油站;中国石化,010101,椒江区,0576,中国石化台州椒江东路加油站,"121.436379,28.704148",121.436379,28.704148,B0240045R6,121.43196834895622,28.70708804167153
,双林南路邵家渡街道前洋村,,330000,331082,浙江省,台州市,汽车服务;加油站;中国石油,010102,临海市,0576,中国石油临海双林南路加油站,"121.203818,28.856685",121.203818,28.856685,B0ID2UW5F8,121.1995480011106,28.859642463559645
,邵家渡街道(钓鱼亭村卫生室东南),,330000,331082,浙江省,台州市,汽车服务;加油站;中国石油,010102,临海市,0576,中国石油钓鱼亭加油站,"121.210875,28.813400",121.210875,28.8134,B0240045QI,121.20661882926645,28.816399777837617
,汛桥镇杨梅村,,330000,331082,浙江省,台州市,汽车服务;加油站;中国石化,010101,临海市,0576,中国石化杨梅加油站,"121.217398,28.793052",121.217398,28.793052,B0FFGWIHVL,121.21315174400392,28.796074532906502
,大田街道砟溪头村,,330000,331082,浙江省,台州市,汽车服务;加油站;中国石化,010101,临海市,0576,中国石化大田加油站,"121.210344,28.920201",121.210344,28.920201,B0240045P8,121.20607877212086,28.92311829250064
,垦荒大道1288号,,330000,331002,浙江省,台州市,汽车服务;加油站;中化道达尔,010112,椒江区,0576,中化道达尔前川加油站,"121.475855,28.706596",121.475855,28.706596,B0IRY5BHSW,121.4715459523454,28.7096218590655
,河阳南路与河阳路交叉口,,330000,331082,浙江省,台州市,汽车服务;加油站;中国石油,010102,临海市,0576,中国石油临海大洋加油站(河阳南路南站),"121.194373,28.877274",121.194373,28.877274,B024004VY1,121.1900854418854,28.880200510962133
,东方大道1300号,,330000,331082,浙江省,台州市,汽车服务;加油站;加油站,010100,临海市,0576,临海市东方加油站,"121.196461,28.896021",121.196461,28.896021,B0HA5CP2T5,121.19217566961238,28.89893641390383
,汛桥镇杨梅周岙村,,330000,331082,浙江省,台州市,汽车服务;加油站;中国石化,010101,临海市,0576,中国石化杨梅岭加油站,"121.208536,28.792302",121.208536,28.792302,B0240045QJ,121.20427815961582,28.795313823521134
,临海大道与河阳路交汇处,,330000,331082,浙江省,台州市,汽车服务;加油站;中国石油,010102,临海市,0576,中国石油临海大洋加油站(北),"121.193369,28.878535",121.193369,28.878535,B024004VY0,121.18907953814578,28.881458826249666
,沿江镇水洋村,,330000,331082,浙江省,台州市,汽车服务;加油站;中国石化,010101,临海市,0576,中国石化大庆加油站,"121.238721,28.736956",121.238721,28.736956,B024004Y55,121.23449565049386,28.74003393283101
,江口街道永椒路88号,,330000,331003,浙江省,台州市,汽车服务;加油站;加油站,010100,黄岩区,0576,浙江石油综合供能三江口加油站,"121.330241,28.685569",121.330241,28.685569,B0G39NLA3J,121.32590207345883,28.688582388723702
,葭沚街道黄海公路1271号,,330000,331002,浙江省,台州市,汽车服务;加油站;中国石化,010101,椒江区,0576,中国石化高坎加油站,"121.371806,28.677499",121.371806,28.677499,B0240045R1,121.3673885202724,28.680448480585106
,"黄四线小雄镇人民政府西南方向行驶,左转,黄四线西南侧",,330000,331022,浙江省,台州市,汽车服务;加油站;加油站,010100,三门县,0576,小雄石化加油站,"121.580804,28.879395",121.580804,28.879395,B0FFJDS65R,121.57677837067583,28.8825466073007
,马上线,,330000,331003,浙江省,台州市,汽车服务;加油站;中国石化,010101,黄岩区,0576,中国石化江口加油站(马上线),"121.338712,28.677585",121.338712,28.677585,B0240045R0,121.33435512914134,28.680587126574746
,汇溪镇浚头村,,330000,331082,浙江省,台州市,汽车服务;加油站;中国石化,010101,临海市,0576,中国石化汇溪加油站,"121.219243,28.957535",121.219243,28.957535,B0K0HRDGEE,121.21498604507264,28.960433224575457
,海门街道江滨路5号,,330000,331002,浙江省,台州市,汽车服务;加油站;中国石化,010101,椒江区,0576,中国石化江滨加油站,"121.451474,28.682120",121.451474,28.68212,B02400SPF6,121.44709688950068,28.685100829255298
,江口镇上辇村附近,,330000,331003,浙江省,台州市,汽车服务;加油站;加油站,010100,黄岩区,0576,加油站(仅柴油),"121.341964,28.677741",121.341964,28.677741,B02400TZYA,121.33760015471854,28.680737005372322
,葭沚街道东平路859号,,330000,331002,浙江省,台州市,汽车服务;加油站;中国石化,010101,椒江区,0576,中国石化客运中心加油站,"121.401782,28.669237",121.401782,28.669237,B0FFF9JTH9,121.39734365118221,28.672172313578155
B0FFHJTKTQ,沿海高速临海服务区东区,,330000,331082,浙江省,台州市,汽车服务;加油站;中国石化,010101,临海市,0576,中国石化沿海高速东区加油站,"121.576118,28.773020",121.576118,28.77302,B0FFKH9T8Z,121.57209497369574,28.776246161402288
B0FFHJTNOQ,沿海高速临海服务区西区,,330000,331082,浙江省,台州市,汽车服务;加油站;中国石化,010101,临海市,0576,中国石化沿海高速西区加油站,"121.574677,28.773372",121.574677,28.773372,B0FFLB9GU5,121.57065204484013,28.776596478377673
,325省道东100米,,330000,331003,浙江省,台州市,汽车服务;加油站;中国石油,010102,黄岩区,0576,中国石油台州市黄岩区火车站东加油站,"121.297159,28.683094",121.297159,28.683094,B0FFJ7BJCH,121.29288974184227,28.686168382239792
,汛桥镇汛东村104国道旁(汛桥派出所对面往东200米),,330000,331082,浙江省,台州市,汽车服务;加油站;加油站,010100,临海市,0576,中国海油协和石油加油站(临海站),"121.185574,28.792201",121.185574,28.792201,B02400TZE1,121.18127672093235,28.795175432573853
,小杜线与西大路交汇处西北行,,330000,331082,浙江省,台州市,汽车服务;加油站;中国石油,010102,临海市,0576,中国石油临海上盘加油站,"121.566799,28.756354",121.566799,28.756354,B0240045QR,121.56276314336166,28.75958071880639
,汛桥镇利丰村,,330000,331082,浙江省,台州市,汽车服务;加油站;中国石化,010101,临海市,0576,中国石化临海安达加油站,"121.184149,28.792400",121.184149,28.7924,B0240045QH,121.17984895688606,28.795371694366548
,白云街道解放南路69号,,330000,331002,浙江省,台州市,汽车服务;加油站;中国石化,010101,椒江区,0576,中国石化白云山加油站,"121.433780,28.663990",121.43378,28.66399,B0240045R9,121.4293681228166,28.66695046165458
,泗淋乡黄泗线泗淋中学斜对面,,330000,331022,浙江省,台州市,汽车服务;加油站;中国石化,010101,三门县,0576,中国石化泗淋加油站,"121.607098,28.858053",121.607098,28.858053,B0240045Q2,121.60308441816392,28.8612254419882
,市府大道1078号,,330000,331002,浙江省,台州市,汽车服务;加油站;加油站,010100,椒江区,0576,中化栅桥加油站,"121.396984,28.656537",121.396984,28.656537,B0FFIE49TA,121.39254729026212,28.65948026327225
,城东三峰路375号,,330000,331082,浙江省,台州市,汽车服务;加油站;中国石化,010101,临海市,0576,中国石化甬临加油站,"121.161046,28.870359",121.161046,28.870359,B0240045PV,121.15669411732988,28.873229572747416
,白云街道白云山中路250号,,330000,331002,浙江省,台州市,汽车服务;加油站;中国石化,010101,椒江区,0576,中国石化台中加油站,"121.423625,28.656923",121.423625,28.656923,B0240045RX,121.41919969548893,28.659875560540094
,228国道南侧,,330000,331082,浙江省,台州市,汽车服务;加油站;中国石油,010102,临海市,0576,中国石油台州中胜四份加油站,"121.546771,28.714696",121.546771,28.714696,B0K6KU32K4,121.54269454880279,28.717914592841414
,桃渚镇杨家村尖头后门,,330000,331082,浙江省,台州市,汽车服务;加油站;中国石化,010101,临海市,0576,中国石化临海顺风加油站,"121.612112,28.818238",121.612112,28.818238,B024006TSB,121.60809965897576,28.821437719815588
,临海大道大柏叶村668号,,330000,331082,浙江省,台州市,汽车服务;加油站;中国石化,010101,临海市,0576,中国石化水云塘加油站,"121.153098,28.848922",121.153098,28.848922,B0240045PT,121.14873275305253,28.851794627634824
,海门街道疏港大道433号,,330000,331002,浙江省,台州市,汽车服务;加油站;中国石化,010101,椒江区,0576,中国石化港龙加油站,"121.462942,28.660395",121.462942,28.660395,B0240045RS,121.45859707453945,28.663414764520752
,东方大道98号,,330000,331082,浙江省,台州市,汽车服务;加油站;中国石化,010101,临海市,0576,中国石化协作加油站,"121.151833,28.862395",121.151833,28.862395,B0240045PU,121.14746438306108,28.865255182342757
,北城马鞍山,,330000,331003,浙江省,台州市,汽车服务;加油站;中国石化,010101,黄岩区,0576,中国石化马鞍山加油站,"121.266624,28.674173",121.266624,28.674173,B024006MR9,121.2623970363225,28.677287121341774
,古城街道两水村,,330000,331082,浙江省,台州市,汽车服务;加油站;中国石化,010101,临海市,0576,中国石化二桥加油站,"121.150952,28.826637",121.150952,28.826637,B0240045QE,121.14658461128587,28.829522586138577
,横渡镇下罗路段六横线与亭流线三岔路口处横渡镇中心学校附近,,330000,331022,浙江省,台州市,汽车服务;加油站;加油站,010100,三门县,0576,横渡加油站,"121.530867,29.009065",121.530867,29.009065,B0FFLJCEVR,121.52672215028834,29.012024134554455
,江南街道三洞桥村,,330000,331082,浙江省,台州市,汽车服务;加油站;中国石化,010101,临海市,0576,中国石化江南加油站,"121.151798,28.811637",121.151798,28.811637,B02400TAEJ,121.14743331883611,28.814535062171753
,江南街道城南三洞桥,,330000,331082,浙江省,台州市,汽车服务;加油站;中国石化,010101,临海市,0576,中国石化城南加油站,"121.150724,28.811825",121.150724,28.811825,B024004XHR,121.14635736873565,28.814721077332916
,里浦镇黄金坦村224省道,,330000,331022,浙江省,台州市,汽车服务;加油站;中国石化,010101,三门县,0576,中国石化黄金坦加油站,"121.578139,28.973030",121.578139,28.97303,B02400SJQ5,121.57410325500172,28.976104952927674
,北城街道新宅村,,330000,331003,浙江省,台州市,汽车服务;加油站;中国石化,010101,黄岩区,0576,中国石化拱东加油站,"121.249063,28.680352",121.249063,28.680352,B0240045QX,121.24484345568439,28.683467854045873
,民辉村1号(公交综合场站内),,330000,331002,浙江省,台州市,汽车服务;加气站;加气站|汽车服务;加油站;加油站,010300|010100,椒江区,0576,浙江石油综合供能服务站,"121.473848,28.659728",121.473848,28.659728,B0FFJKFAW3,121.46953618315364,28.662776525235476
,古城街道东方大道71号,,330000,331082,浙江省,台州市,汽车服务;加油站;中国石化|公司企业;公司;公司,010101|170200,临海市,0576,中国石化勾山加油站,"121.142768,28.857189",121.142768,28.857189,B0FFGWIHTD,121.13838420503323,28.86003821274378
,柔极路169号,,330000,331003,浙江省,台州市,汽车服务;加油站;中国石化,010101,黄岩区,0576,中国石化黄岩东城加油站,"121.280930,28.658339",121.28093,28.658339,B0240045RP,121.27668870342606,28.66144974231491
,太和路,,330000,331002,浙江省,台州市,汽车服务;加油站;加油站,010100,椒江区,0576,浙江石油加油站,"121.461836,28.648392",121.461836,28.648392,B0G1B19WKE,121.45748887036866,28.651415870271737
,亭旁镇下路朱村,,330000,331022,浙江省,台州市,汽车服务;加油站;加油站,010100,三门县,0576,下路朱加油站,"121.360795,29.065916",121.360795,29.065916,B0FFGXO7OT,121.35636364051813,29.06858996422157
,海门街道枫南东路1289号,,330000,331002,浙江省,台州市,汽车服务;加油站;中国石油,010102,椒江区,0576,中国石油东龙加油站,"121.484178,28.655829",121.484178,28.655829,B0FFG6UWI6,121.47990052789117,28.658908944027377
,高枧乡214省道双娄村路段路东千禧幼儿园附近,,330000,331022,浙江省,台州市,汽车服务;加油站;中国石化,010101,三门县,0576,中国石化高枧加油站,"121.267889,29.044086",121.267889,29.044086,B0FFFRGANA,121.26363220998658,29.046924700846315
,疏港大道1688号(东海大道与交叉路口),,330000,331002,浙江省,台州市,汽车服务;加油站;加油站,010100,椒江区,0576,中国海油东海大道加油站,"121.455861,28.639746",121.455861,28.639746,B0IBGDC2S8,121.45149829890728,28.64276070479313
,104国道南50米,,330000,331082,浙江省,台州市,汽车服务;加油站;加油站,010100,临海市,0576,远洲江南加油站,"121.137201,28.814486",121.137201,28.814486,B0FFFRMF6Q,121.13281200934327,28.81735879839659
,珠岙镇桐岩李村,,330000,331022,浙江省,台州市,汽车服务;加油站;加油站,010100,三门县,0576,桐岩岭加油站,"121.244872,29.030189",121.244872,29.030189,B024004TKO,121.24062525492072,29.03304482151227
,黄岩北城街道拱新大道2-1号,,330000,331003,浙江省,台州市,汽车服务;加油站;中国石化,010101,黄岩区,0576,中国石化五里牌加油站,"121.246963,28.667377",121.246963,28.667377,B0I6LU3FMJ,121.24274453108934,28.670500383877553
,上盘镇甲石头村228国道旁,,330000,331082,浙江省,台州市,汽车服务;加油站;加油站,010100,临海市,0576,浙江石油甲石头综合供能服务加油站,"121.601638,28.733002",121.601638,28.733002,B0IDA71FO1,121.59763450773026,28.736265285049132
,九峰油库路33号,,330000,331003,浙江省,台州市,汽车服务;加油站;中国石化,010101,黄岩区,0576,中国石化九峰加油站,"121.281557,28.645406",121.281557,28.645406,B02400505T,121.27731585116639,28.648523330929326
,道西工业园区新前街朝元路7号,,330000,331003,浙江省,台州市,汽车服务;加油站;加油站,010100,黄岩区,0576,CIEC屿下石化加油站,"121.225086,28.670031",121.225086,28.670031,B02400THAJ,121.22085722831213,28.673141730053796
,古城街道后岭下,,330000,331082,浙江省,台州市,汽车服务;加油站;中国石化,010101,临海市,0576,中国石化后山加油站,"121.118719,28.856031",121.118719,28.856031,B0240045PO,121.11430560013153,28.85885163134558
,江南街道白岩山前村,,330000,331082,浙江省,台州市,汽车服务;加油站;中国石化,010101,临海市,0576,中国石化小溪加油站,"121.125730,28.792122",121.12573,28.792122,B024004XH0,121.12132818751438,28.79499651165636
,黄长路165号,,330000,331003,浙江省,台州市,汽车服务;加油站;中国石化,010101,黄岩区,0576,中国石化黄岩西门加油站,"121.250007,28.645429",121.250007,28.645429,B0240045RF,121.24579005450364,28.64856501960992
,健浬线,,330000,331022,浙江省,台州市,汽车服务;加油站;加油站,010100,三门县,0576,浬浦加油点,"121.612322,28.968302",121.612322,28.968302,B0K347YO5Y,121.60829814902237,28.971384709365452
,新前新屿路24号,,330000,331003,浙江省,台州市,汽车服务;加油站;加油站,010100,黄岩区,0576,范丰石油加油站,"121.216843,28.656311",121.216843,28.656311,B0FFGWH6NP,121.21260667718462,28.659421172322574
,上盘镇头门港新区北洋七路,,330000,331082,浙江省,台州市,汽车服务;加油站;中国石油,010102,临海市,0576,中国石油临海市东城加油站,"121.640287,28.752707",121.640287,28.752707,B0GD5H1P7I,121.63625097678283,28.755921953312924
,括苍大道667号七里村,,330000,331082,浙江省,台州市,汽车服务;加油站;中国石油,010102,临海市,0576,中国石油临海东海加油站,"121.105142,28.859864",121.105142,28.859864,B024006XLL,121.1007216548987,28.86267394859595
,新前街道新江路573号,,330000,331003,浙江省,台州市,汽车服务;加油站;加油站,010100,黄岩区,0576,浙江石油黄岩模具小镇加油站,"121.204984,28.669326",121.204984,28.669326,B0KK9CS7TX,121.20073037827339,28.672412956118063
,浦坝港镇罗石村省道岭三线,,330000,331022,浙江省,台州市,汽车服务;加油站;中国石化,010101,三门县,0576,中国石化沿赤加油站,"121.655305,28.935332",121.655305,28.935332,B0FFHOJCEE,121.6512302196512,28.938385087719354
,健跳镇大塘村锁门,,330000,331022,浙江省,台州市,汽车服务;加油站;中国石化,010101,三门县,0576,中国石化三门港南加油站,"121.608767,29.016170",121.608767,29.01617,B0240045P3,121.60474091287173,29.01921574567753
,古城街道许墅村,,330000,331082,浙江省,台州市,汽车服务;加油站;中国石化,010101,临海市,0576,中国石化许墅加油站,"121.090523,28.875348",121.090523,28.875348,B02400TVCF,121.08610412567505,28.8781463515714
,西洋常台高速公路洪畴镇中心小学西北,,330000,331023,浙江省,台州市,汽车服务;加油站;加油站,010100,天台县,0576,东南石油加油站,"121.203765,29.058325",121.203765,29.058325,B0H3RRJ4FP,121.19947914060026,29.061121152636684
,头陀镇魏家村,,330000,331003,浙江省,台州市,汽车服务;加油站;中国石化,010101,黄岩区,0576,中国石化拱复加油站,"121.184039,28.651408",121.184039,28.651408,B0FFGWIHTW,121.17974972702159,28.654470077104232
,健跳镇凤凰山居131号,,330000,331022,浙江省,台州市,汽车服务;加油站;加油站,010100,三门县,0576,浙江石油三门凰山加油站,"121.573769,29.058248",121.573769,29.058248,B0KU55O3D5,121.56972107870432,29.061249391200015
,永丰镇留贤村,,330000,331082,浙江省,台州市,汽车服务;加油站;中国石化,010101,临海市,0576,中国石化联合加油站,"121.075601,28.887646",121.075601,28.887646,B0FFGWIHVH,121.07119509969743,28.89044494843565
,永丰镇322省道与104国道交叉口,,330000,331082,浙江省,台州市,汽车服务;加油站;中国石化,010101,临海市,0576,中国石化石鼓加油站,"121.067233,28.887920",121.067233,28.88792,B024004VC5,121.06283983616058,28.890728761849168
,河头镇姜村,,330000,331082,浙江省,台州市,汽车服务;加油站;加油站,010100,临海市,0576,大石加油站(人民路站),"121.106809,28.993451",121.106809,28.993451,B024004TTY,121.10237839476581,28.996155480090174
,健跳镇琴江路41号,,330000,331022,浙江省,台州市,汽车服务;加油站;中国石化,010101,三门县,0576,中国石化健跳加油站,"121.626663,29.047311",121.626663,29.047311,B0240045P4,121.62262196957994,29.050316766874833
,河头镇小石岭村,,330000,331082,浙江省,台州市,汽车服务;加油站;中国石化,010101,临海市,0576,中国石化小石岭加油站,"121.080048,28.972744",121.080048,28.972744,B0240045P7,121.0756299966404,28.975471087022868
,永丰镇104国道复线沿岸村,,330000,331082,浙江省,台州市,汽车服务;加油站;中国石油,010102,临海市,0576,中国石油临海沿溪加油站,"121.068604,28.968694",121.068604,28.968694,B024004TTE,121.06420211136808,28.97143660907949
B024005IO2,台金高速临海服务区南侧,,330000,331082,浙江省,台州市,汽车服务;加油站;中国石化,010101,临海市,0576,中国石化临海服务区张家渡南区加油站,"120.989622,28.870063",120.989622,28.870063,B024004Q6W,120.98546554597691,28.873081920144653
B024005IO1,括苍镇陈岙村张家渡服务区,,330000,331082,浙江省,台州市,汽车服务;加油站;中国石化,010101,临海市,0576,中国石化张家渡北加油站,"120.984282,28.870759",120.984282,28.870759,B024004Q6S,120.98014426557405,28.873793214680195
,括苍镇小海门村,,330000,331082,浙江省,台州市,汽车服务;加油站;中国石化,010101,临海市,0576,中国石化小海门加油站,"120.977658,28.874215",120.977658,28.874215,B0240045PM,120.97354267675468,28.87726566179766
,塘头朱村,,330000,331082,浙江省,台州市,汽车服务;加油站;中国石油,010102,临海市,0576,中国石油临海西城加油站,"120.949096,28.883385",120.949096,28.883385,B0FFHCX63N,120.94506424467238,28.886499254591932
,白水洋镇临仙路1号,,330000,331082,浙江省,台州市,汽车服务;加油站;中国石油,010102,临海市,0576,中国石油临海金洲加油站,"120.910831,28.890636",120.910831,28.890636,B02400T5C4,120.90685746602374,28.89379225851882
B024005K6R,沈海高速台州服务区东侧,,330000,331082,浙江省,台州市,汽车服务;加油站;中国石化,010101,临海市,0576,中国石化甬台温高速台州上(东)加油站(暂停营业),"121.227600,28.879364",121.2276,28.879364,B024005HFM,121.2233571417285,28.88233211026301
,福应街道,,330000,331024,浙江省,台州市,汽车服务;加油站;加油站,010100,仙居县,0576,大路站加油站,"120.832536,28.888564",120.832536,28.888564,B0GUTYIG1A,120.82847815455303,28.891642047975658
,下各镇镇西南路166号,,330000,331024,浙江省,台州市,汽车服务;加油站;加油站,010100,仙居县,0576,浙江石油仙居下各南加油站,"120.843593,28.851611",120.843593,28.851611,B0ID2DKUNK,120.83956054484565,28.85473785563482
,管铁线附近,,330000,331024,浙江省,台州市,汽车服务;加油站;加油站,010100,仙居县,0576,美顺达双庙加油站,"120.842599,28.796789",120.842599,28.796789,B0FFIHRZ0Q,120.83856869470574,28.799954515638113
B0IAPUQE89,尤溪镇下双线临海下涨生态休闲旅游景区内(东侧),,330000,331082,浙江省,台州市,汽车服务;充电站;充电站,011100,临海市,0576,特来电汽车充电站(特来电临海市尤溪镇下涨村停车场),"121.035416,28.702124",121.035416,28.702124,B0JUKHR03I,121.0311146417041,28.70512823676723
B0IKNC6KMW,枕山酒店(柔川店)地面停车点,,330000,331003,浙江省,台州市,汽车服务;充电站;充电站,011100,黄岩区,0576,特来电汽车充电站(台州黄岩柔川景区充电站),"121.006874,28.641280",121.006874,28.64128,B0HRY1GA7U,121.00267326521787,28.644400624249453
,尤溪镇临海山居生活度假民宿,,330000,331082,浙江省,台州市,汽车服务;充电站;充电站,011100,临海市,0576,特来电目的地充电站(特来电台州临海市尤溪镇竹家山民宿充电站),"121.067210,28.718578",121.06721,28.718578,B0JU96OLJI,121.06283022385746,28.721508369829298
,朱溪镇管铁线朱溪镇人民政府,,330000,331024,浙江省,台州市,汽车服务;充电站;充电站,011100,仙居县,0576,特来电汽车充电站(台州仙居朱溪镇交水集团充电站),"120.838410,28.724806",120.83841,28.724806,B0K657D8XJ,120.83437664312558,28.72801304203949
,尤溪镇指岩村江南大峡谷(公交车站牌对面),,330000,331082,浙江省,台州市,汽车服务;充电站;充电站,011100,临海市,0576,特来电目的地充电站(特来电临海市尤溪镇指岩村充电站),"121.094460,28.740726",121.09446,28.740726,B0LRX5YV65,121.09004999841714,28.743620717512062
,尤溪镇法治广场,,330000,331082,浙江省,台州市,汽车服务;充电站;充电站,011100,临海市,0576,特来电汽车快充充电站(特来电台州临海尤溪镇法治广场充电站),"121.100920,28.735838",121.10092,28.735838,B0JUFCSU26,121.09650915811184,28.738735792658538
,尤溪镇花联村义城路146号,,330000,331082,浙江省,台州市,汽车服务;汽车配件销售;汽车配件销售,010800,临海市,0576,中策全诺轮胎形象店威哥轮胎,"121.102293,28.737661",121.102293,28.737661,B0FFLIWVBE,121.09788202006098,28.740557789773895
,头陀镇魏家村,,330000,331003,浙江省,台州市,汽车服务;加油站;中国石化,010101,黄岩区,0576,中国石化拱复加油站,"121.184039,28.651408",121.184039,28.651408,B0FFGWIHTW,121.17974972702159,28.654470077104232
,新前街道乐华路黄岩智能模具小镇科技创新中心(装修中),,330000,331003,浙江省,台州市,汽车服务;充电站;充电站,011100,黄岩区,0576,特来电汽车充电站(台州黄岩模具小镇科技创新中心充电场站项目),"121.201195,28.661596",121.201195,28.661596,B0KAK7X0A8,121.19693593856326,28.664681678489103
,新前街道新江路573号,,330000,331003,浙江省,台州市,汽车服务;加油站;加油站,010100,黄岩区,0576,浙江石油黄岩模具小镇加油站,"121.204984,28.669326",121.204984,28.669326,B0KK9CS7TX,121.20073037827339,28.672412956118063
,新前街道模创路98号,,330000,331003,浙江省,台州市,汽车服务;汽车配件销售;汽车配件销售,010800,黄岩区,0576,浙江澳日汽配有限公司,"121.205252,28.667495",121.205252,28.667495,B0KRLH58H9,121.2009989332243,28.670583420634873
B0FFLCOMYU,新江路模具小镇主题公园地面停车场,,330000,331003,浙江省,台州市,汽车服务;充电站;充电站,011100,黄岩区,0576,特来电汽车充电站(台州黄岩模具小镇充电站),"121.204052,28.658132",121.204052,28.658132,B0H66ZB1YI,121.19979779328615,28.661224042563322
B0FFLCOMYU,新江路427号,,330000,331003,浙江省,台州市,汽车服务;充电站;充电站,011100,黄岩区,0576,汽车充电站(橘氪充模具小镇文化广场停车场),"121.204108,28.655737",121.204108,28.655737,B0KAVCEOEU,121.19985406651087,28.658830491938858
,锦川路与新江路交叉口东180米,,330000,331003,浙江省,台州市,汽车服务;汽车养护/装饰;汽车养护,010400,黄岩区,0576,阳光洗车美容装饰,"121.206330,28.663000",121.20633,28.663,B0HK1Z6RBD,121.20207892373156,28.666092600951902
,新前街道新城路235号,,330000,331003,浙江省,台州市,汽车服务;汽车服务相关;汽车服务相关,010000,黄岩区,0576,黄岩凯岛起重门市部,"121.205338,28.653806",121.205338,28.653806,B0J2AZ6NTZ,121.20108612485693,28.65690241311961
,新前街道西范街413号,,330000,331003,浙江省,台州市,汽车服务;汽车养护/装饰;汽车养护,010400,黄岩区,0576,靓点汽车美容中心(新城路店),"121.208675,28.654121",121.208675,28.654121,B0GKTHOIOB,121.20442807298157,28.657222001701015
,新前街道西范街423号,,330000,331003,浙江省,台州市,汽车服务;汽车服务相关;汽车服务相关,010000,黄岩区,0576,车帝,"121.209545,28.654272",121.209545,28.654272,B0JD15WGV4,121.20529930598215,28.657374112531794
,新前街道开明路17号对面,,330000,331003,浙江省,台州市,汽车服务;汽车服务相关;汽车服务相关,010000,黄岩区,0576,上海王隆润滑油批发零售,"121.209262,28.652076",121.209262,28.652076,B0LGY73FAG,121.20501607331978,28.65517896739376
,新前街道西范村新前路160号,,330000,331003,浙江省,台州市,汽车服务;汽车服务相关;汽车服务相关,010000,黄岩区,0576,洛盾养车(黄岩区店),"121.212230,28.657808",121.21223,28.657808,B0KKNA4BV2,121.20798773225535,28.66091166568909
,新前街道新前路118号,,330000,331003,浙江省,台州市,汽车服务;汽车服务相关;汽车服务相关,010000,黄岩区,0576,车速汽车服务,"121.212806,28.657904",121.212806,28.657904,B0H0BZYSNP,121.2085644898387,28.661008349973624
,新前路与新中路交叉口西100米,,330000,331003,浙江省,台州市,汽车服务;汽车服务相关;汽车服务相关,010000,黄岩区,0576,车酷汽车(新前路店),"121.212806,28.657904",121.212806,28.657904,B0L6SZ36QC,121.2085644898387,28.661008349973624
,怡君家园西门西北60米,,330000,331003,浙江省,台州市,汽车服务;汽车配件销售;汽车配件销售,010800,黄岩区,0576,朝阳轮胎(新中路店),"121.213725,28.658925",121.213725,28.658925,B0LGP1QUGI,121.20948460994893,28.66202992599163
,七里王村84号绿谷超市往西第二幢,,330000,331003,浙江省,台州市,汽车服务;汽车服务相关;汽车服务相关,010000,黄岩区,0576,焕然一新汽车美容,"121.211494,28.651919",121.211494,28.651919,B0FFJH5IIQ,121.20725119503938,28.655025050396517
,开明路与西范街交叉口西南20米,,330000,331003,浙江省,台州市,汽车服务;汽车配件销售;汽车配件销售,010800,黄岩区,0576,路航轮胎,"121.211514,28.651888",121.211514,28.651888,B0LGV1TOCO,121.20727122462183,28.65499409410382
,西范街与325省道交叉口北100米,,330000,331003,浙江省,台州市,汽车服务;二手车交易;二手车交易,011000,黄岩区,0576,二手车买卖,"121.211990,28.650677",121.21199,28.650677,B0LR3CDJY6,121.20774796163528,28.653784397035633
,新建村,,330000,331003,浙江省,台州市,汽车服务;汽车养护/装饰;汽车养护,010400,黄岩区,0576,都市车影(8号店),"121.216447,28.663298",121.216447,28.663298,B0HUBSCLFM,121.21220966420653,28.66640370356036
,新建村爱家手套厂门口,,330000,331003,浙江省,台州市,购物服务;专卖店;烟酒专卖店|汽车服务;汽车养护/装饰;汽车养护,061210|010400,黄岩区,0576,志伟汽车用品,"121.216494,28.664264",121.216494,28.664264,B0FFHNGGM5,121.21225664600237,28.667369199732555
,北院大道与锦川路交叉口北80米,,330000,331003,浙江省,台州市,汽车服务;汽车配件销售;汽车配件销售,010800,黄岩区,0576,林志轮胎店,"121.216965,28.663432",121.216965,28.663432,B02400UUIM,121.21272827178721,28.66653822802943
,新前新屿路24号,,330000,331003,浙江省,台州市,汽车服务;加油站;加油站,010100,黄岩区,0576,范丰石油加油站,"121.216843,28.656311",121.216843,28.656311,B0FFGWH6NP,121.21260667718462,28.659421172322574
,北院大道55号,,330000,331003,浙江省,台州市,汽车服务;充电站;充电站,011100,黄岩区,0576,汽车充电站(橘氪充新前站),"121.216437,28.658400",121.216437,28.6584,B0L2ZZ2RWW,121.21220003061295,28.661508507674817
,新建村太空实业对面,,330000,331003,浙江省,台州市,汽车服务;汽车配件销售;汽车配件销售,010800,黄岩区,0576,威狮轮胎(北院大道店),"121.217081,28.665345",121.217081,28.665345,B0FFL4NLVJ,121.21284426112817,28.668450253759655
,北院大道154号,,330000,331003,浙江省,台州市,汽车服务;汽车服务相关;汽车服务相关,010000,黄岩区,0576,鸿浩汽车租赁,"121.216420,28.659020",121.21642,28.65902,B0L6DZ66RF,121.21218296227842,28.6621281329578
,新前街道新南路二号,,330000,331003,浙江省,台州市,汽车服务;汽车配件销售;汽车配件销售,010800,黄岩区,0576,池哈哈车灯,"121.215775,28.656532",121.215775,28.656532,B0KG3RSAJ9,121.21153737203369,28.659640792802975
,北院大道塔山村47-59号米其林轮胎店,,330000,331003,浙江省,台州市,汽车服务;汽车养护/装饰;汽车养护,010400,黄岩区,0576,米胖子美车坊,"121.216991,28.659438",121.216991,28.659438,B0FFKWK61Q,121.21275461113001,28.662546556983884
,北院大道与康庄路交叉口北60米,,330000,331003,浙江省,台州市,汽车服务;汽车配件销售;汽车配件销售,010800,黄岩区,0576,陈鸿轮胎店,"121.217966,28.666711",121.217966,28.666711,B0FFH6IGFC,121.21373018698719,28.66981646645826
,河滨东街与北院大道交叉口西北80米,,330000,331003,浙江省,台州市,汽车服务;汽车服务相关;汽车服务相关,010000,黄岩区,0576,顶立一站式汽车服务,"121.215813,28.655144",121.215813,28.655144,B0JBOZOPN3,121.21157552574084,28.6582536274681
,新前街道新建村,,330000,331003,浙江省,台州市,汽车服务;汽车配件销售;汽车配件销售,010800,黄岩区,0576,小滕轮胎店,"121.218324,28.671707",121.218324,28.671707,B0LGJUK05B,121.21408821063063,28.67480994439721
,新中路与北院大道交叉口西40米,,330000,331003,浙江省,台州市,汽车服务;汽车配件销售;汽车配件销售,010800,黄岩区,0576,韩泰轮胎(新中路店),"121.216191,28.651924",121.216191,28.651924,B0FFICV6KJ,121.21195423420717,28.655035897039596
,新前北院大道本州西大门往北50米,,330000,331003,浙江省,台州市,汽车服务;汽车配件销售;汽车配件销售,010800,黄岩区,0576,朝阳轮胎,"121.216844,28.652691",121.216844,28.652691,B0FFLFL8RS,121.21260795797875,28.655803226568917
,北院大道40号,,330000,331003,浙江省,台州市,汽车服务;汽车配件销售;汽车配件销售,010800,黄岩区,0576,汽车电瓶电器,"121.219073,28.667940",121.219073,28.66794,B0KDODTL9G,121.2148383445455,28.671045975646415
,新中路与北院大道交叉口西20米,,330000,331003,浙江省,台州市,汽车服务;汽车配件销售;汽车配件销售,010800,黄岩区,0576,台州市黄岩徐辉轮胎店,"121.216260,28.651966",121.21626,28.651966,B0FFICVDS8,121.21202331437156,28.6550779545192
,新前街道牟村村829号,,330000,331003,浙江省,台州市,汽车服务;汽车服务相关;汽车服务相关,010000,黄岩区,0576,宝汇汽车服务中心,"121.217579,28.653906",121.217579,28.653906,B0J0HMEZR1,121.2133437283867,28.65701838216767
,新前北院大道本州西大门往北50米,,330000,331003,浙江省,台州市,汽车服务;汽车养护/装饰;汽车养护,010400,黄岩区,0576,亿车邦汽车养护中心.轮胎.保养.维修,"121.216780,28.652638",121.21678,28.652638,B0K65SJR8A,121.21254388595881,28.655750182343226
,北院大道与新中路交叉口西南80米,,330000,331003,浙江省,台州市,汽车服务;汽车养护/装饰;汽车养护,010400,黄岩区,0576,顺风车饰(北院大道店),"121.216368,28.651452",121.216368,28.651452,B0FFICVCFQ,121.21213148430596,28.654564371033715
,新前街道七里村990号,,330000,331003,浙江省,台州市,汽车服务;汽车配件销售;汽车配件销售,010800,黄岩区,0576,台州市黄岩阿峰轮胎店(玛吉斯轮胎),"121.216424,28.651377",121.216424,28.651377,B0KG2RULCF,121.2121875574748,28.654489478877053
,北院大道与新中路交叉口南80米,,330000,331003,浙江省,台州市,汽车服务;汽车配件销售;汽车配件销售,010800,黄岩区,0576,玛吉斯轮胎店,"121.216446,28.651269",121.216446,28.651269,B0LGZMVIDS,121.2122095922568,28.65438156545016
,康庄路与广顺街交叉口东南20米,,330000,331003,浙江省,台州市,汽车服务;汽车服务相关;汽车服务相关,010000,黄岩区,0576,盛兴配件,"121.219375,28.665325",121.219375,28.665325,B0KRNRHQ6Z,121.21514088090237,28.66843282495551
,新前街道北院大道65号,,330000,331003,浙江省,台州市,汽车服务;汽车服务相关;汽车服务相关,010000,黄岩区,0576,福胜石墨,"121.217250,28.653647",121.21725,28.653647,B0LR9MPZ8F,121.21301436378687,28.65675915355023
,拱新大道与长决线交叉口北220米,,330000,331003,浙江省,台州市,汽车服务;洗车场;洗车场,010500,黄岩区,0576,屿下村自助洗车站,"121.219139,28.674429",121.219139,28.674429,B0JRCYAIDJ,121.21490391653037,28.677531236421018
,新城路与北院大道交叉口东120米,,330000,331003,浙江省,台州市,汽车服务;汽车养护/装饰;汽车养护,010400,黄岩区,0576,领航车养护(新城路店),"121.217915,28.653886",121.217915,28.653886,B0LRT1AUMP,121.21368011893085,28.65699877336899
,北院大道与拱新大道交叉口西南60米,,330000,331003,浙江省,台州市,汽车服务;汽车养护/装饰;汽车养护,010400,黄岩区,0576,飞歌汽车美容装潢,"121.221198,28.670512",121.221198,28.670512,B0G1ZR7CEW,121.21696543067083,28.673618716185544
,新前街道七里村公交站,,330000,331003,浙江省,台州市,汽车服务;洗车场;洗车场,010500,黄岩区,0576,七里洗车场,"121.216879,28.647841",121.216879,28.647841,B0H3J76LY9,121.21264337409696,28.65095599249411
,世纪大道111-10号,,330000,331003,浙江省,台州市,汽车服务;汽车配件销售;汽车配件销售,010800,黄岩区,0576,淼君轮胎店,"121.216946,28.648858",121.216946,28.648858,B0LURZ449Z,121.21271037501515,28.651972500846295
,新前街道塔山村155号,,330000,331003,浙江省,台州市,汽车服务;汽车服务相关;汽车服务相关,010000,黄岩区,0576,云静汽车美容中心,"121.222421,28.662412",121.222421,28.662412,B0FFIYRRMG,121.21819029841426,28.66552465472117
,康强路167号屿下物流中心,,330000,331003,浙江省,台州市,汽车服务;汽车配件销售;汽车配件销售,010800,黄岩区,0576,叶红轮胎经营部,"121.221704,28.674428",121.221704,28.674428,B0FFL9J5MZ,121.21747164867524,28.677532923752025
,辉达模具西南门旁,,330000,331003,浙江省,台州市,汽车服务;汽车配件销售;汽车配件销售,010800,黄岩区,0576,倍耐力轮胎(康强路店),"121.221809,28.674251",121.221809,28.674251,B0FFMBCGFV,121.21757676920807,28.677356133897838
,灵岩路与朝元路交叉口西140米,,330000,331003,浙江省,台州市,汽车服务;汽车服务相关;汽车服务相关,010000,黄岩区,0576,升龙北京高速精雕,"121.222525,28.663825",121.222525,28.663825,B0LGD7J4HN,121.21829429245956,28.66693694062378
,道西工业园区新前街朝元路7号,,330000,331003,浙江省,台州市,汽车服务;加油站;加油站,010100,黄岩区,0576,CIEC屿下石化加油站,"121.225086,28.670031",121.225086,28.670031,B02400THAJ,121.22085722831213,28.673141730053796
B0IGDU8XW3,新前街道世纪大道378号(天佑城B1层A2电梯口),,330000,331003,浙江省,台州市,汽车服务;汽车养护/装饰;汽车养护|汽车服务;洗车场;洗车场|汽车维修;汽车维修;汽车维修,010400|010500|030000,黄岩区,0576,车元素(台州天佑城店),"121.221933,28.648377",121.221933,28.648377,B0JD77AE16,121.21770289262591,28.651497146075172
,兆丰路62号南门办公室6楼,,330000,331003,浙江省,台州市,公司企业;公司;公司|汽车服务;汽车养护/装饰;汽车养护,170200|010400,黄岩区,0576,台州市昱鹏工贸有限公司,"121.224439,28.658255",121.224439,28.658255,B0FFL027OC,121.22021055010646,28.661371960290396
,忠大忠亿塑模科技公司西门旁,,330000,331003,浙江省,台州市,汽车服务;汽车服务相关;汽车服务相关,010000,黄岩区,0576,驰宏油缸,"121.225097,28.668646",121.225097,28.668646,B0HKUSUA6C,121.22086834509322,28.67175755030028
B02400THAJ,道西工业园区新前街朝元路7号CIEC屿下石化加油站,,330000,331003,浙江省,台州市,汽车服务;洗车场;洗车场,010500,黄岩区,0576,车嘻洗,"121.225025,28.670075",121.225025,28.670075,B0LURS02TW,121.22079617021112,28.67318564956434
,新前街道绿城宁江明月,,330000,331003,浙江省,台州市,汽车服务;充电站;充电站,011100,黄岩区,0576,超翔汽车充电站(新前街道绿城宁江明月),"121.220640,28.645450",121.22064,28.64545,B0JKY4VON3,121.21640878120198,28.6485704597844
,锦川路9号,,330000,331003,浙江省,台州市,汽车服务;汽车服务相关;汽车服务相关,010000,黄岩区,0576,润倍润滑油,"121.226068,28.662393",121.226068,28.662393,B0JKXRR9AY,121.22184067934596,28.665509034085044
,拱新大道与朝元路交叉口东南160米,,330000,331003,浙江省,台州市,汽车服务;汽车养护/装饰;汽车养护,010400,黄岩区,0576,尚洁汽车美容社,"121.226525,28.668539",121.226525,28.668539,B0KAHZ12R0,121.2222975934482,28.671651857248794
B0J6ZUMNUE,新前街道luckin coffee瑞幸咖啡(台州黄岩天佑城店)台州天佑城,,330000,331003,浙江省,台州市,汽车服务;充电站;充电站,011100,黄岩区,0576,新电途汽车充电站(台州天佑城停车场充电站),"121.223727,28.648258",121.223727,28.648258,B0KK6NFL27,121.21949865744885,28.651379953280884
,亿锦模具西北门旁,,330000,331003,浙江省,台州市,汽车服务;汽车服务相关;汽车服务相关,010000,黄岩区,0576,志安车灯模具,"121.226125,28.671025",121.226125,28.671025,B0L191HXRY,121.22189706191044,28.67413605966682
,新前街道绿城宁江明月望峰苑西门街边偏北停车位,,330000,331003,浙江省,台州市,汽车服务;充电站;充电站,011100,黄岩区,0576,国家电网汽车充电站(浙江省台州市黄岩区宁江明月望峰苑交流充电站),"121.221340,28.642912",121.22134,28.642912,B0LGBKW1OG,121.21710970844907,28.646034587553885
,新前牟村478号,,330000,331003,浙江省,台州市,汽车服务;汽车养护/装饰;汽车养护,010400,黄岩区,0576,KICKS劲氪膜垫工场(新前店),"121.225251,28.653685",121.225251,28.653685,B0LRSD4NI2,121.22102363725001,28.656805294360474
,新前街道世纪大道378号(天佑城b1层A2电梯口),,330000,331003,浙江省,台州市,汽车服务;汽车养护/装饰;汽车养护,010400,黄岩区,0576,百援精养(台州车元素店),"121.223820,28.648370",121.22382,28.64837,B0LRX93C02,121.21959173661251,28.65149197797559
,牟村村116号,,330000,331003,浙江省,台州市,汽车服务;洗车场;洗车场,010500,黄岩区,0576,美车仕极速洗车,"121.227135,28.653825",121.227135,28.653825,B0FFI6HUJM,121.2229092351511,28.656946832604135
,塔水桥2区,,330000,331003,浙江省,台州市,汽车服务;汽车配件销售;汽车配件销售,010800,黄岩区,0576,小鲜汽配,"121.228075,28.667892",121.228075,28.667892,B0JA9RJZC7,121.22384890187774,28.671006507375676
,康强路16-6号,,330000,331003,浙江省,台州市,汽车服务;汽车服务相关;汽车服务相关,010000,黄岩区,0576,蓝邦科技便民自助洗车(台州黄岩康强路店),"121.228979,28.670977",121.228979,28.670977,B0K35HDSQ3,121.22475335514531,28.674090405893818
B0FFF9ST7C,北城街道拱新大道684号,,330000,331003,浙江省,台州市,汽车服务;汽车服务相关;汽车服务相关,010000,黄岩区,0576,玖九模具设计,"121.228046,28.667708",121.228046,28.667708,B0L2CMGU02,121.22381989337813,28.670822591649294
B0LRC4EN55,北院大道绿城宁江明月小区地面停车场,,330000,331003,浙江省,台州市,汽车服务;充电站;充电站,011100,黄岩区,0576,国家电网汽车充电站(浙江省台州市黄岩绿城宁江明月充电站),"121.222281,28.640549",121.222281,28.640549,B0FFIN9N2H,121.21805184633514,28.64367383448622
,浙江黄岩纪元模具有限公司西南门旁,,330000,331003,浙江省,台州市,汽车服务;汽车配件销售;汽车配件销售,010800,黄岩区,0576,矗鑫车灯,"121.226839,28.678934",121.226839,28.678934,B0H2H1KP4S,121.22261105323868,28.682040984963766
,北城工业区塔水桥,,330000,331003,浙江省,台州市,汽车服务;汽车养护/装饰;汽车养护|生活服务;生活服务场所;生活服务场所,010400|070000,黄岩区,0576,华盛测绘造型,"121.228922,28.667411",121.228922,28.667411,B0FFLGQCDF,121.22469658771054,28.670526448282803
,新前街道牟村村113号,,330000,331003,浙江省,台州市,汽车服务;汽车养护/装饰;汽车养护,010400,黄岩区,0576,焕鑫汽修,"121.227710,28.653683",121.22771,28.653683,B0GUSHLKXZ,121.22348471023481,28.6568053826534
,罗汇黄小徽园区锦川路,,330000,331003,浙江省,台州市,汽车服务;汽车服务相关;汽车服务相关,010000,黄岩区,0576,绵川路台湾精飞,"121.229105,28.662360",121.229105,28.66236,B0KGRCO0MQ,121.22488011399186,28.66547851618931
,新前街道绿城·宁江明月,,330000,331003,浙江省,台州市,汽车服务;充电站;充电站,011100,黄岩区,0576,小桔充电汽车充电站(中国石油黄岩绿城停车场充电站),"121.221514,28.639424",121.221514,28.639424,B0LU4YL3LT,121.2172841566666,28.64254868490492
,朝元路城新广场3号写字楼14层,,330000,331003,浙江省,台州市,汽车服务;汽车服务相关;汽车服务相关,010000,黄岩区,0576,台州卡博汽配,"121.225665,28.649294",121.225665,28.649294,B0J1JHRGSL,121.22143834101216,28.65241713422589
,"新前街道世纪大道288号喜来登酒店地下停车场/入口世纪大道,同酒店入口",,330000,331003,浙江省,台州市,汽车服务;充电站;专用充电站,011103,黄岩区,0576,特斯拉超级充电站(台州喜来登酒店),"121.226710,28.648530",121.22671,28.64853,B0J2474AGE,121.22248429247269,28.6516544597072
,宁江明月东侧地面停车场,,330000,331003,浙江省,台州市,汽车服务;充电站;充电站,011100,黄岩区,0576,特来电汽车充电站(台州黄岩宁江明月充电场站项目),"121.222084,28.639886",121.222084,28.639886,B0H6Y5A3FK,121.21785470007572,28.64301100348273
B0FFG0VNJC,广兴路与庆丰大道路口地面停车场,,330000,331003,浙江省,台州市,汽车服务;充电站;充电站,011100,黄岩区,0576,特来电汽车充电站(台州黄岩太极龙充电站),"121.230923,28.668679",121.230923,28.668679,B0H615PZ62,121.22669891150093,28.671795169323854
,拱新大道与庆丰大道交叉口西南60米,,330000,331003,浙江省,台州市,汽车服务;汽车服务相关;汽车服务相关,010000,黄岩区,0576,国华汽车服务部,"121.230212,28.667400",121.230212,28.6674,B0FFJ2V81A,121.22598752301656,28.670516412648624
,北城街道塔水桥村拱新大道和庆丰大道交叉口红绿灯边上附近补胎换胎轮胎批发洗车汽车美容汽车保养汽车装潢汽车正规销户,,330000,331003,浙江省,台州市,汽车服务;汽车配件销售;汽车配件销售,010800,黄岩区,0576,建大轮胎(后庄专卖店),"121.230378,28.667284",121.230378,28.667284,B0GRYASFI0,121.2261536474903,28.670400599290456
,庆丰大道1号地面停车场,,330000,331003,浙江省,台州市,汽车服务;充电站;充电站,011100,黄岩区,0576,特来电汽车充电站(台州黄岩庆丰大道北2号充电站),"121.230263,28.674311",121.230263,28.674311,B0K62XI847,121.22603802525279,28.677423393025634
,新前街道绿城·宁江明月,,330000,331003,浙江省,台州市,汽车服务;充电站;充电站,011100,黄岩区,0576,特来电汽车充电站(台州黄岩宁江明月2号充电站),"121.222490,28.640497",121.22249,28.640497,B0KDM77RPG,121.21826105824837,28.643622068889947
,世纪大道288号地面停车场01、02充电车位,,330000,331003,浙江省,台州市,汽车服务;充电站;充电站,011100,黄岩区,0576,保时捷汽车充电站(台州喜来登酒店保时捷Turbo超充站),"121.226770,28.648018",121.22677,28.648018,B0JK56CFXC,121.22254438195692,28.651142796570852
,庆丰大道与拱新大道交叉口西南40米,,330000,331003,浙江省,台州市,汽车服务;汽车配件销售;汽车配件销售,010800,黄岩区,0576,路极轮胎,"121.230425,28.667325",121.230425,28.667325,B0LBLLPD0K,121.22620067683805,28.670441608929504
,地面停车场,,330000,331003,浙江省,台州市,汽车服务;充电站;充电站,011100,黄岩区,0576,汽车充电站(橘氪充庆丰大道停车场站),"121.231001,28.668296",121.231001,28.668296,B0KAYH039V,121.22677699329007,28.671412447142806
,庆丰大道1号,,330000,331003,浙江省,台州市,汽车服务;充电站;充电站,011100,黄岩区,0576,特来电汽车充电站(台州黄岩庆丰大道北充电站),"121.230263,28.674311",121.230263,28.674311,B0H665BA16,121.22603802525279,28.677423393025634
B0KGD7O44A,黄岩中医院新院区地下停车场,,330000,331003,浙江省,台州市,汽车服务;充电站;充电站,011100,黄岩区,0576,特来电目的地充电站(台州黄岩中医院新院区地下室停车场充电站),"121.228836,28.650780",121.228836,28.65078,B0KB6UAR2F,121.22461180624269,28.653904907796633
,西范街与325省道交叉口东南40米,,330000,331003,浙江省,台州市,汽车服务;汽车养护/装饰;汽车养护|汽车维修;汽车维修;汽车维修,010400|030000,黄岩区,0576,富驾汽修(暂停营业),"121.212251,28.649347",121.212251,28.649347,B0GRYAS0G3,121.2080094142524,28.652455481799553
,新前街道牟村478号,,330000,331003,浙江省,台州市,汽车服务;汽车养护/装饰;汽车养护|汽车维修;汽车维修;汽车维修,010400|030000,黄岩区,0576,美程洗车(暂停营业),"121.225175,28.653750",121.225175,28.65375,B0J3D5LOMM,121.22094756453544,28.65687018979753
,庆丰大道与惠民路交叉口西南40米,,330000,331003,浙江省,台州市,汽车服务;汽车配件销售;汽车配件销售|公司企业;公司;公司,010800|170200,黄岩区,0576,奥兰汀汽车配件有限公司,"121.230379,28.672530",121.230379,28.67253,B0J06CPTGA,121.22615424332915,28.675643526874087
,北院大道9号,,330000,331003,浙江省,台州市,汽车服务;充电站;充电站,011100,黄岩区,0576,汽车充电站(橘氪充庆丰大道东站),"121.231277,28.674207",121.231277,28.674207,B0L19ZGMQK,121.22705272002146,28.677320164696063
,北城街道坎头张村178号,,330000,331003,浙江省,台州市,汽车服务;汽车服务相关;汽车服务相关,010000,黄岩区,0576,海坤汽车一站式服务,"121.231880,28.670477",121.23188,28.670477,B0H13AK48V,121.22765639699368,28.673592765681796
,新前街道双丰村41号,,330000,331003,浙江省,台州市,汽车服务;汽车服务相关;汽车服务相关,010000,黄岩区,0576,夏冬产品设计,"121.231667,28.656112",121.231667,28.656112,B0KB9U9O8E,121.2274443694377,28.659235924875126
,庆丰大道与惠民路交叉口东南120米,,330000,331003,浙江省,台州市,汽车服务;汽车服务相关;汽车服务相关,010000,黄岩区,0576,鼎计油缸,"121.231364,28.671933",121.231364,28.671933,B0L69APQ4C,121.22713995255364,28.67504756462776
,新前街道双丰小区46号屹鑫设计,,330000,331003,浙江省,台州市,汽车服务;汽车服务相关;汽车服务相关,010000,黄岩区,0576,屹鑫设计,"121.231012,28.656371",121.231012,28.656371,B0IBHSGEI6,121.2267889206453,28.659494331826032
,康强路坎头张东区49号号附近,,330000,331003,浙江省,台州市,汽车服务;汽车服务相关;汽车服务相关,010000,黄岩区,0576,润滑油店,"121.232392,28.670449",121.232392,28.670449,B0FFKSP4RW,121.22816871819694,28.673565115929332
,后庄村7区北门旁,,330000,331003,浙江省,台州市,汽车服务;汽车配件销售;汽车配件销售,010800,黄岩区,0576,天卫轮胎,"121.233122,28.667330",121.233122,28.66733,B0FFGWJ2NK,121.22889939563768,28.670448399050652
,新城中路52号,,330000,331003,浙江省,台州市,汽车服务;充电站;充电站,011100,黄岩区,0576,汽车充电站(橘氪充双丰站),"121.231157,28.652511",121.231157,28.652511,B0KKO5ZQHL,121.22693431474725,28.65563662075693
,北城街道坎头张988号,,330000,331003,浙江省,台州市,购物服务;专卖店;专营店|汽车服务;汽车服务相关;汽车服务相关,061200|010000,黄岩区,0576,鼎计油缸,"121.232978,28.670458",121.232978,28.670458,B0H3VZAK8L,121.22875506981794,28.673574481241648
,后庄村7区北门旁,,330000,331003,浙江省,台州市,汽车服务;汽车配件销售;汽车配件销售,010800,黄岩区,0576,赛轮轮胎(拱新大道店),"121.233069,28.667344",121.233069,28.667344,B0LGFHPO5C,121.22884636356457,28.67046235815372
,庆丰大桥东侧,,330000,331003,浙江省,台州市,汽车服务;充电站;充电站,011100,黄岩区,0576,特来电汽车充电站(台州黄岩庆丰大桥充电站),"121.231010,28.648922",121.23101,28.648922,B0L1VNB64S,121.2267874937985,28.65204953827924
,新前街道双丰村906号,,330000,331003,浙江省,台州市,汽车服务;汽车服务相关;汽车服务相关,010000,黄岩区,0576,元音改·汽车音响隔音(台州旗舰店),"121.232744,28.651996",121.232744,28.651996,B0FFKVAE20,121.22852235489825,28.655122956627743
,庆丰大桥东侧地面停车场,,330000,331003,浙江省,台州市,汽车服务;充电站;充电站,011100,黄岩区,0576,特来电充电站(台州黄岩庆丰大桥),"121.230911,28.648888",121.230911,28.648888,B0HK3ZLYHT,121.22668843012747,28.652015488650424
,北城街道后庄村八区一号楼59号,,330000,331003,浙江省,台州市,汽车服务;汽车养护/装饰;汽车养护,010400,黄岩区,0576,靓彩汽车美容,"121.234505,28.667335",121.234505,28.667335,B0IG6UG41R,121.23028316404628,28.67045421469799
,新城中路与庆丰大道交叉口东160米,,330000,331003,浙江省,台州市,汽车服务;汽车养护/装饰;汽车养护,010400,黄岩区,0576,车把式汽车美容服务部,"121.231794,28.651703",121.231794,28.651703,B0I13GPCCK,121.22757179064659,28.654829506941763
,双丰村958号,,330000,331003,浙江省,台州市,汽车服务;洗车场;洗车场,010500,黄岩区,0576,蒸汽洗车美容会所,"121.232621,28.651806",121.232621,28.651806,B0FFLHSL8F,121.22839929559736,28.6549329859833
,新城中路与庆丰大道交叉口东140米,,330000,331003,浙江省,台州市,汽车服务;汽车养护/装饰;汽车养护,010400,黄岩区,0576,创造未来汽车美容服务部,"121.231622,28.651693",121.231622,28.651693,B0JRJXN01K,121.2273996813281,28.654819397812236
,双丰村958号,,330000,331003,浙江省,台州市,汽车服务;洗车场;洗车场,010500,黄岩区,0576,为你而来,"121.232584,28.651694",121.232584,28.651694,B0I6Y7QPK3,121.22836228186988,28.65482102561868
,台州爱尔乐汽车配件制造有限公司南门东南70米,,330000,331003,浙江省,台州市,汽车服务;汽车配件销售;汽车配件销售,010800,黄岩区,0576,小杨车床,"121.234068,28.672707",121.234068,28.672707,B0J271DCTC,121.22984551497362,28.675822815811856
,浙江省台州市黄岩区新前街道双丰村906号,,330000,331003,浙江省,台州市,汽车服务;汽车服务相关;汽车服务相关,010000,黄岩区,0576,车知音汽车服务(台州店),"121.232704,28.652056",121.232704,28.652056,B0JUOLIGOQ,121.22848232628832,28.655182897538637
,新城中路与庆丰大道交叉口东240米,,330000,331003,浙江省,台州市,汽车服务;洗车场;洗车场,010500,黄岩区,0576,阿红洗车店,"121.232701,28.651701",121.232701,28.651701,B0LUF51BXP,121.22847935186189,28.654828095844636
,新前街道双丰小区15幢700号,,330000,331003,浙江省,台州市,汽车服务;汽车服务相关;汽车服务相关,010000,黄岩区,0576,铭扬汽车电子,"121.233877,28.653030",121.233877,28.65303,B0IG4H1OHX,121.22965592784621,28.656157063821524
,午尚洋村北院大道6号,,330000,331003,浙江省,台州市,汽车服务;汽车配件销售;汽车配件销售|汽车维修;汽车维修;汽车维修,010800|030000,黄岩区,0576,黄岩子默轮胎店,"121.235121,28.675916",121.235121,28.675916,B0FFGWHVKP,121.23089881951407,28.67903051266809
B0FFF9SOKN,康庄路69号门牌361,,330000,331003,浙江省,台州市,汽车服务;汽车服务相关;汽车服务相关,010000,黄岩区,0576,恒信造型,"121.235675,28.664975",121.235675,28.664975,B0LGA9N8WG,121.23145393606184,28.668096225052178
,庆丰大道与新城中路交叉口东320米,,330000,331003,浙江省,台州市,汽车服务;汽车服务相关;汽车服务相关,010000,黄岩区,0576,老秦机械配件经营部,"121.233525,28.652425",121.233525,28.652425,B0LRFC8FDF,121.22930377724491,28.655552195864615
,新前街道双丰小区932号,,330000,331003,浙江省,台州市,汽车服务;汽车配件销售;汽车配件销售,010800,黄岩区,0576,杨帆汽车玻璃,"121.234000,28.652103",121.234,28.652103,B0IAM9QHT6,121.2297790670755,28.65523065963684
,翔光路与康庄路交叉口西南100米,,330000,331003,浙江省,台州市,汽车服务;汽车养护/装饰;汽车养护,010400,黄岩区,0576,集成隆震亚汽车用品,"121.235743,28.664091",121.235743,28.664091,B0J6PXDRK7,121.23152203682476,28.66721277278678
,康庄路芭堤水岸1-28号,,330000,331003,浙江省,台州市,汽车服务;汽车服务相关;汽车服务相关,010000,黄岩区,0576,小蔡车服,"121.238106,28.664640",121.238106,28.66464,B0FFL9QRJ3,121.23388600885269,28.667762585826793
,锦川路6号,,330000,331003,浙江省,台州市,汽车服务;充电站;充电站,011100,黄岩区,0576,汽车充电站(橘氪充北城小学站),"121.237352,28.662693",121.237352,28.662693,B0K2V7CBH1,121.23313186026482,28.665816373223336
,后庄村8区东区北门旁,,330000,331003,浙江省,台州市,汽车服务;汽车配件销售;汽车配件销售,010800,黄岩区,0576,台州市黄岩伟松汽车服务部,"121.237820,28.667233",121.23782,28.667233,B0H0ULNJ2N,121.2335996982875,28.670353953179802
,西城街道罗家汇桥林汽车美容生活馆,,330000,331003,浙江省,台州市,汽车服务;汽车养护/装饰;汽车养护,010400,黄岩区,0576,台州市黄岩桥林洗车店,"121.231945,28.639647",121.231945,28.639647,B0JUVCGILP,121.2277238158315,28.642780313119285
,北城街道芭堤水岸,,330000,331003,浙江省,台州市,汽车服务;充电站;充电站,011100,黄岩区,0576,小桔充电汽车充电站(中国石油黄岩芭堤水岸充电站),"121.240090,28.662672",121.24009,28.662672,B0KKH62FIF,121.23587083436846,28.665796514382752
,惠民路88-5,,330000,331003,浙江省,台州市,汽车服务;汽车养护/装饰;汽车养护|汽车服务;洗车场;洗车场|汽车维修;汽车维修;汽车维修,010400|010500|030000,黄岩区,0576,向阳汽修(黄岩北城后庄店),"121.240967,28.665564",121.240967,28.665564,B0KR19OA8I,121.23674785697547,28.668687143021216
,翔光路与北院大道交叉口东南140米,,330000,331003,浙江省,台州市,汽车服务;汽车配件销售;汽车配件销售,010800,黄岩区,0576,正沃车灯,"121.238625,28.674525",121.238625,28.674525,B0LRA4ZBVU,121.23440443832823,28.67764201983002
,芭堤水岸北2门东130米,,330000,331003,浙江省,台州市,汽车服务;汽车配件销售;汽车配件销售,010800,黄岩区,0576,好运轮胎(芭堤水岸店),"121.240229,28.664730",121.240229,28.66473,B0H1F7G7EM,121.23600971672619,28.667853373998625
,芭堤水岸北2门东140米,,330000,331003,浙江省,台州市,汽车服务;汽车养护/装饰;汽车养护,010400,黄岩区,0576,小苏汽车装潢美容,"121.240323,28.664735",121.240323,28.664735,B0HDDS8J9G,121.23610374365975,28.667858404434114
,仰山路1号,,330000,331003,浙江省,台州市,汽车服务;充电站;充电站,011100,黄岩区,0576,汽车充电站(橘氪充西江小学站),"121.235480,28.643092",121.23548,28.643092,B0K2JCV6KR,121.2312605289279,28.646225520105844
B0FFG0VOHD,惠民路与拱新大道交界处地面停车场,,330000,331003,浙江省,台州市,汽车服务;充电站;充电站,011100,黄岩区,0576,特来电充电站(台州黄岩惠民路),"121.241384,28.668378",121.241384,28.668378,B0K6FXPB6S,121.23716474546846,28.67149963828303
,北城街道北院大道1号,,330000,331003,浙江省,台州市,汽车服务;充电站;充电站,011100,黄岩区,0576,来点电汽车充电站(三大队2号),"121.240395,28.675413",121.240395,28.675413,B0LU4CYQPS,121.23617494065846,28.678530172372415
,岙岸村44号,,330000,331003,浙江省,台州市,汽车服务;二手车交易;二手车交易,011000,黄岩区,0576,高价回收二手车,"121.238857,28.650624",121.238857,28.650624,B0IASUMJD7,121.2346383638091,28.65375490514803
,惠民路25号东面停车场,,330000,331003,浙江省,台州市,汽车服务;充电站;充电站,011100,黄岩区,0576,特来电汽车充电站(台州黄岩惠民路充电站),"121.241516,28.668245",121.241516,28.668245,B0L13G62MG,121.23729678761676,28.671366756960442
,岙岸村岙岸居委会办公楼,,330000,331003,浙江省,台州市,汽车服务;汽车养护/装饰;汽车养护,010400,黄岩区,0576,新堂星汽车养护中心,"121.240021,28.652372",121.240021,28.652372,B0FFHWRVW6,121.23580260785216,28.65550236921571
,后庄村1区东北门旁,,330000,331003,浙江省,台州市,汽车服务;汽车服务相关;汽车服务相关,010000,黄岩区,0576,台州市机动车排气超标治理维护站,"121.241025,28.665825",121.241025,28.665825,B0L1BGYCFP,121.23680585195936,28.66894801044849
B0FFG0VOHD,惠民路与康强路交叉口南100米,,330000,331003,浙江省,台州市,汽车服务;充电站;充电站,011100,黄岩区,0576,台州黄岩惠民路1号2号汽车充电站,"121.241556,28.669222",121.241556,28.669222,B0H6BHFCB1,121.23733672177792,28.672343198287116
,新城东路106号,,330000,331003,浙江省,台州市,汽车服务;充电站;充电站,011100,黄岩区,0576,汽车充电桩(橘氪充岙岸站),"121.241412,28.654406",121.241412,28.654406,B0L15U1468,121.23719382970877,28.657535688752095
,松岩路与新城东路交叉口南80米,,330000,331003,浙江省,台州市,汽车服务;汽车配件销售;汽车配件销售,010800,黄岩区,0576,韩泰轮胎(台州黄岩天佑城全季酒店店),"121.241685,28.651273",121.241685,28.651273,B0I2PCOFMX,121.23746713605057,28.65440454315582
,松岩路33号1-3,,330000,331003,浙江省,台州市,汽车服务;汽车服务相关;汽车服务相关,010000,黄岩区,0576,喜望汽车服务中心,"121.241442,28.651788",121.241442,28.651788,B0L6MPVRYY,121.2372240388054,28.654919178459096
,新堂路37号,,330000,331003,浙江省,台州市,汽车服务;汽车服务相关;汽车服务相关,010000,黄岩区,0576,蓝邦科技便民自助洗车(台州黄岩新堂路店),"121.242145,28.649151",121.242145,28.649151,B0K3AS67RU,121.23792740177666,28.652283870442357
,望峰路与松岩路交叉口东60米,,330000,331003,浙江省,台州市,汽车服务;汽车养护/装饰;汽车养护,010400,黄岩区,0576,嘉实多护车保养站(望峰路店),"121.242375,28.656809",121.242375,28.656809,B0LAKXLD40,121.23815685918643,28.659937605810153
,三雷模塑正对面,,330000,331003,浙江省,台州市,汽车服务;汽车配件销售;汽车配件销售,010800,黄岩区,0576,轩烨热流道配件,"121.241725,28.652975",121.241725,28.652975,B0JUMS8FCJ,121.23750701408478,28.656105594836184
,二环西路888号,,330000,331003,浙江省,台州市,汽车维修;汽车综合维修;汽车综合维修|汽车服务;汽车服务相关;汽车服务相关,030100|010000,黄岩区,0576,黄岩永固汽车修理厂,"121.244791,28.656350",121.244791,28.65635,B0G1S59LG9,121.24057326172696,28.65947942440104
,启程汽修西隔2间店面,,330000,331003,浙江省,台州市,汽车服务;汽车租赁;汽车租赁,010900,黄岩区,0576,台州市臻致汽车租赁有限公司,"121.244892,28.666847",121.244892,28.666847,B0JAT5PJCC,121.24067346228253,28.669970398512046
,望峰路与岙岸路交叉口西140米,,330000,331003,浙江省,台州市,汽车服务;汽车服务相关;汽车服务相关,010000,黄岩区,0576,正国油缸定制,"121.243513,28.656457",121.243513,28.656457,B0L6H5CGBP,121.2392950898919,28.659586096180405
,新城中路32号,,330000,331003,浙江省,台州市,汽车服务;汽车服务相关;汽车服务相关,010000,黄岩区,0576,邦泰汽修一站式服务岙岸旗舰店,"121.244165,28.651993",121.244165,28.651993,B0FFJ86VTV,121.23994752608984,28.65512477061625
,黄长路580-582号,,330000,331003,浙江省,台州市,汽车服务;汽车服务相关;汽车服务相关,010000,黄岩区,0576,黄岩西门金祥轮胎商行,"121.241026,28.643740",121.241026,28.64374,B0FFKO7NYJ,121.23680855485726,28.646875543601848
,西城街道阿华饭店(岙岸店)米兰商务宾馆(长决线店),,330000,331003,浙江省,台州市,汽车服务;汽车服务相关;汽车服务相关,010000,黄岩区,0576,博赢汽车服务,"121.244114,28.651950",121.244114,28.65195,B0K0OCN7XO,121.23989652284922,28.65508178418059
,黄长路与岙横线交叉口东100米,,330000,331003,浙江省,台州市,汽车服务;汽车养护/装饰;汽车养护,010400,黄岩区,0576,途虎养车认证店,"121.241184,28.643575",121.241184,28.643575,B0G0KPSJ4L,121.23696660801916,28.646710686114197
,新堂路与西官河路交叉口北80米,,330000,331003,浙江省,台州市,汽车服务;汽车服务相关;汽车服务相关,010000,黄岩区,0576,阿良工业润滑油,"121.243475,28.646325",121.243475,28.646325,B0LUAUMEBD,121.2392578649802,28.649459795145212
,复元西路47号汽车轮胎四轮定位汽车电瓶道路救援急救刹车片,,330000,331003,浙江省,台州市,汽车服务;汽车服务相关;汽车服务相关,010000,黄岩区,0576,台州市黄岩小根轮胎店,"121.245252,28.641154",121.245252,28.641154,B0FFK60AW3,121.24103547505698,28.64429201669576
,东城街道朱砂街114-116号,,330000,331003,浙江省,台州市,汽车服务;汽车养护/装饰;汽车养护,010400,黄岩区,0576,车博士护理工作室快修快保,"121.281070,28.654194",121.28107,28.654194,B0JAKHND3Z,121.27682883485764,28.657306945949312
,海棠街与二环东路辅路交叉口西南140米,,330000,331003,浙江省,台州市,汽车服务;汽车服务相关;汽车服务相关,010000,黄岩区,0576,宇凡汽车服务,"121.282169,28.651285",121.282169,28.651285,B0KUAP9UZ7,121.27792655133028,28.65439834091372
,朱砂街156号,,330000,331003,浙江省,台州市,汽车服务;汽车服务相关;汽车服务相关,010000,黄岩区,0576,南洋日顺汽车服务,"121.282130,28.654402",121.28213,28.654402,B0L35HEHA7,121.27788736442707,28.657513624206942
,桔乡大道与朱砂街交叉口西北80米,,330000,331003,浙江省,台州市,汽车服务;汽车配件销售;汽车配件销售,010800,黄岩区,0576,康佩森轮胎黄岩配送站,"121.277463,28.653813",121.277463,28.653813,B0K2MCTMDO,121.27322652020132,28.656929994546225
,东官河路117-121号,,330000,331003,浙江省,台州市,汽车服务;汽车养护/装饰;汽车养护|汽车服务;洗车场;洗车场|汽车维修;汽车维修;汽车维修,010400|010500|030000,黄岩区,0576,车元素一站式汽车贴膜改色·隐形车衣(东官河路店),"121.275507,28.651040",121.275507,28.65104,B0JU3Z6G7V,121.27127306422383,28.654160463357012
,东官河路117-121号,,330000,331003,浙江省,台州市,汽车服务;汽车养护/装饰;汽车养护|汽车服务;洗车场;洗车场|汽车维修;汽车维修;汽车维修,010400|010500|030000,黄岩区,0576,驰加汽车服务中心(黄岩区东城街道店),"121.275454,28.651046",121.275454,28.651046,B0K0DCGU77,121.27122012493219,28.654166509788006
,东官河路与柔桥路交叉口东160米,,330000,331003,浙江省,台州市,汽车服务;汽车配件销售;汽车配件销售,010800,黄岩区,0576,米其林轮胎(东官河路店),"121.275661,28.651040",121.275661,28.65104,B0LD2KJ2S3,121.27142688589,28.65416031810064
,东官河路107号108号,,330000,331003,浙江省,台州市,汽车服务;汽车养护/装饰;汽车养护,010400,黄岩区,0576,百援精养(车元素东官河店),"121.275553,28.651051",121.275553,28.651051,B0G2KCSZX1,121.27131901019703,28.654171413858627
,东浦路364号,,330000,331003,浙江省,台州市,汽车服务;汽车服务相关;汽车服务相关,010000,黄岩区,0576,邦泰自助洗车(东城店),"121.277285,28.656016",121.277285,28.656016,B0HB1LI17B,121.27304856767651,28.65913192223061
,金艺花园东门北60米,,330000,331003,浙江省,台州市,汽车服务;汽车配件销售;汽车配件销售,010800,黄岩区,0576,宏燕汽配,"121.283004,28.656205",121.283004,28.656205,B0KDPDWYT8,121.27875999712195,28.65931458138184
,文盛街桔洲新村(桔乡大道),,330000,331003,浙江省,台州市,汽车服务;汽车配件销售;汽车配件销售,010800,黄岩区,0576,爱民轮胎店,"121.280964,28.647169",121.280964,28.647169,B0G1FLR891,121.27672352149209,28.65028601606183
,黄椒路338号,,330000,331003,浙江省,台州市,汽车服务;充电站;充电站,011100,黄岩区,0576,特来电汽车充电站(台州黄岩黄椒路能源公司充电站),"121.280930,28.657606",121.28093,28.657606,B0K227IO4Z,121.27668876013097,28.660717161190476
,黄椒路与二环东路辅路交叉口西南140米,,330000,331003,浙江省,台州市,汽车服务;汽车配件销售;汽车配件销售,010800,黄岩区,0576,黄岩皓宇汽配商行,"121.281466,28.657676",121.281466,28.657676,B0J24L4IJH,121.2772240266545,28.66078651912619
,柔极路169号,,330000,331003,浙江省,台州市,汽车服务;加油站;中国石化,010101,黄岩区,0576,中国石化黄岩东城加油站,"121.280930,28.658339",121.28093,28.658339,B0240045RP,121.27668870342606,28.66144974231491
,内环北路辅路红四菜场西南面地面停车场,,330000,331003,浙江省,台州市,汽车服务;充电站;充电站,011100,黄岩区,0576,特来电汽车充电站(台州黄岩红四村充电站),"121.285611,28.649220",121.285611,28.64922,B0H615O7WT,121.28136372536248,28.652330355087617
,文盛街50号,,330000,331003,浙江省,台州市,汽车服务;汽车养护/装饰;汽车养护,010400,黄岩区,0576,洛盾车膜(黄岩九峰公园店),"121.281163,28.646778",121.281163,28.646778,B0L1T74DVY,121.27692228237068,28.64989501150289
,文盛街50号,,330000,331003,浙江省,台州市,汽车服务;汽车养护/装饰;汽车养护,010400,黄岩区,0576,海豚贴膜,"121.281163,28.646778",121.281163,28.646778,B0LD6ABL7L,121.27692228237068,28.64989501150289
,文盛街与九峰高架辅路交叉口西北20米,,330000,331003,浙江省,台州市,汽车服务;汽车配件销售;汽车配件销售,010800,黄岩区,0576,鑫垒汽车电子,"121.281475,28.646975",121.281475,28.646975,B0LGNXWX04,121.27723384208964,28.65009154997963
,红四村菜市场停车场,,330000,331003,浙江省,台州市,汽车服务;充电站;充电站,011100,黄岩区,0576,昆仑网电汽车充电站(中国石油台州黄岩红四充电站),"121.285896,28.649018",121.285896,28.649018,B0KK0PS9XV,121.28164831088833,28.652128109420538
,东城街道三门路西侧实验中学东侧南起1-7号,,330000,331003,浙江省,台州市,汽车服务;汽车养护/装饰;汽车养护,010400,黄岩区,0576,启典汽车装潢美容,"121.281149,28.646775",121.281149,28.646775,B0KGG59VOF,121.27690830159696,28.649892028883976
,二环东路辅路与黄椒路交叉口西南40米,,330000,331003,浙江省,台州市,汽车服务;汽车配件销售;汽车配件销售,010800,黄岩区,0576,九鐤汽配,"121.282766,28.657590",121.282766,28.65759,B0K1KLC9R0,121.27852222683495,28.660699071336843
,二环东路辅路与黄椒路交叉口南60米,,330000,331003,浙江省,台州市,汽车服务;汽车配件销售;汽车配件销售,010800,黄岩区,0576,丸锦汽配,"121.282725,28.657725",121.282725,28.657725,B0LRCDFK9R,121.27848127423273,28.660834042236807
,东城街道三门路西侧实验中学东侧南起1-7号(九峰加油站对面),,330000,331003,浙江省,台州市,汽车服务;汽车养护/装饰;汽车养护|汽车服务;洗车场;洗车场,010400|010500,黄岩区,0576,1983汽车美容养护会所,"121.281133,28.646195",121.281133,28.646195,B0HRRHTMJ8,121.27689236814855,28.649312370075258
,东浦路202号,,330000,331003,浙江省,台州市,汽车服务;汽车配件销售;汽车配件销售,010800,黄岩区,0576,群隆汽配,"121.273553,28.654136",121.273553,28.654136,B0240034KG,121.26932101118321,28.657256488779453
,东城街道红三村红三后洋371号,,330000,331003,浙江省,台州市,汽车服务;洗车场;洗车场,010500,黄岩区,0576,喜望汽车服务天天来洗车,"121.286812,28.655373",121.286812,28.655373,B0J0M7Z2MI,121.28256241899348,28.658478353519424
,朱砂街197号,,330000,331003,浙江省,台州市,汽车服务;洗车场;洗车场,010500,黄岩区,0576,天天来洗车场,"121.286823,28.655358",121.286823,28.655358,B0FFGYD863,121.28257340318348,28.658463347857356
,九峰油库路33号,,330000,331003,浙江省,台州市,汽车服务;加油站;中国石化,010101,黄岩区,0576,中国石化九峰加油站,"121.281557,28.645406",121.281557,28.645406,B02400505T,121.27731585116639,28.648523330929326
,黄椒路与二环东路辅路交叉口东北60米,,330000,331003,浙江省,台州市,汽车服务;汽车配件销售;汽车配件销售,010800,黄岩区,0576,阿东轮胎店,"121.283717,28.658140",121.283717,28.65814,B0FFM816L0,121.27947182681237,28.661247629690568
,黄椒路与二环东路辅路交叉口东北100米,,330000,331003,浙江省,台州市,汽车服务;汽车配件销售;汽车配件销售,010800,黄岩区,0576,利奥轮胎(黄岩柑桔果品副食品综合市场店),"121.284097,28.658256",121.284097,28.658256,B0JALXF29L,121.27985126704365,28.66136310532952
,朱砂街附近,,330000,331003,浙江省,台州市,汽车服务;汽车养护/装饰;汽车养护,010400,黄岩区,0576,裕航汽车美容一站式服务,"121.287153,28.655609",121.287153,28.655609,B02400UXGK,121.28290287284008,28.658713778013663
,黄椒路434-12号,,330000,331003,浙江省,台州市,汽车服务;汽车服务相关;汽车服务相关,010000,黄岩区,0576,双安汽车装潢,"121.284132,28.658237",121.284132,28.658237,B0LDK6C3WY,121.27988621754491,28.66134407379042
,二环东路油库路33号,,330000,331003,浙江省,台州市,汽车服务;充电站;充电站,011100,黄岩区,0576,国家电网汽车充电站(台州市黄岩区九峰加油站充电站),"121.281555,28.645407",121.281555,28.645407,B0LGGR25QH,121.27731385382988,28.648524332642012
,朱砂街119号,,330000,331003,浙江省,台州市,汽车服务;二手车交易;二手车交易,011000,黄岩区,0576,阿标二手车,"121.287479,28.655141",121.287479,28.655141,B0LRNGJ13J,121.2832284010488,28.658245618977805
,黄椒路辅路与元同路交叉口东南60米,,330000,331003,浙江省,台州市,汽车服务;汽车服务相关;汽车服务相关,010000,黄岩区,0576,路畅科技,"121.284122,28.658245",121.284122,28.658245,B0KUZHHUPY,121.27987623149247,28.661352081335025
,东城街道食品街110号,,330000,331003,浙江省,台州市,汽车服务;充电站;充电站,011100,黄岩区,0576,汽车充电站(开鑫台州桔乡社区食品街站),"121.273961,28.648113",121.273961,28.648113,B0LBSHUCHX,121.26972903180018,28.651236520188146
,东城街道黄岩花鸟市场九峰加油站出口公司,,330000,331003,浙江省,台州市,汽车服务;汽车服务相关;汽车服务相关,010000,黄岩区,0576,九峰加油站出口公司,"121.281575,28.645425",121.281575,28.645425,B0FFJBKPE5,121.2773338250234,28.64854229994187
B02400505T,九峰油库路33号中国石化九峰加油站,,330000,331003,浙江省,台州市,汽车服务;汽车养护/装饰;汽车养护,010400,黄岩区,0576,易捷养车,"121.281486,28.645314",121.281486,28.645314,B0LB4UHOTO,121.27724495549687,28.648431462536855
,黄椒路444号,,330000,331003,浙江省,台州市,汽车维修;汽车综合维修;汽车综合维修|汽车服务;汽车服务相关;汽车服务相关,030100|010000,黄岩区,0576,阿四汽修,"121.285284,28.658596",121.285284,28.658596,B024002TTK,121.28103648984221,28.661701452688447
,东街街道黄椒路442号,,330000,331003,浙江省,台州市,汽车服务;汽车服务相关;汽车服务相关|汽车销售;汽车销售;汽车销售,010000|020000,黄岩区,0576,台州好德马新能源汽车,"121.285054,28.658562",121.285054,28.658562,B0LRZL3I3I,121.28080683530425,28.66166775790125
,小东门路30号-9、30号-10、30号-11号,,330000,331003,浙江省,台州市,汽车服务;汽车配件销售;汽车配件销售,010800,黄岩区,0576,小叶汽配(环城东路店),"121.271655,28.651191",121.271655,28.651191,B0240038AQ,121.26742522423002,28.654314752027144
,黄椒路454号,,330000,331003,浙江省,台州市,汽车服务;汽车养护/装饰;汽车养护|汽车维修;汽车维修;汽车维修,010400|030000,黄岩区,0576,畅想汽修,"121.285643,28.658664",121.285643,28.658664,B0J15PWAGP,121.28139494606668,28.661768964679837
,东城二环东路408号,,330000,331003,浙江省,台州市,汽车服务;汽车配件销售;汽车配件销售,010800,黄岩区,0576,黄岩捷运汽配店,"121.282310,28.659986",121.28231,28.659986,B0JDFAQISO,121.27806668159367,28.663094230681207
,柔极路与澄江路交叉口东南80米,,330000,331003,浙江省,台州市,汽车服务;汽车服务相关;汽车服务相关,010000,黄岩区,0576,汇诚车品,"121.280065,28.660264",121.280065,28.660264,B0FFL0FJ34,121.27582470856453,28.663374591985377
,黄岩区粮油总公司西北门旁,,330000,331003,浙江省,台州市,汽车服务;汽车服务相关;汽车服务相关,010000,黄岩区,0576,爱车中心,"121.285790,28.658597",121.28579,28.658597,B0LRPMQBVW,121.28154172956022,28.661701818056596
,东城街道黄椒路478号,,330000,331003,浙江省,台州市,汽车服务;汽车配件销售;汽车配件销售,010800,黄岩区,0576,黄岩汉华轮胎商行,"121.286241,28.658732",121.286241,28.658732,B0FFJKREYI,121.28199203465073,28.66183616944948
,黄椒路476号附近,,330000,331003,浙江省,台州市,汽车服务;汽车服务相关;汽车服务相关,010000,黄岩区,0576,鑫伟汽车服务,"121.286189,28.658804",121.286189,28.658804,B0FFIH2DX8,121.28194010832145,28.661908194407456
,黄椒路466号,,330000,331003,浙江省,台州市,汽车服务;汽车配件销售;汽车配件销售,010800,黄岩区,0576,天源汽车玻璃(黄椒路店),"121.286068,28.658833",121.286068,28.658833,B0HATC08X7,121.28181929014467,28.66193733148509
,环城东路168号桔香苑5栋,,330000,331003,浙江省,台州市,汽车服务;充电站;充电站,011100,黄岩区,0576,小豹充充汽车充电站(小豹充充台州桔香苑),"121.272480,28.647390",121.27248,28.64739,B0LGGPQWIR,121.26824967161158,28.650515203499804
,黄椒路辅路与黄椒路交叉口南约20米,,330000,331003,浙江省,台州市,汽车服务;汽车配件销售;汽车配件销售,010800,黄岩区,0576,邓禄普轮胎(黄椒路店),"121.286130,28.658847",121.28613,28.658847,B0GKUCIE9N,121.28188119480215,28.661951244777157
,小东门路48号,,330000,331003,浙江省,台州市,汽车服务;充电站;充电站,011100,黄岩区,0576,汽车充电站(充久久黄岩帕瑞思酒店九峰店站),"121.270820,28.651136",121.27082,28.651136,B0L2XCYE13,121.2665910582536,28.654260447400144
,黄椒路辅路与绿汀路交叉口西120米,,330000,331003,浙江省,台州市,汽车服务;汽车养护/装饰;汽车养护,010400,黄岩区,0576,熊二汽车美容服务部,"121.286261,28.658877",121.286261,28.658877,B0K3YS89MP,121.2820119929197,28.661981060969627
B0K6MCHVKO,食品街12号黄岩体育馆内地面停车场(西北角),,330000,331003,浙江省,台州市,汽车服务;充电站;充电站,011100,黄岩区,0576,特来电汽车充电站(台州黄岩体育馆充电站),"121.273487,28.645847",121.273487,28.645847,B0GKX5F4X9,121.26925572280642,28.648972201993256
,二环东路辅路与澄江路交叉口南60米,,330000,331003,浙江省,台州市,汽车服务;汽车养护/装饰;汽车养护,010400,黄岩区,0576,宝强换油中心,"121.281125,28.660925",121.281125,28.660925,B0K399B1TV,121.27688323962118,28.664034041297217
,环城东路217号,,330000,331003,浙江省,台州市,汽车服务;汽车配件销售;汽车配件销售,010800,黄岩区,0576,岩滨电瓶店(骆驼蓄电池),"121.270469,28.649862",121.270469,28.649862,B0FFLFL2TI,121.26624049737275,28.652987435804064
,环城东路219号,,330000,331003,浙江省,台州市,购物服务;专卖店;专营店|汽车服务;汽车配件销售;汽车配件销售,061200|010800,黄岩区,0576,汤浅蓄电池电瓶批发,"121.270418,28.649952",121.270418,28.649952,B0FFM7ANHX,121.26618953953543,28.653077424436837
,东城街道桔香苑,,330000,331003,浙江省,台州市,汽车服务;充电站;充电站,011100,黄岩区,0576,特来电充电站(台州黄岩桔香苑停车场充电站),"121.271742,28.647149",121.271742,28.647149,B0JKUXK0CT,121.26751244836412,28.650274947519947
,黄岩东城开发区绿汀路201号,,330000,331003,浙江省,台州市,汽车服务;汽车服务相关;汽车服务相关,010000,黄岩区,0576,企高汽车服务修理厂,"121.286926,28.659803",121.286926,28.659803,B0FFKPEBKX,121.28267589982971,28.662905676858013
,九峰路185号,,330000,331003,浙江省,台州市,汽车服务;汽车养护/装饰;汽车养护,010400,黄岩区,0576,华诚车饰,"121.276552,28.643163",121.276552,28.643163,B0FFGWI2F1,121.2723174456525,28.64628685828127
,绿汀路与黄椒路辅路交叉口西北120米,,330000,331003,浙江省,台州市,汽车服务;汽车配件销售;汽车配件销售,010800,黄岩区,0576,黄岩阿标轮胎经营部,"121.286704,28.660554",121.286704,28.660554,B0K6KU1YIL,121.28245418417927,28.663656531965366
,黄椒路520号,,330000,331003,浙江省,台州市,汽车服务;汽车养护/装饰;汽车养护|汽车维修;汽车维修;汽车维修,010400|030000,黄岩区,0576,鑫达汽车维修美容服务中心(黄椒路店),"121.289123,28.659535",121.289123,28.659535,B0FFFDAZUQ,121.28486944897743,28.662634923370064
,环城北路43-47号,,330000,331003,浙江省,台州市,汽车服务;汽车租赁;汽车租赁,010900,黄岩区,0576,万豪豪车租赁,"121.268282,28.651730",121.268282,28.65173,B0HD2YB98R,121.26405536781579,28.654855982578237
,环城北路61号,,330000,331003,浙江省,台州市,汽车服务;汽车配件销售;汽车配件销售,010800,黄岩区,0576,普利司通轮胎(环城北路店),"121.267847,28.651718",121.267847,28.651718,B0J1SYS06X,121.26362074699621,28.65484428698984
,东城街道朱砂街388号390-392-394,,330000,331003,浙江省,台州市,汽车服务;汽车配件销售;汽车配件销售,010800,黄岩区,0576,台州市黄岩黄毛轮胎经营部,"121.292375,28.656323",121.292375,28.656323,B0IASULISG,121.28811629622565,28.659420217733846
B0FFF6YXP0,朱砂街与站西大道交叉口西北60米,,330000,331003,浙江省,台州市,购物服务;购物相关场所;购物相关场所|汽车服务;汽车配件销售;汽车配件销售,060000|010800,黄岩区,0576,米其林,"121.292375,28.656425",121.292375,28.656425,B0LUM42D7S,121.28811628831718,28.659522159643707
,环城东路台州阳光25Hours轻奢酒店(原阳光大酒店),,330000,331003,浙江省,台州市,汽车服务;汽车配件销售;汽车配件销售,010800,黄岩区,0576,倍耐力轮胎(环城东路店),"121.270909,28.644000",121.270909,28.644,B0FFMDCDDG,121.26668052206401,28.647128364285575
,环城东路与九峰路交叉口南160米,,330000,331003,浙江省,台州市,汽车服务;汽车配件销售;汽车配件销售,010800,黄岩区,0576,城关志申轮胎店,"121.270895,28.644019",121.270895,28.644019,B0JBORU83B,121.2666665343271,28.64714736473181
,青年东路与天长北路交叉口东140米,,330000,331003,浙江省,台州市,汽车服务;汽车服务相关;汽车服务相关,010000,黄岩区,0576,ZHIDO新能源汽车,"121.268247,28.646420",121.268247,28.64642,B0LDBOGBHL,121.2640208083956,28.64954898312927
,朱砂街与站西大道交叉口东80米,,330000,331003,浙江省,台州市,汽车服务;汽车养护/装饰;汽车养护,010400,黄岩区,0576,益仁汽车洗护服务部,"121.293776,28.656209",121.293776,28.656209,B0JGXGT40D,121.28951488584457,28.659304242952018
,环城东路88号,,330000,331003,浙江省,台州市,公司企业;公司;公司|汽车服务;汽车服务相关;汽车服务相关|生活服务;生活服务场所;生活服务场所,170200|010000|070000,黄岩区,0576,中国石化黄岩支公司,"121.270635,28.642611",121.270635,28.642611,B02400SJ5B,121.26640689662173,28.645740346488907
,埭东路4号,,330000,331003,浙江省,台州市,汽车服务;充电站;充电站,011100,黄岩区,0576,海康威视汽车充电站(黄岩经开),"121.290362,28.661902",121.290362,28.661902,B0KRA68DC5,121.286106243595,28.664998865411125
,东城街道国美电器停车场,,330000,331003,浙江省,台州市,汽车服务;充电站;充电站,011100,黄岩区,0576,特来电目的地充电站(台州黄岩国美电器西侧停车场充电站),"121.264086,28.647729",121.264086,28.647729,B0JKUXIW84,121.25986300923277,28.650859816218503
,北城街道二环北路169号台州黄岩汽车园,,330000,331003,浙江省,台州市,汽车服务;充电站;充电站,011100,黄岩区,0576,云快充超级充电站(鸿蒙智行授权用户中心·台州黄岩汽车园超充站),"121.263435,28.651232",121.263435,28.651232,B0L2LKNBKY,121.25921219223665,28.65436119526916
,东城街道环城东路27号,,330000,331003,浙江省,台州市,汽车服务;充电站;充电站,011100,黄岩区,0576,理想超级充电站(理想超充站台州黄岩东官河停车场),"121.269165,28.639982",121.269165,28.639982,B0LUV9G3FM,121.26493848379737,28.643113895752332
,方山路与环城东路交叉口东80米,,330000,331003,浙江省,台州市,汽车服务;汽车养护/装饰;汽车养护,010400,黄岩区,0576,车锦汽车生活馆,"121.270643,28.639047",121.270643,28.639047,B0H1SSHPDP,121.2664151639584,28.642178301419932
,青年西路40号县前小区4栋,,330000,331003,浙江省,台州市,汽车服务;充电站;充电站,011100,黄岩区,0576,小豹充充汽车充电站(小豹充充台州县前小区东4栋北),"121.262780,28.647638",121.26278,28.647638,B0LGGPV35C,121.25855790806011,28.65076954209687
,东城街道黄岩教师公寓海棠新村,,330000,331003,浙江省,台州市,汽车服务;充电站;充电站,011100,黄岩区,0576,特来电汽车充电站(台州黄岩东官河充电场站项目),"121.268745,28.639626",121.268745,28.639626,B0KKMXM308,121.26451889121208,28.642758391825407
,黄岩区民政局婚姻登记处附近,,330000,331003,浙江省,台州市,汽车服务;汽车租赁;汽车租赁,010900,黄岩区,0576,台州创逸婚车,"121.264128,28.660362",121.264128,28.660362,B0L2KZGJX5,121.25990400455403,28.663485635290346
B0GKJUYTSC,吾悦广场地下停车场C658,,330000,331003,浙江省,台州市,汽车服务;充电站;充电站,011100,黄岩区,0576,国家电网汽车充电站(浙江省台州市黄岩吾悦广场停车场),"121.261518,28.654525",121.261518,28.654525,B0HKA7LZX3,121.25729617208205,28.657653257497135
,青年西路40号县前小区5栋,,330000,331003,浙江省,台州市,汽车服务;充电站;充电站,011100,黄岩区,0576,小豹充充汽车充电站(小豹充充台州县前小区东5栋),"121.262320,28.647453",121.26232,28.647453,B0LGGPV357,121.25809821980174,28.650584868285577
,青年西路40号,,330000,331003,浙江省,台州市,汽车服务;充电站;充电站,011100,黄岩区,0576,乐来电汽车充电站(台州县前小区东5栋充电站),"121.262467,28.647262",121.262467,28.647262,B0L6LS731G,121.25824514041851,28.65039390457215
B0GKJUYTSC,"大桥路1号B2层B340,341,342号",,330000,331003,浙江省,台州市,汽车服务;充电站;充电站,011100,黄岩区,0576,奥迪汽车充电站(台州黄岩吾悦广场),"121.261340,28.654391",121.26134,28.654391,B0J0J7O8S8,121.25711828931614,28.65751941235923
B0FFGYD0LS,大桥路1号吾悦广场(台州黄岩店)B2层,,330000,331003,浙江省,台州市,汽车服务;洗车场;洗车场,010500,黄岩区,0576,车之洁汽车美容隐形车衣(台州新城吾悦广场店),"121.261219,28.654548",121.261219,28.654548,B0I62LGMV5,121.25699734912187,28.657676376256234
,大桥路78号,,330000,331003,浙江省,台州市,汽车服务;汽车配件销售;汽车配件销售,010800,黄岩区,0576,汽车空调,"121.261001,28.656327",121.261001,28.656327,B0FFGAJ2EC,121.25677933991862,28.65945445918743
,青年西路40号县前小区7栋,,330000,331003,浙江省,台州市,汽车服务;充电站;充电站,011100,黄岩区,0576,小豹充充汽车充电站(小豹充充台州县前小区A区),"121.260940,28.647388",121.26094,28.647388,B0LGGPW61U,121.25671906492836,28.650520526247817
,王西路163-3号,,330000,331003,浙江省,台州市,汽车服务;洗车场;洗车场,010500,黄岩区,0576,飞途洗车,"121.266579,28.665250",121.266579,28.66525,B0KD45UQT3,121.2623527619569,28.668369375082253
,西城街道中巷10号地面停车场,,330000,331003,浙江省,台州市,汽车服务;充电站;充电站,011100,黄岩区,0576,特来电充电站(台州黄岩机关幼儿园充电站),"121.260050,28.649113",121.26005,28.649113,B0HBN5WCMZ,121.25582943191174,28.65224492459969
,环城南路与天长南路交叉口西120米,,330000,331003,浙江省,台州市,汽车服务;汽车服务相关;汽车服务相关,010000,黄岩区,0576,博氏汽车钥匙,"121.266115,28.639768",121.266115,28.639768,B0LUXGMJR3,121.26189110033813,28.642902053739295
B0GUV7WDQX,东城街道环城南路南城新村,,330000,331003,浙江省,台州市,汽车服务;充电站;充电站,011100,黄岩区,0576,特来电目的地充电站(台州黄岩南城新村北充电站),"121.265335,28.639185",121.265335,28.639185,B0L1DZTH8S,121.26111175049206,28.64231984179691
,如意街98号,,330000,331003,浙江省,台州市,汽车服务;汽车服务相关;汽车服务相关,010000,黄岩区,0576,途虎养车工场店(台州大桥路店),"121.258948,28.656946",121.258948,28.656946,B0HRGZ76ZP,121.25472740126496,28.660073905137452
,黄岩大桥路192号,,330000,331003,浙江省,台州市,汽车服务;汽车服务相关;汽车服务相关,010000,黄岩区,0576,南洋汽车服务,"121.259323,28.657745",121.259323,28.657745,B0FFKPXX0I,121.25510215013388,28.660872315017023
,大桥路与如意街交叉口东北20米,,330000,331003,浙江省,台州市,汽车服务;汽车配件销售;汽车配件销售,010800,黄岩区,0576,樱花轮胎(大桥路店),"121.259356,28.657618",121.259356,28.657618,B0GKAKVA80,121.25513514297471,28.660745375487398
,大桥花园西北门旁,,330000,331003,浙江省,台州市,汽车服务;汽车服务相关;汽车服务相关,010000,黄岩区,0576,宝驰捷汽车服务,"121.258733,28.656779",121.258733,28.656779,B0J07LI0LQ,121.25451252014282,28.65990707488445
,如意街66-68号,,330000,331003,浙江省,台州市,汽车服务;充电站;充电站,011100,黄岩区,0576,小桔充电汽车充电站(中国石油黄岩大桥花园充电站),"121.258148,28.656477",121.258148,28.656477,B0KK0GDL34,121.25392782206261,28.65960544102871
,大桥路与如意街交叉口西北80米,,330000,331003,浙江省,台州市,汽车服务;汽车养护/装饰;汽车养护,010400,黄岩区,0576,腾瑞车饰,"121.258755,28.658136",121.258755,28.658136,B0FFG3F52V,121.25453440470694,28.661263292749616
,西城街道横街西路404号,,330000,331003,浙江省,台州市,汽车服务;洗车场;洗车场,010500,黄岩区,0576,拓宏汽车服务中心,"121.259177,28.643773",121.259177,28.643773,B0FFLI92QC,121.25495730218006,28.646908228195883
,环城南路191号-11-12,,330000,331003,浙江省,台州市,汽车服务;汽车服务相关;汽车服务相关,010000,黄岩区,0576,TopSpeed汽车服务中心,"121.261852,28.639164",121.261852,28.639164,B0LRVMIMDA,121.25763115276364,28.642300673704202
,桔源街水岸明珠西门西南面地面停车场,,330000,331003,浙江省,台州市,汽车服务;充电站;充电站,011100,黄岩区,0576,特来电汽车充电站(台州黄岩水岸明珠充电站),"121.256909,28.654897",121.256909,28.654897,B0I0C6DJ1X,121.2526894866899,28.65802670810774
,滨江丽园西侧地面停车场,,330000,331003,浙江省,台州市,汽车服务;充电站;充电站,011100,黄岩区,0576,特来电充电站(台州黄岩滨江丽园西侧停车场),"121.256324,28.655794",121.256324,28.655794,B0L1KLV58R,121.25210465137044,28.658923352388108
,九龙街54号,,330000,331003,浙江省,台州市,汽车服务;汽车养护/装饰;汽车养护,010400,黄岩区,0576,邦泰梦想车库(自助洗车滨江丽园店),"121.255574,28.657328",121.255574,28.657328,B0FFJRIEGG,121.25135481181087,28.660456656987023
,世纪大道3号耀达酒店地下停车场B1层016-022车位/入口新陈东路,,330000,331003,浙江省,台州市,汽车服务;充电站;专用充电站,011103,黄岩区,0576,特斯拉超级充电站(台州黄岩耀达酒店),"121.255005,28.650417",121.255005,28.650417,B0J2476V2P,121.25078654038136,28.653549692763363
,青年西路197-16西江华庭小区,,330000,331003,浙江省,台州市,汽车服务;汽车养护/装饰;汽车养护,010400,黄岩区,0576,都市车影西江店,"121.255180,28.645763",121.25518,28.645763,B0IG0S7HGY,121.25096184047231,28.648898259698825
,黄岩市场资料市场大门旁,,330000,331003,浙江省,台州市,汽车服务;汽车服务相关;汽车服务相关,010000,黄岩区,0576,浙豫起重,"121.254806,28.658889",121.254806,28.658889,B0KRKD7MBE,121.25058695227857,28.66201692553175
,北城街道大桥路471号,,330000,331003,浙江省,台州市,汽车服务;充电站;充电站,011100,黄岩区,0576,中国石化汽车充电站(黄岩妙儿桥充电站),"121.255237,28.663939",121.255237,28.663939,B0L2F41YA3,121.25101741942782,28.667063931183332
,中钢世纪花园东1门北70米,,330000,331003,浙江省,台州市,汽车服务;汽车服务相关;汽车服务相关,010000,黄岩区,0576,骏马四驱车会,"121.252507,28.651318",121.252507,28.651318,B0HR5SAD57,121.24828916785924,28.654450573194975
,北城街道大桥路462号,,330000,331003,浙江省,台州市,汽车服务;汽车配件销售;汽车配件销售|汽车维修;汽车维修;汽车维修,010800|030000,黄岩区,0576,急速汽修长塘汽配补胎换胎,"121.255676,28.664068",121.255676,28.664068,B0FFHKKD59,121.2514562554175,28.667192760180544
,北城街道贡桔街51号(永悦华府B区),,330000,331003,浙江省,台州市,汽车服务;汽车服务相关;汽车服务相关|汽车维修;汽车维修;汽车维修,010000|030000,黄岩区,0576,都市车影(永悦店),"121.253618,28.661363",121.253618,28.661363,B0HDP9M54A,121.2493991158991,28.66448971012989
B0GUVRVG0Y,西城街道黄岩城关飞云食品机械厂西江新村,,330000,331003,浙江省,台州市,汽车服务;充电站;充电站,011100,黄岩区,0576,小桔充电汽车充电站(中国石油黄岩贝悦佳月子中心充电站),"121.252848,28.644883",121.252848,28.644883,B0KK7DDGK3,121.24863058434777,28.648019133331964
,黄长路66号,,330000,331003,浙江省,台州市,汽车服务;汽车服务相关;汽车服务相关,010000,黄岩区,0576,工匠汽车维修换胎补胎,"121.252376,28.645996",121.252376,28.645996,B0K6MHERHW,121.24815860737561,28.649131567242264
,大桥路480号,,330000,331003,浙江省,台州市,汽车服务;洗车场;洗车场,010500,黄岩区,0576,三毛洗车场,"121.255147,28.664933",121.255147,28.664933,B024004YE7,121.25092737332902,28.668057374243947
,大桥路488号,,330000,331003,浙江省,台州市,汽车服务;汽车配件销售;汽车配件销售,010800,黄岩区,0576,好运轮胎(大桥路店),"121.255199,28.665188",121.255199,28.665188,B0FFGS0HRA,121.25097933603102,28.668312215483702
,黄长路与金带路交叉口西100米,,330000,331003,浙江省,台州市,汽车服务;充电站;充电站,011100,黄岩区,0576,超翔汽车充电站(李卫东汽车充电站),"121.251980,28.645622",121.25198,28.645622,B0LUY5YBC8,121.24776272021339,28.648757813081797
,西城街道保利大国璟37幢附近地下一层,,330000,331003,浙江省,台州市,汽车服务;充电站;充电站,011100,黄岩区,0576,平高智联汽车充电站(黄岩西城街道保利大国璟充电站),"121.253960,28.640890",121.25396,28.64089,B0L11MKDQ5,121.2497425984454,28.644028183092505
,金带路60号,,330000,331003,浙江省,台州市,汽车服务;洗车场;洗车场,010500,黄岩区,0576,兴跃自助洗车(黄岩天荟广场店),"121.252962,28.642264",121.252962,28.642264,B0LAV52CKL,121.2487447585107,28.645401569404783
,鹿鸣路与锦泰街交叉口东220米,,330000,331003,浙江省,台州市,汽车服务;汽车服务相关;汽车服务相关|汽车维修;汽车维修;汽车维修,010000|030000,黄岩区,0576,建斌汽车维修服务部,"121.254457,28.664889",121.254457,28.664889,B0FFL6BBM8,121.25023759980189,28.668013534117378
,西城街道律师公共管理发展中心东极宫,,330000,331003,浙江省,台州市,汽车服务;充电站;充电站,011100,黄岩区,0576,特来电汽车充电站(台州黄岩天荟广场充电场站项目),"121.252967,28.641963",121.252967,28.641963,B0KB473FTX,121.24874978048182,28.64510073488732
,西城街道64幢1号金带路,,330000,331003,浙江省,台州市,汽车服务;汽车服务相关;汽车服务相关,010000,黄岩区,0576,小桔有车网约车中心(台州),"121.252602,28.642883",121.252602,28.642883,B0JR6SHJL3,121.24838479638962,28.646020269996527
,北城街道大桥路527弄30一40号,,330000,331003,浙江省,台州市,汽车维修;汽车维修;汽车维修|汽车服务;汽车服务相关;汽车服务相关,030000|010000,黄岩区,0576,名泰汽车服务有限公司,"121.253568,28.664568",121.253568,28.664568,B0IBXHMTDS,121.2493488823029,28.66769286672059
,金带路与复元东路交叉口北120米,,330000,331003,浙江省,台州市,汽车服务;汽车养护/装饰;汽车养护,010400,黄岩区,0576,SONAX车美品牌运营中心,"121.252619,28.642725",121.252619,28.642725,B0GUVAUYMB,121.24840180464896,28.64586235542722
,西城街道西江新村64幢1号楼金带路,,330000,331003,浙江省,台州市,汽车服务;汽车服务相关;汽车服务相关,010000,黄岩区,0576,台州锦隆量子膜钻石店(速普东路店),"121.252620,28.642722",121.25262,28.642722,B0FFLLLO92,121.24840280464932,28.64585935697305
,北城街道鹿鸣路21号,,330000,331003,浙江省,台州市,汽车服务;汽车租赁;汽车租赁,010900,黄岩区,0576,赛格租车,"121.252631,28.662532",121.252631,28.662532,B0H2F7MRF0,121.24841227477312,28.66565816596381
,黄长路165号,,330000,331003,浙江省,台州市,汽车服务;加油站;中国石化,010101,黄岩区,0576,中国石化黄岩西门加油站,"121.250007,28.645429",121.250007,28.645429,B0240045RF,121.24579005450364,28.64856501960992
,鹿鸣路与贡桔街交叉口西北120米,,330000,331003,浙江省,台州市,汽车服务;汽车租赁;汽车租赁,010900,黄岩区,0576,赛格豪车花艺婚车租赁,"121.252641,28.662518",121.252641,28.662518,B0KKJ4XLLA,121.2484222735367,28.66564417291463
,北城街道锦泰街84号,,330000,331003,浙江省,台州市,汽车服务;汽车服务相关;汽车服务相关,010000,黄岩区,0576,纽卡车房,"121.252895,28.664171",121.252895,28.664171,B0KKUCL2RK,121.24867608578975,28.667296187678605
,鹿鸣路与锦泰街交叉口东40米,,330000,331003,浙江省,台州市,汽车服务;汽车养护/装饰;汽车养护,010400,黄岩区,0576,车衣裳,"121.252775,28.663975",121.252775,28.663975,B0L3AZR0N0,121.24855612971436,28.667100315554077
,西城街道金带路188号1区1号,,330000,331003,浙江省,台州市,汽车服务;汽车配件销售;汽车配件销售,010800,黄岩区,0576,福路德汽配超市,"121.250279,28.658019",121.250279,28.658019,B0LAUH1NCU,121.24606104972139,28.66114791697035
B0FFH3K88L,二环西路与世纪大道交叉口,,330000,331003,浙江省,台州市,汽车服务;充电站;充电站,011100,黄岩区,0576,浙江鹏珺新能源汽车充电站,"121.249614,28.649987",121.249614,28.649987,B0ID4LQKZJ,121.24539674707411,28.65312047464494
,西城街道双江社区二环西路847号悦腾养车红色门头,,330000,331003,浙江省,台州市,汽车服务;汽车养护/装饰;汽车养护,010400,黄岩区,0576,悦腾养车(黄岩中心旗舰店),"121.249124,28.655439",121.249124,28.655439,B0L1MHHL3X,121.24490637232125,28.65856938873113
,,,330000,331003,浙江省,台州市,汽车服务;汽车配件销售;汽车配件销售,010800,黄岩区,0576,康众汽配黄岩店,"121.249990,28.647082",121.24999,28.647082,B0LGP5N813,121.24577292913368,28.65021709908241
,二环西路391号,,330000,331003,浙江省,台州市,汽车服务;汽车配件销售;汽车配件销售,010800,黄岩区,0576,普利司通轮胎(小周轮胎店),"121.249349,28.647079",121.249349,28.647079,B0FFHMQ3J5,121.24513199711829,28.650214100743728
,西城街道二环西路628号,,330000,331003,浙江省,台州市,汽车服务;汽车服务相关;汽车服务相关,010000,黄岩区,0576,台州黄岩皇城灯改,"121.248864,28.648932",121.248864,28.648932,B0FFFZGVS9,121.24464689396761,28.652066054198663
,卷洞桥路与二环西路辅路交叉口东北40米,,330000,331003,浙江省,台州市,汽车服务;汽车服务相关;汽车服务相关,010000,黄岩区,0576,钜动换电,"121.249625,28.647075",121.249625,28.647075,B0L2RHMT82,121.24540797039177,28.6502101048951
,西城街道二环西路818号,,330000,331003,浙江省,台州市,汽车维修;汽车综合维修;汽车综合维修|汽车服务;汽车养护/装饰;汽车养护,030100|010400,黄岩区,0576,华胜奔驰宝马奥迪保时捷路虎专修连锁(台州黄岩店),"121.248113,28.654585",121.248113,28.654585,B0FFIYAMMM,121.24389549993546,28.657715833263808
,梅园新村45号,,330000,331003,浙江省,台州市,汽车服务;充电站;充电站,011100,黄岩区,0576,汽车充电站(比亚迪兆瓦闪充台州乾元新景4S店),"121.248442,28.648439",121.248442,28.648439,B0LGT10I5M,121.24422495836576,28.651573313986113
,黄轴路17号,,330000,331003,浙江省,台州市,汽车服务;充电站;充电站,011100,黄岩区,0576,台州比亚迪乾元新景王朝4S店兆瓦闪充站,"121.248442,28.648439",121.248442,28.648439,B0LGTOWUVF,121.24422495836576,28.651573313986113
,西城街道新城东路皮肤医院东边建大轮胎店,,330000,331003,浙江省,台州市,汽车服务;汽车配件销售;汽车配件销售,010800,黄岩区,0576,建大轮胎(新城东路店),"121.248351,28.651317",121.248351,28.651317,B0GRDZFX29,121.24413374122715,28.65444969360009
,二环西路与金带路交叉口东南80米,,330000,331003,浙江省,台州市,汽车服务;汽车养护/装饰;汽车养护,010400,黄岩区,0576,舒车堂,"121.248835,28.658083",121.248835,28.658083,B0K3AX7QF6,121.24461719055246,28.661211874206973
,复元东路50-12号,,330000,331003,浙江省,台州市,汽车服务;汽车租赁;汽车租赁,010900,黄岩区,0576,速邦汽车租赁(复元东路店),"121.250813,28.640655",121.250813,28.640655,B0HDSU5VQF,121.24659631189793,28.643793637019765
,二环西路890号,,330000,331003,浙江省,台州市,汽车服务;汽车养护/装饰;汽车养护|汽车维修;汽车维修;汽车维修,010400|030000,黄岩区,0576,欣堂中高档汽车维修,"121.247564,28.657150",121.247564,28.65715,B0FFFWN5I8,121.24334631755613,28.660279335962475
,二环西路辅路,,330000,331003,浙江省,台州市,汽车服务;充电站;充电站,011100,黄岩区,0576,中国石化汽车充电站(黄岩西城光伏充电站),"121.247640,28.658665",121.24764,28.658665,B0LG2BDSHB,121.24342219937958,28.661793476340172
,二环西路890号,,330000,331003,浙江省,台州市,汽车服务;汽车服务相关;汽车服务相关,010000,黄岩区,0576,A级汽车服务,"121.248141,28.657825",121.248141,28.657825,B0KGRZARLY,121.24392324900927,28.660953990474347
,西城街道世纪大道台州迪尔逸奢酒店,,330000,331003,浙江省,台州市,汽车服务;充电站;充电站,011100,黄岩区,0576,世动云充汽车充电站(台州市黄岩区世纪大道充电站),"121.247466,28.649312",121.247466,28.649312,B0HBY6FXYB,121.243248923184,28.652445761270364
,二环西路890号,,330000,331003,浙江省,台州市,汽车服务;汽车配件销售;汽车配件销售,010800,黄岩区,0576,欧德汽车真皮座椅,"121.248108,28.658227",121.248108,28.658227,B0FFG7PZZ1,121.24389021933833,28.66135575879761
B0HA4SRAPG,唐元路123号.铭隆广场负一层,,330000,331003,浙江省,台州市,汽车服务;汽车养护/装饰;汽车养护,010400,黄岩区,0576,金王子A.CB专业汽车养护中心,"121.251275,28.639125",121.251275,28.639125,B0GR7ZHD83,121.24705835401974,28.642264452981273
,二环西路辅路与望峰路交叉口北140米,,330000,331003,浙江省,台州市,汽车服务;汽车服务相关;汽车服务相关,010000,黄岩区,0576,台州网约车司机服务中心(台州云帆),"121.248105,28.658285",121.248105,28.658285,B0I0G7EGCV,121.24388721498441,28.661413725456686
,二环西路辅路与望峰路交叉口北100米,,330000,331003,浙江省,台州市,汽车服务;汽车服务相关;汽车服务相关,010000,黄岩区,0576,一条龙汽车服务,"121.248125,28.657875",121.248125,28.657875,B0LADZ987E,121.24390724580215,28.661003960976505
,复元东路31-33号阿波罗商务酒店隔壁,,330000,331003,浙江省,台州市,汽车服务;汽车养护/装饰;汽车养护|汽车维修;汽车维修;汽车维修,010400|030000,黄岩区,0576,辉腾汽车装潢服务部,"121.249709,28.641687",121.249709,28.641687,B0FFFVHYQ2,121.24549237676868,28.64482509350823
,西城街道梅园新村,,330000,331003,浙江省,台州市,汽车服务;充电站;充电站,011100,黄岩区,0576,国家电网汽车充电站(浙江省台州市黄岩区梅园新村交流充电站),"121.247260,28.648067",121.24726,28.648067,B0LGBK255S,121.2430430207579,28.65120144045561
,荣欣路与新城东路交叉口北60米,,330000,331003,浙江省,台州市,汽车服务;汽车配件销售;汽车配件销售,010800,黄岩区,0576,捷丰汽配,"121.247124,28.651885",121.247124,28.651885,B0J1KA5FH6,121.24290672654442,28.65501728341328
,西城街道荣兴路94-96号,,330000,331003,浙江省,台州市,汽车服务;汽车养护/装饰;汽车养护,010400,黄岩区,0576,振悦车饰,"121.246921,28.655938",121.246921,28.655938,B0JD2CO9IR,121.24270341275516,28.65906796715172
,亿邦豪庭西门北60米,,330000,331003,浙江省,台州市,汽车服务;汽车养护/装饰;汽车养护,010400,黄岩区,0576,乐购郑鑫车饰,"121.246946,28.656019",121.246946,28.656019,B0JD99Y48A,121.24272840676957,28.659148923660748
,西城街道新城东路18号汽车维修发动机维修汽车保养代办年审汽车美容保险理赔,,330000,331003,浙江省,台州市,汽车维修;汽车维修;汽车维修|汽车服务;汽车服务相关;汽车服务相关,030000|010000,黄岩区,0576,永佳汽车维修服务有限公司,"121.246135,28.651852",121.246135,28.651852,B0IAL5ZD9V,121.24191770609117,28.654984187871236
,东路村131号,,330000,331003,浙江省,台州市,购物服务;专卖店;专营店|汽车服务;汽车服务相关;汽车服务相关,061200|010000,黄岩区,0576,润倍润滑油,"121.249380,28.640414",121.24938,28.640414,B0FFFV44KQ,121.24516350789065,28.643552792751024
,二环西路西侧福庆寺北面停车场,,330000,331003,浙江省,台州市,汽车服务;汽车租赁;汽车租赁,010900,黄岩区,0576,银领租车(台州店),"121.247283,28.659836",121.247283,28.659836,B0K3TSXWTX,121.24306511337922,28.66296377544015
,新天地华庭106-108号,,330000,331003,浙江省,台州市,汽车服务;汽车养护/装饰;汽车养护|汽车服务;洗车场;洗车场,010400|010500,黄岩区,0576,威固台州车元素7V不凡门店(家乐购数码建材店),"121.247534,28.641677",121.247534,28.641677,B0IRB7Y1RI,121.24331751067355,28.64481501238478
,新城东路与岙岸路交叉口东80米,,330000,331003,浙江省,台州市,汽车服务;汽车配件销售;汽车配件销售|购物服务;专卖店;专营店,010800|061200,黄岩区,0576,马扎克高速车,"121.246017,28.651499",121.246017,28.651499,B0FFLCHHIR,121.24179972779174,28.65463137076598
,复元西路与二环西路交叉口西南40米,,330000,331003,浙江省,台州市,汽车服务;汽车配件销售;汽车配件销售,010800,黄岩区,0576,汽车玻璃服务中心,"121.248619,28.641146",121.248619,28.641146,B0L6JAOSAQ,121.24440251027035,28.64428437062774
,世纪大道39-16号(柏宁春天酒旁边)西侧面,,330000,331003,浙江省,台州市,汽车服务;汽车养护/装饰;汽车养护,010400,黄岩区,0576,都市车影(岙岸店),"121.245463,28.650640",121.245463,28.65064,B02400UQYU,121.2412457602582,28.653772771737703
,西城街道复元西路新天地建材广场109号,,330000,331003,浙江省,台州市,汽车服务;汽车服务相关;汽车服务相关,010000,黄岩区,0576,小木匠福耀汽车玻璃4S店,"121.247692,28.641680",121.247692,28.64168,B0FFK2LVU6,121.24347550753149,28.644818023074965
,江山壹品(锦川路),,330000,331003,浙江省,台州市,汽车服务;充电站;充电站,011100,黄岩区,0576,超翔汽车充电站(江山一品),"121.247460,28.662464",121.24746,28.662464,B0L6B4NO0S,121.24324190927878,28.665590279031367
,复元西路与二环西路交叉口西100米,,330000,331003,浙江省,台州市,汽车服务;汽车养护/装饰;汽车养护,010400,黄岩区,0576,AX Film(复元西路店),"121.247935,28.641767",121.247935,28.641767,B0L29OS3BW,121.2437184942842,28.64490499224213
,集成隆实业有限公司南门旁,,330000,331003,浙江省,台州市,汽车服务;汽车配件销售;汽车配件销售,010800,黄岩区,0576,黄岩献兵轮胎店,"121.245495,28.654956",121.245495,28.654956,B0FFGWHO0H,121.2412774298538,28.65808633789981
,复元西路新天地建材市场109号,,330000,331003,浙江省,台州市,汽车服务;汽车配件销售;汽车配件销售,010800,黄岩区,0576,小木匠福耀汽车玻璃专家,"121.247579,28.641668",121.247579,28.641668,B0JA27HW4Q,121.24336251064584,28.644806020958676
,岙岸路与世纪大道交叉口北120米,,330000,331003,浙江省,台州市,汽车服务;汽车服务相关;汽车服务相关,010000,黄岩区,0576,美孚(岙岸路店),"121.245405,28.650588",121.245405,28.650588,B0LGFOU0G8,121.24118775998251,28.653720791661662
,西城街道世纪大道33弄4号,,330000,331003,浙江省,台州市,汽车服务;汽车服务相关;汽车服务相关,010000,黄岩区,0576,澜泰·都市车影,"121.245418,28.650576",121.245418,28.650576,B0KR9SDCZ5,121.24120076188002,28.653708800510255
,大环明珠北门西50米,,330000,331003,浙江省,台州市,汽车服务;汽车服务相关;汽车服务相关,010000,黄岩区,0576,大洋挖机配件,"121.245972,28.641261",121.245972,28.641261,B0FFJ82WW5,121.24175551457253,28.644399068632538
,"北城街道江山壹品苑,地下车库A-945",,330000,331003,浙江省,台州市,汽车服务;充电站;充电站,011100,黄岩区,0576,云快充目的地充电站(江山壹品苑二期A-945),"121.246860,28.665318",121.24686,28.665318,B0LU4SLI1K,121.24264168872664,28.668442570523453
,复元西路25号,,330000,331003,浙江省,台州市,汽车服务;汽车养护/装饰;汽车养护|生活服务;生活服务场所;生活服务场所,010400|070000,黄岩区,0576,69测绘造型,"121.246305,28.641173",121.246305,28.641173,B02400TGJJ,121.24208853602407,28.644311161732077
,大环明珠北门西80米,,330000,331003,浙江省,台州市,汽车服务;汽车配件销售;汽车配件销售,010800,黄岩区,0576,天戈汽车灯具,"121.245700,28.640977",121.2457,28.640977,B0FFL5KOLT,121.24148352099053,28.644115185428596
,前进小区40幢,,330000,331002,浙江省,台州市,汽车服务;汽车租赁;汽车租赁,010900,椒江区,0576,久途租车(台州市久途分店),"121.364389,28.648300",121.364389,28.6483,B0L1CA5JJX,121.35998485588571,28.65127596983125
B02400TW14,葭沚街道太阳谷小区地面停车场,,330000,331002,浙江省,台州市,汽车服务;充电站;充电站,011100,椒江区,0576,特来电目的地充电站(台州三合椒江东方太阳城小区充电站),"121.364578,28.655839",121.364578,28.655839,B0IKSDZO8T,121.36017295656511,28.658810450722335
,葭芷街道安居二路前进小区40-1号,,330000,331002,浙江省,台州市,汽车服务;汽车租赁;汽车租赁,010900,椒江区,0576,车游天下租车,"121.366018,28.649006",121.366018,28.649006,B0KGFU3DB6,121.36161121888183,28.651979322349934
,前进小区40幢,,330000,331002,浙江省,台州市,汽车服务;汽车租赁;汽车租赁,010900,椒江区,0576,久途租车,"121.365980,28.648922",121.36598,28.648922,B0LBUHATX7,121.36157328474857,28.651895421119324
,内环东路辅路与安居二路交叉口南60米,,330000,331002,浙江省,台州市,汽车服务;汽车服务相关;汽车服务相关,010000,椒江区,0576,明荣汽车服务中心,"121.367092,28.648390",121.367092,28.64839,B0JR2NJAJG,121.36268361330075,28.651362223409887
,内环东路辅路与安居二路交叉口南240米,,330000,331002,浙江省,台州市,汽车服务;汽车配件销售;汽车配件销售,010800,椒江区,0576,朝阳轮胎,"121.367275,28.646725",121.367275,28.646725,B0L1TO60SI,121.36286646684032,28.64969791092406
B0K1RAQFI8,中国台州站西广场停车场,,330000,331002,浙江省,台州市,汽车服务;充电站;充电站,011100,椒江区,0576,小桔充电汽车充电站(智慧网充·杭绍台铁路(台州站)快充站),"121.369566,28.651455",121.369566,28.651455,B0K60613WH,121.3651537096276,28.654422303953215
,台州站(西停车场)中间,,330000,331002,浙江省,台州市,汽车服务;汽车租赁;汽车租赁,010900,椒江区,0576,一嗨租车(台州站店),"121.370379,28.651400",121.370379,28.6514,B0JKVAMJQP,121.36596555754932,28.65436632423918
B0K1RAQFI8,台州站西停车场,,330000,331002,浙江省,台州市,汽车服务;充电站;充电站,011100,椒江区,0576,蔚来能源超级充电站(台州高铁站),"121.370400,28.651390",121.3704,28.65139,B0JKDL5WRX,121.36598652878261,28.654356304036426
,洪西路995号,,330000,331002,浙江省,台州市,汽车服务;汽车租赁;汽车租赁,010900,椒江区,0576,神州租车(台州站服务点),"121.370475,28.651575",121.370475,28.651575,B0JKGH2OP4,121.36606140872144,28.654541107613156
,东海大道与瓯越街交叉口西北60米,,330000,331002,浙江省,台州市,汽车服务;换电站;换电站,011101,椒江区,0576,汽车换电站(椒江台州高铁站),"121.370321,28.650902",121.370321,28.650902,B0LGTSY3NE,121.36590767864338,28.65386867611985
,中国台州站停车场,,330000,331002,浙江省,台州市,汽车服务;汽车租赁;汽车租赁,010900,椒江区,0576,携程租车合作门店(添翼租车台州站店),"121.370218,28.651341",121.370218,28.651341,B0LUGCEBR2,121.36580478934775,28.65430755601978
,葭沚街道台州站,,330000,331002,浙江省,台州市,汽车服务;充电站;充电站,011100,椒江区,0576,特来电充电站(台州站停车场),"121.370687,28.654053",121.370687,28.654053,B0I6M4PPGY,121.36627291583464,28.657017447476388
,瓯越街与东海大道交叉口北60米台州站西停车场内,,330000,331002,浙江省,台州市,汽车服务;汽车服务相关;汽车服务相关,010000,椒江区,0576,蔚来换电站(台州高铁站),"121.370430,28.650961",121.37043,28.650961,B0JKNCKDKL,121.36601652050703,28.653927508754887
,瓯越街与凯达路交叉口西南40米,,330000,331002,浙江省,台州市,汽车服务;汽车租赁;汽车租赁,010900,椒江区,0576,哈啰租车(台州高铁站店),"121.370625,28.651575",121.370625,28.651575,B0JKVZME22,121.36621119846407,28.654540923807247
,台州站停车场,,330000,331002,浙江省,台州市,汽车服务;汽车租赁;汽车租赁,010900,椒江区,0576,台州市星穆租车飞租V店,"121.370688,28.651574",121.370688,28.651574,B0IRY7D10L,121.36627411047735,28.65453984738086
,葭芷街道建库村,,330000,331002,浙江省,台州市,汽车服务;汽车服务相关;汽车服务相关,010000,椒江区,0576,天德汽配,"121.366645,28.664049",121.366645,28.664049,B0IA7UCRB5,121.36223605961071,28.667012904938503
,下北山新小区61幢2-3号,,330000,331002,浙江省,台州市,汽车服务;汽车配件销售;汽车配件销售,010800,椒江区,0576,景亿汽配,"121.371821,28.657495",121.371821,28.657495,B0LGPOQUSM,121.36740508300596,28.660456124974257
,内环北路与市府大道交叉口北280米,,330000,331002,浙江省,台州市,汽车服务;汽车服务相关;汽车服务相关,010000,椒江区,0576,快车团(椒江店),"121.371825,28.657475",121.371825,28.657475,B0LGHRU8BA,121.36740907916686,28.660436131651085
B0I0AR89PL,科技城综合区地面停车场,,330000,331002,浙江省,台州市,汽车服务;充电站;充电站,011100,椒江区,0576,特来电目的地充电站(特来电台州三合台州城投集团特惠充充电站),"121.376440,28.656342",121.37644,28.656342,B0L1LCF4XJ,121.37201831834021,28.65929865527858
,台州科技城(科技楼地下一楼),,330000,331002,浙江省,台州市,汽车服务;汽车养护/装饰;汽车养护,010400,椒江区,0576,量子膜贴膜中心(科技城店),"121.376509,28.657609",121.376509,28.657609,B0KDMZ4JQ3,121.37208713685119,28.660564861539985
B0I0AR89PL,科技城综合区地面停车场,,330000,331002,浙江省,台州市,汽车服务;充电站;充电站,011100,椒江区,0576,特来电充电站(台州城投集团光储充放智能示范站),"121.376734,28.656128",121.376734,28.656128,B0I1XDME4X,121.37231199069791,28.65908447503279
B0I0AR89PL,科技城综合区地面停车场,,330000,331002,浙江省,台州市,汽车服务;充电站;充电站,011100,椒江区,0576,特来电汽车充电站(特来电台州三合台州城投集团小直流快充充电站),"121.376971,28.656288",121.376971,28.656288,B0I2OSQYNM,121.37254870277222,28.65924414257907
,文鼎苑南门西150米,,330000,331002,浙江省,台州市,汽车服务;汽车服务相关;汽车服务相关,010000,椒江区,0576,后泉·专业汽车隔音,"121.380129,28.660292",121.380129,28.660292,B0LRSC55V3,121.37570293627786,28.663242825045657
,江口街道内环路,,330000,331003,浙江省,台州市,汽车服务;充电站;充电站,011100,黄岩区,0576,特来电汽车充电站(台州黄岩内环北路与永固路公园充电站),"121.320465,28.661554",121.320465,28.661554,B0K277BKX9,121.31614959056068,28.664600202839388
,丰源路434号,,330000,331002,浙江省,台州市,汽车服务;汽车租赁;汽车租赁,010900,椒江区,0576,大炮网约车租赁,"121.380418,28.660171",121.380418,28.660171,B0LGGHRN01,121.37599165084455,28.663121635279797
,丰源路430号,,330000,331002,浙江省,台州市,汽车服务;汽车租赁;汽车租赁,010900,椒江区,0576,大馨租车,"121.380403,28.660276",121.380403,28.660276,B0KUU5X0Z6,121.37597665775202,28.663226588364
,文鼎苑南门西110米,,330000,331002,浙江省,台州市,汽车服务;汽车租赁;汽车租赁,010900,椒江区,0576,大地网约车租赁,"121.380565,28.660161",121.380565,28.660161,B0LRZN2647,121.3761385029258,28.66311151031832
B0IKRHLHDM,葭沚街道市府大道西段公园北门地面停车场,,330000,331002,浙江省,台州市,汽车服务;充电站;充电站,011100,椒江区,0576,汽车充电站(特来电台州市金洋湿地公园站),"121.382507,28.655659",121.382507,28.655659,B0J21XB0K5,121.37807898141305,28.65861043079287
,金洋湿地公园,,330000,331002,浙江省,台州市,汽车服务;充电站;充电站,011100,椒江区,0576,国家电网汽车充电站(浙江省台州市椒江区金洋湿地公园充电站),"121.383930,28.655397",121.38393,28.655397,B0L35AEEFV,121.37950072938833,28.658347458430782
,汇洋路262号,,330000,331002,浙江省,台州市,汽车服务;汽车租赁;汽车租赁,010900,椒江区,0576,文雅斋尚亿婚车租赁,"121.382809,28.661807",121.382809,28.661807,B0JKRMV44I,121.37838021672775,28.66475466705446
,葭芷街道白岳村居家养老照料中心西门停车场,,330000,331002,浙江省,台州市,汽车服务;洗车场;洗车场,010500,椒江区,0576,千城自助洗车椒江白岳村店,"121.383501,28.662805",121.383501,28.662805,B0L21HSXIU,121.37907151669323,28.665751544450195
,北城街道王林村307号,,330000,331003,浙江省,台州市,汽车服务;汽车救援;汽车救援,010700,黄岩区,0576,台州安伴汽车救援有限公司,"121.287616,28.680749",121.287616,28.680749,B0JBURL2BH,121.28336320227797,28.683838498472724
,久隆二手车交易市场嘉诚车业旁,,330000,331003,浙江省,台州市,汽车服务;汽车服务相关;汽车服务相关,010000,黄岩区,0576,博美汽车内饰改装升级,"121.287885,28.675456",121.287885,28.675456,B0LAJ5NTMT,121.2836321896632,28.678548296840976
B0HU2ST1YI,北城街道王林村台州西站临时接客区地面停车场,,330000,331003,浙江省,台州市,汽车服务;充电站;充电站,011100,黄岩区,0576,特来电充电站(台州火车西站停车场2号),"121.287201,28.684290",121.287201,28.68429,B0IBAZ87MZ,121.28294857586566,28.687377913369588
,S82(站前大道)站前大道火车站地面停车场,,330000,331003,浙江省,台州市,汽车服务;充电站;充电站,011100,黄岩区,0576,特来电汽车充电站(台州火车西站停车场1号充电站),"121.287269,28.684459",121.287269,28.684459,B0IBAD7LMO,121.28301645693237,28.687546722984095
,站西大道151弄1号,,330000,331003,浙江省,台州市,汽车服务;二手车交易;二手车交易,011000,黄岩区,0576,台州加兵精品二手车,"121.288205,28.674314",121.288205,28.674314,B0KBO5HEB6,121.2839517722155,28.677406548984692
,站西大道与联岛路交叉口北140米,,330000,331003,浙江省,台州市,汽车服务;二手车交易;二手车交易,011000,黄岩区,0576,豪鑫二手车,"121.288254,28.674772",121.288254,28.674772,B0KAUYGZZ9,121.28400065896147,28.677864213016633
,北城街道嘉乐苑,,330000,331003,浙江省,台州市,汽车服务;充电站;充电站,011100,黄岩区,0576,特来电目的地充电站(台州黄岩嘉乐苑充电站),"121.278190,28.670600",121.27819,28.6706,B0L1D5UNOP,121.27395132067593,28.673706576559244
,站西大道151号久隆二手车交易市场25号,,330000,331003,浙江省,台州市,汽车服务;二手车交易;二手车交易,011000,黄岩区,0576,黄岩开圆二手车,"121.288152,28.673919",121.288152,28.673919,B0J0XCHA76,121.28389888684961,28.677011852738836
,站西大道与联岛路交叉口北80米,,330000,331003,浙江省,台州市,汽车服务;二手车交易;二手车交易,011000,黄岩区,0576,聚鑫二手车,"121.288275,28.674125",121.288275,28.674125,B0LU1GFG9V,121.28402167576932,28.677217567629032
,站西大道与联岛路交叉口东北120米,,330000,331003,浙江省,台州市,汽车服务;二手车交易;二手车交易,011000,黄岩区,0576,信腾二手车,"121.288625,28.674425",121.288625,28.674425,B0JB144X6Q,121.28437109479866,28.677516923039683
,北城街道王林村台州西站南停车场,,330000,331003,浙江省,台州市,汽车服务;充电站;充电站,011100,黄岩区,0576,中国石化汽车充电站(黄岩台州西站充电站),"121.288414,28.684702",121.288414,28.684702,B0KKRB9N62,121.28415963466988,28.687788066982808
,久隆二手车市场20号,,330000,331003,浙江省,台州市,汽车服务;二手车交易;二手车交易,011000,黄岩区,0576,安车居精品二手车展厅,"121.288304,28.673872",121.288304,28.673872,B0KG67WU2H,121.28405064931127,28.676964678492336
,站西大道151号黄岩久隆二手车市场5-6号,,330000,331003,浙江省,台州市,汽车服务;汽车服务相关;汽车服务相关,010000,黄岩区,0576,Y7名车,"121.288762,28.674106",121.288762,28.674106,B0H3R7J46K,121.28450790021273,28.677197927764634
,站前大道与站西大道交叉口东320米,,330000,331003,浙江省,台州市,汽车服务;汽车服务相关;汽车服务相关,010000,黄岩区,0576,建雄车之家,"121.290012,28.681428",121.290012,28.681428,B0KUFL3KG7,121.28575530538278,28.684513869362366
,站西大道151弄1号,,330000,331003,浙江省,台州市,汽车服务;二手车交易;二手车交易,011000,黄岩区,0576,何迪二手车,"121.288812,28.673900",121.288812,28.6739,B0LRLHNDM0,121.28455783599948,28.676991982240967
,北城街道王林新苑,,330000,331003,浙江省,台州市,汽车服务;充电站;充电站,011100,黄岩区,0576,蔚景云汽车充电站(王林新苑),"121.290999,28.678872",121.290999,28.678872,B0KG211SWI,121.28674087054804,28.681958025622095
,台州西站铁路停车场内,,330000,331003,浙江省,台州市,汽车服务;汽车租赁;汽车租赁,010900,黄岩区,0576,一嗨租车(台州西站店),"121.289695,28.684129",121.289695,28.684129,B0GR650FVV,121.28543861436212,28.68721368119406
,马鞍山家园地下E086车位,,330000,331003,浙江省,台州市,汽车服务;充电站;充电站,011100,黄岩区,0576,平高智联汽车充电站(台州黄岩马鞍山家园充电站),"121.272790,28.671152",121.27279,28.671152,B0L23X68XF,121.2685575110367,28.67426332675954
,台州西站,,330000,331003,浙江省,台州市,汽车服务;汽车租赁;汽车租赁,010900,黄岩区,0576,台州西站久途租车,"121.289863,28.685462",121.289863,28.685462,B0H02SG5W7,121.28560623654758,28.688545646552257
,浙江省台州市黄岩区站西大道51号,,330000,331003,浙江省,台州市,汽车服务;汽车租赁;汽车租赁,010900,黄岩区,0576,黄岩假日旅游汽车出租有限公司,"121.287159,28.688609",121.287159,28.688609,B0HB4H87IW,121.28290630630357,28.691694353683253
,北城街道黄岩装饰城,,330000,331003,浙江省,台州市,汽车服务;充电站;充电站,011100,黄岩区,0576,特来电汽车充电站(台州三合黄岩装饰城充电站),"121.278175,28.667788",121.278175,28.667788,B0K3978A0Z,121.27393655698705,28.670896236992213
,二环北路与马鞍山路交叉口东460米,,330000,331003,浙江省,台州市,汽车服务;汽车养护/装饰;汽车养护,010400,黄岩区,0576,比亚迪汽车海洋网(台州乾元新景4S店),"121.267936,28.673895",121.267936,28.673895,B0I1AUD70G,121.26370795764538,28.677008424557233
,北城街道马鞍山村,,330000,331003,浙江省,台州市,汽车服务;充电站;充电站,011100,黄岩区,0576,平高智联汽车充电站(浙江台州马鞍山村东边篮球场充电站),"121.269100,28.672640",121.2691,28.67264,B0L2MZYKA9,121.2648710213323,28.675753349597507
,北城马鞍山,,330000,331003,浙江省,台州市,汽车服务;加油站;中国石化,010101,黄岩区,0576,中国石化马鞍山加油站,"121.266624,28.674173",121.266624,28.674173,B024006MR9,121.2623970363225,28.677287121341774
,325省道与二环北路交叉口南300米,,330000,331003,浙江省,台州市,汽车服务;汽车养护/装饰;汽车养护,010400,黄岩区,0576,欧德汽车真皮,"121.270541,28.669970",121.270541,28.66997,B0IGVR2KIZ,121.26631087471999,28.67308384286014
,埭西路与绿汀路交叉口东160米,,330000,331003,浙江省,台州市,汽车服务;汽车养护/装饰;汽车养护,010400,黄岩区,0576,悦腾养车(黄岩光明学校店),"121.286370,28.667489",121.28637,28.667489,B0L126RM9Q,121.28212015942381,28.67058794616253
B024006MR9,二环北路694号,,330000,331003,浙江省,台州市,汽车服务;洗车场;洗车场,010500,黄岩区,0576,易捷养车洗车店,"121.266627,28.674176",121.266627,28.674176,B0LBZSKYYT,121.26240003365365,28.677290117670605
,北城街道二环北路手拉手汽车广场,,330000,331003,浙江省,台州市,汽车服务;充电站;充电站,011100,黄岩区,0576,中国石化汽车充电站(黄岩手拉手广场充电站),"121.265980,28.673944",121.26598,28.673944,B0K31BRFSA,121.26175356881845,28.677058656660627
,二环北路与马鞍山路交叉口东280米,,330000,331003,浙江省,台州市,汽车服务;二手车交易;二手车交易,011000,黄岩区,0576,手拉手二手车交易服务中心,"121.266125,28.674075",121.266125,28.674075,B0KAYCPA42,121.26189844424265,28.67718949051095
,北城街道下林村火车西站东广场停车场(七彩亲子乐园对面),,330000,331003,浙江省,台州市,汽车服务;充电站;充电站,011100,黄岩区,0576,特来电汽车充电站(台州黄岩西站下林村充电场站项目),"121.294590,28.684654",121.29459,28.684654,B0KKMX8C8Z,121.29032524816195,28.687731355206875
,北城街道站前村(原奇石岙村28号),,330000,331003,浙江省,台州市,汽车服务;汽车养护/装饰;汽车养护,010400,黄岩区,0576,台州市黄岩喜车房汽车美容中心,"121.285166,28.692357",121.285166,28.692357,B0LBDCVQLT,121.28091605048202,28.69544260070195
,二环北路手拉手汽车广场第一排中间店面101号第一间,,330000,331003,浙江省,台州市,汽车服务;汽车养护/装饰;汽车养护|汽车服务;洗车场;洗车场|汽车维修;汽车维修;汽车维修,010400|010500|030000,黄岩区,0576,途虎养车(马鞍山店),"121.264612,28.674451",121.264612,28.674451,B0JKZOSVT5,121.26038656773609,28.677566157060262
,二环北路与马鞍山路交叉口东北200米,,330000,331003,浙江省,台州市,汽车服务;汽车养护/装饰;汽车养护,010400,黄岩区,0576,技服佳商改贴膜洗车旗舰店,"121.264797,28.675123",121.264797,28.675123,B0LA5LTUF5,121.26057137988535,28.678237655262585
,325省道东100米,,330000,331003,浙江省,台州市,汽车服务;加油站;中国石油,010102,黄岩区,0576,中国石油台州市黄岩区火车站东加油站,"121.297159,28.683094",121.297159,28.683094,B0FFJ7BJCH,121.29288974184227,28.686168382239792
,顺源停车场门口,,330000,331003,浙江省,台州市,汽车服务;汽车配件销售;汽车配件销售,010800,黄岩区,0576,学林汽配,"121.259774,28.674569",121.259774,28.674569,B0K6XM4PTV,121.25555161616836,28.677686366629914
,北城街道二环北路568号远想中心北门(长城智选交付中心东北角),,330000,331003,浙江省,台州市,汽车服务;充电站;充电站,011100,黄岩区,0576,汽车充电站(长城智选站),"121.259150,28.675720",121.25915,28.67572,B0L6AS0OF0,121.25492785119937,28.67883691602245
,北城街道半桥路马鞍山179号场地(黄岩区机动车驾驶员协会),,330000,331003,浙江省,台州市,汽车服务;汽车服务相关;汽车服务相关,010000,黄岩区,0576,汽车换电站(易易换电黄岩北城站),"121.258965,28.672887",121.258965,28.672887,B0LGFURQXM,121.2547431627725,28.676005656141598
,北城街道黄岩兽药厂地面停车场,,330000,331003,浙江省,台州市,汽车服务;充电站;充电站,011100,黄岩区,0576,特来电汽车充电站(台州三合黄岩共联出租车充电站),"121.258976,28.672983",121.258976,28.672983,B0JR47ELSM,121.25475414987912,28.67610159568805
,北城街道马鞍山179号,,330000,331003,浙江省,台州市,汽车服务;汽车服务相关;汽车服务相关,010000,黄岩区,0576,出租汽车司机驿站(台州市出租车综合服务部黄岩站),"121.258985,28.672912",121.258985,28.672912,B0L2XZXQAA,121.25476315086867,28.676030634371553
,北城街道马鞍山179号,,330000,331003,浙江省,台州市,汽车服务;汽车服务相关;汽车服务相关,010000,黄岩区,0576,曹操出行黄岩服务中心,"121.259097,28.673043",121.259097,28.673043,B0KDDH7U78,121.25487508459317,28.67616151747535
,北城街道远想中心,,330000,331003,浙江省,台州市,汽车服务;充电站;充电站,011100,黄岩区,0576,理想超级充电站(理想5C超充站理想汽车台州远想零售中心),"121.257576,28.674929",121.257576,28.674929,B0KK6MJ51A,121.25335465696074,28.67804690209751
,清献路1号,,330000,331003,浙江省,台州市,汽车服务;汽车服务相关;汽车服务相关,010000,黄岩区,0576,NEXFILPPF摩斯夫新能源升级黄岩店,"121.257461,28.675572",121.257461,28.675572,B0L1OSOFV2,121.25323965767484,28.678689555499645
,北城街道远想中心,,330000,331003,浙江省,台州市,汽车服务;充电站;充电站,011100,黄岩区,0576,小桔充电汽车充电站(中国石油黄岩义联大厦充电站),"121.256640,28.675858",121.25664,28.675858,B0KKGD1MJM,121.2524189788647,28.678975615502544
,二环北路,,330000,331003,浙江省,台州市,汽车服务;汽车服务相关;汽车服务相关,010000,黄岩区,0576,中国重汽鑫鹏特约服务站,"121.255869,28.673832",121.255869,28.673832,B0GRG7PFFN,121.251648431759,28.67695100671521
,长塘大转盘黄岩·中国模具博览城,,330000,331003,浙江省,台州市,汽车服务;充电站;充电站,011100,黄岩区,0576,小鹏超级充电站(小鹏S4超快充台州黄岩中国模具博览城站),"121.253700,28.678127",121.2537,28.678127,B0KUJ6AUA5,121.2494798000129,28.681243880538798
,北城街道台州中话模具主题酒店黄岩·中国模具博览城,,330000,331003,浙江省,台州市,汽车服务;充电站;充电站,011100,黄岩区,0576,广汽能源汽车充电站(广汽昊铂台州黄岩模具博览城超充站),"121.253750,28.676716",121.25375,28.676716,B0KUG459X3,121.24952989501112,28.679833712015
,半洋施路150号,,330000,331003,浙江省,台州市,汽车服务;汽车养护/装饰;汽车养护,010400,黄岩区,0576,车饰界隔热膜批发零售,"121.255212,28.669094",121.255212,28.669094,B0JAZL3XTJ,121.2509920302638,28.672215937434874
,大桥路与北院大道交叉口东北280米,,330000,331003,浙江省,台州市,汽车服务;汽车服务相关;汽车服务相关,010000,黄岩区,0576,长城润滑油,"121.253167,28.677937",121.253167,28.677937,B0L14BZJRO,121.24894695616646,28.681054069850436
,82省道与大桥路交叉口东120米,,330000,331003,浙江省,台州市,汽车服务;汽车服务相关;汽车服务相关,010000,黄岩区,0576,德赢汽车一站式服务,"121.252739,28.673893",121.252739,28.673893,B0JB1B8H7E,121.24851937312017,28.67701252114826
,中国模具博览城,,330000,331003,浙江省,台州市,汽车服务;充电站;充电站,011100,黄岩区,0576,奥王充电汽车充电站(奥王黄岩中国模具博览城汽车充电站),"121.250890,28.676950",121.25089,28.67695,B0LD2AN6BW,121.24667050114876,28.680067860920197
,北城街道模具博览城2幢5层,,330000,331003,浙江省,台州市,汽车服务;汽车救援;汽车救援,010700,黄岩区,0576,台州安联汽车救援服务有限公司(黄岩·中国模具博览城店),"121.251321,28.676985",121.251321,28.676985,B0H0XC7XNN,121.24710142658708,28.680102816606283
,,,330000,331003,浙江省,台州市,汽车服务;汽车服务相关;汽车服务相关,010000,黄岩区,0576,滴滴货运台州坦途司机服务中心,"121.251705,28.673904",121.251705,28.673904,B0LACUKHTE,121.24748559364774,28.677023614904822
,82省道与大桥路交叉口东北40米,,330000,331003,浙江省,台州市,汽车服务;汽车养护/装饰;汽车养护,010400,黄岩区,0576,鲲鲲养车德赢汽车店,"121.251862,28.674093",121.251862,28.674093,B0L19KFOSL,121.24764254837233,28.677212490655045
,大桥路与北院大道交汇处中国模具博览城(西南1门入口)地面停车位,,330000,331003,浙江省,台州市,汽车服务;充电站;充电站,011100,黄岩区,0576,极氪能源超级充电站(台州黄岩中国模具博览城极充站),"121.250650,28.677458",121.25065,28.677458,B0LAAPMI6W,121.24643049854808,28.68057556896149
,长塘村大桥路626号,,330000,331003,浙江省,台州市,汽车服务;汽车养护/装饰;汽车养护,010400,黄岩区,0576,三杰车饰,"121.252490,28.671080",121.25249,28.67108,B0FFJCVGXU,121.24827064760721,28.674201205573276
,大桥路黄岩·中国模具博览城,,330000,331003,浙江省,台州市,汽车服务;汽车养护/装饰;汽车养护,010400,黄岩区,0576,悦泰汽车养护中心,"121.251146,28.677120",121.251146,28.67712,B0G3A1HXRJ,121.246926446299,28.680237746775173
B0FFICMPYZ,地面停车场,,330000,331003,浙江省,台州市,汽车服务;充电站;充电站,011100,黄岩区,0576,蔚来能源汽车充电站(黄岩模具博览城),"121.250874,28.678074",121.250874,28.678074,B0K6J7Y5OZ,121.24665441693399,28.681191193055575
,北城104国道转盘处黄岩中国模具博览城地上停车场/入口大桥路西南1门进入左拐即到,,330000,331003,浙江省,台州市,汽车服务;充电站;专用充电站,011103,黄岩区,0576,特斯拉超级充电站(台州市中国黄岩模具博览城),"121.250725,28.677702",121.250725,28.677702,B0J2475SGU,121.24650546854646,28.68081942089928
,大桥路与半桥路交叉口东南60米,,330000,331003,浙江省,台州市,汽车服务;汽车服务相关;汽车服务相关,010000,黄岩区,0576,王小弟车品汇,"121.254324,28.667060",121.254324,28.66706,B0HK3DL5X0,121.25010447301321,28.670183296337473
,大桥路与北院大道交叉口东北100米,,330000,331003,浙江省,台州市,汽车服务;汽车养护/装饰;汽车养护,010400,黄岩区,0576,汽车美容,"121.251323,28.677151",121.251323,28.677151,B0L11LLT4P,121.24710341342627,28.68026871782373
,大桥路651号,,330000,331003,浙江省,台州市,汽车服务;汽车服务相关;汽车服务相关,010000,黄岩区,0576,好快全汽配,"121.252962,28.668390",121.252962,28.66839,B0FFLDEULU,121.24874274399625,28.671512726107228
B0FFICN2T3,北城104国道转盘处地面停车场,,330000,331003,浙江省,台州市,汽车服务;充电站;充电站,011100,黄岩区,0576,特来电汽车充电站(台州黄岩模具博览城充电站),"121.250576,28.677904",121.250576,28.677904,B0FFL7SA9A,121.24635647492467,28.681021306226814
,北城街道新宅村,,330000,331003,浙江省,台州市,汽车服务;加油站;中国石化,010101,黄岩区,0576,中国石化拱东加油站,"121.249063,28.680352",121.249063,28.680352,B0240045QX,121.24484345568439,28.683467854045873
B0240045QX,北城街道新宅村中国石化拱东加油站,,330000,331003,浙江省,台州市,汽车服务;洗车场;洗车场,010500,黄岩区,0576,台州黄岩拱东易捷养车洗车店,"121.249162,28.680335",121.249162,28.680335,B0LBZHNRQF,121.2449424488668,28.68345086630864
,中国石化拱东加油站东北侧70米,,330000,331003,浙江省,台州市,购物服务;专卖店;专营店|汽车服务;汽车服务相关;汽车服务相关,061200|010000,黄岩区,0576,汇源电池(大桥路店),"121.249696,28.680758",121.249696,28.680758,B0L14X391Q,121.24547636519861,28.683873618058634
B0I25ZE5V9,北城街道翠萍春晓北大门,,330000,331003,浙江省,台州市,汽车服务;充电站;充电站,011100,黄岩区,0576,特来电目的地充电站(台州天时利新能源充电站),"121.248760,28.679245",121.24876,28.679245,B0H3S4IMHS,121.24454056340042,28.682361506783593
,翠华路与二环北路辅路交叉口东200米,,330000,331003,浙江省,台州市,汽车服务;汽车服务相关;汽车服务相关,010000,黄岩区,0576,五菱汽车(台州首珲新能源店),"121.249123,28.670324",121.249123,28.670324,B0JD9RS1EE,121.24490422449487,28.6734457946093
,清献街51-53-55,,330000,331003,浙江省,台州市,汽车服务;汽车配件销售;汽车配件销售,010800,黄岩区,0576,吴尧轮胎轮毂,"121.249929,28.666845",121.249929,28.666845,B0JG6SH4JP,121.24571041252932,28.66996883158769
,翠华路与82省道交叉口东180米,,330000,331003,浙江省,台州市,汽车服务;汽车养护/装饰;汽车养护,010400,黄岩区,0576,绕一圈贴膜中心,"121.249125,28.670325",121.249125,28.670325,B0L3HOCXAC,121.24490622425257,28.67344679406442
,北城街道台州市公安局高速交通警察支队,,330000,331003,浙江省,台州市,汽车服务;充电站;充电站,011100,黄岩区,0576,来点电汽车充电站(三大队4号),"121.246960,28.673610",121.24696,28.67361,B0JKP4JHC8,121.24274105027028,28.676729727794815
,北城街道五里牌村,,330000,331003,浙江省,台州市,汽车服务;充电站;充电站,011100,黄岩区,0576,万城万充汽车充电站(浙江元基汽车集团充电站-交流区),"121.248795,28.667698",121.248795,28.667698,B0KB3C0ZTK,121.24457645184117,28.670821321319057
,北城街道台州市公安局高速交通警察支队,,330000,331003,浙江省,台州市,汽车服务;充电站;充电站,011100,黄岩区,0576,来点电汽车充电站(三大队3号),"121.246925,28.673615",121.246925,28.673615,B0JKU4CEUF,121.24270604953554,28.676734721219898
,北城街道台州市公安局高速交通警察支队,,330000,331003,浙江省,台州市,汽车服务;充电站;充电站,011100,黄岩区,0576,来点电汽车充电站(三大队1号),"121.246780,28.673740",121.24678,28.67374,B0JKP4R3OH,121.24256103789335,28.676859631923758
,北城街道二环北路168号,,330000,331003,浙江省,台州市,汽车服务;二手车交易;二手车交易,011000,黄岩区,0576,台州宝驿宝马BMW&官方认证二手车旗舰店,"121.246731,28.670506",121.246731,28.670506,B0G2K1XPNP,121.24251228648949,28.673627529588416
,北城街道五里牌村(红绿灯口),,330000,331003,浙江省,台州市,汽车服务;汽车租赁;汽车租赁,010900,黄岩区,0576,滴滴出行台州司机服务中心五里牌店,"121.247953,28.668088",121.247953,28.668088,B0GUB7OW6Y,121.24373446448726,28.671211052350476
,黄岩北城街道拱新大道2-1号,,330000,331003,浙江省,台州市,汽车服务;加油站;中国石化,010101,黄岩区,0576,中国石化五里牌加油站,"121.246963,28.667377",121.246963,28.667377,B0I6LU3FMJ,121.24274453108934,28.670500383877553
B0GUV7V18Q,北城街道北城康乐幼儿园(西南门)广汽本田黄岩店地面停车场2,,330000,331003,浙江省,台州市,汽车服务;充电站;充电站,011100,黄岩区,0576,特来电汽车充电站(台州黄岩国瑞一汽大众充电站),"121.247847,28.668050",121.247847,28.66805,B0IK3DROE7,121.24362847066504,28.67117306740406
,江山壹品苑北区北门旁,,330000,331003,浙江省,台州市,汽车服务;汽车养护/装饰;汽车养护,010400,黄岩区,0576,鸿车坊汽车装潢部,"121.246060,28.666814",121.24606,28.666814,B0JB1ZG42E,121.24184154901062,28.669937603548597
,梅青街与梅振路交叉口西80米,,330000,331003,浙江省,台州市,汽车服务;汽车养护/装饰;汽车养护,010400,黄岩区,0576,车e家汽车美容服务会所,"121.345475,28.674410",121.345475,28.67441,B0FFIWQ09M,121.3411040578647,28.677401603073623
,梅振路与梅青街交叉口南100米,,330000,331003,浙江省,台州市,汽车服务;汽车配件销售;汽车配件销售,010800,黄岩区,0576,路欧锋轮胎(梅振路店),"121.346217,28.673682",121.346217,28.673682,B0GUAOE3HK,121.34184458442792,28.676672705590693
,上辇三江新村道头5-8号,,330000,331003,浙江省,台州市,汽车服务;汽车养护/装饰;汽车养护|汽车服务;洗车场;洗车场,010400|010500,黄岩区,0576,车乐士,"121.350479,28.672444",121.350479,28.672444,B0FFMCEN9M,121.34609808104003,28.67542797074546
,江口镇上辇村附近,,330000,331003,浙江省,台州市,汽车服务;加油站;加油站,010100,黄岩区,0576,加油站(仅柴油),"121.341964,28.677741",121.341964,28.677741,B02400TZYA,121.33760015471854,28.680737005372322
,上辇教堂对面,,330000,331003,浙江省,台州市,汽车服务;汽车配件销售;汽车配件销售|汽车维修;汽车维修;汽车维修,010800|030000,黄岩区,0576,上辇汽修,"121.346179,28.672340",121.346179,28.67234,B0FFFCVV9A,121.34180676821435,28.675331564620983
,梅振路206号,,330000,331003,浙江省,台州市,汽车服务;汽车服务相关;汽车服务相关,010000,黄岩区,0576,车乐土,"121.346000,28.672243",121.346,28.672243,B0LAUZ38AJ,121.34162814438882,28.675234941390144
,马上线,,330000,331003,浙江省,台州市,汽车服务;加油站;中国石化,010101,黄岩区,0576,中国石化江口加油站(马上线),"121.338712,28.677585",121.338712,28.677585,B0240045R0,121.33435512914134,28.680587126574746
,马上线与三江路交叉口东120米,,330000,331003,浙江省,台州市,汽车服务;洗车场;洗车场,010500,黄岩区,0576,国顺洗车场,"121.339475,28.677575",121.339475,28.677575,B0LR15S0RY,121.33511648550511,28.68057570918771
,江口街道上湗王村一区6幢4号,,330000,331003,浙江省,台州市,汽车服务;洗车场;洗车场,010500,黄岩区,0576,台州市黄岩宾宾洗车服务部,"121.341674,28.672109",121.341674,28.672109,B0L3RZO8QZ,121.33731121309995,28.675108871972608
,城市天然气有限公司东北侧160米,,330000,331002,浙江省,台州市,汽车服务;汽车服务相关;汽车服务相关,010000,椒江区,0576,台州天然气,"121.361623,28.678913",121.361623,28.678913,B0KRKD36DH,121.35722101231401,28.681875255323888
,大闸路与永盛路交叉口北100米,,330000,331003,浙江省,台州市,汽车服务;汽车服务相关;汽车服务相关,010000,黄岩区,0576,全国车辆年审,"121.335258,28.681111",121.335258,28.681111,B0JRGR8EN8,121.33090836575285,28.684117520324286
,大闸路与马上线交叉口西南20米,,330000,331003,浙江省,台州市,汽车服务;汽车配件销售;汽车配件销售,010800,黄岩区,0576,丰硕汽配,"121.335306,28.677045",121.335306,28.677045,B0JAAONACB,121.33095657978947,28.680053855819562
,江口街道大闸路,,330000,331003,浙江省,台州市,汽车服务;汽车服务相关;汽车服务相关,010000,黄岩区,0576,黄岩江口秀国轮胎经营部,"121.334653,28.676748",121.334653,28.676748,B0FFFCOO7X,121.33030503412051,28.67975826933522
,葭芷街道三山村西区6幢139号,,330000,331002,浙江省,台州市,汽车服务;汽车配件销售;汽车配件销售,010800,椒江区,0576,小陈轮胎行(补胎换胎.流动补胎),"121.364293,28.685213",121.364293,28.685213,B0L2PZQGFT,121.35988609373254,28.68816762097211
,椒江外贸罐头食品厂西侧240米,,330000,331002,浙江省,台州市,汽车服务;汽车养护/装饰;汽车养护,010400,椒江区,0576,贺氏汽车养护,"121.365806,28.678526",121.365806,28.678526,B0G3LDH1RE,121.36139721674529,28.68148253512991
,江口街道永椒路88号,,330000,331003,浙江省,台州市,汽车服务;加油站;加油站,010100,黄岩区,0576,浙江石油综合供能三江口加油站,"121.330241,28.685569",121.330241,28.685569,B0G39NLA3J,121.32590207345883,28.688582388723702
,葭沚街道黄海公路1271号,,330000,331002,浙江省,台州市,汽车服务;加油站;中国石化,010101,椒江区,0576,中国石化高坎加油站,"121.371806,28.677499",121.371806,28.677499,B0240045R1,121.3673885202724,28.680448480585106
B0240045R1,葭沚街道黄海公路1271号中国石化高坎加油站,,330000,331002,浙江省,台州市,汽车服务;汽车养护/装饰;汽车养护,010400,椒江区,0576,驿公里洗车(中石化台州椒江高坎一站店),"121.371825,28.677525",121.371825,28.677525,B0L0SGHX4Q,121.36740749245239,28.680474442589837
,黄椒路191号,,330000,331003,浙江省,台州市,汽车服务;汽车配件销售;汽车配件销售,010800,黄岩区,0576,青岛现代叉车销售维修,"121.328388,28.672331",121.328388,28.672331,B0GDR9DQ6G,121.32405421783712,28.675355829618212
,黄椒路910号,,330000,331003,浙江省,台州市,汽车服务;汽车配件销售;汽车配件销售,010800,黄岩区,0576,出售各种轮胎,"121.328366,28.672259",121.328366,28.672259,B0JR9CLH7F,121.32403227226786,28.67528391409106
,,,330000,331003,浙江省,台州市,汽车服务;汽车服务相关;汽车服务相关,010000,黄岩区,0576,轮毂改装升级,"121.326420,28.673944",121.32642,28.673944,B0KRMR4I4C,121.32209045712416,28.67697164243686
,江口街与永达路交叉口西120米,,330000,331003,浙江省,台州市,汽车服务;洗车场;洗车场,010500,黄岩区,0576,老程汽车服务部,"121.325716,28.675553",121.325716,28.675553,B0FFLI41YX,121.32138789256872,28.67858103603536
,,,330000,331003,浙江省,台州市,汽车服务;汽车服务相关;汽车服务相关,010000,黄岩区,0576,恒美汽车服务点击,"121.325581,28.674455",121.325581,28.674455,B0FFLHN3FF,121.32125327784935,28.677483943905212
,江金路与江口街交叉口东南160米,,330000,331003,浙江省,台州市,汽车服务;汽车服务相关;汽车服务相关,010000,黄岩区,0576,恒美洗车服务中心,"121.325579,28.674432",121.325579,28.674432,B0L33Z9LTL,121.3212512840839,28.677460961325323
,江金路与江口街交叉口东南120米,,330000,331003,浙江省,台州市,汽车服务;汽车配件销售;汽车配件销售,010800,黄岩区,0576,全诺轮胎(江金路店),"121.325121,28.674592",121.325121,28.674592,B0KRPHJLFZ,121.32079428691071,28.67762174145261
,江金路江口街262号,,330000,331003,浙江省,台州市,汽车服务;汽车养护/装饰;汽车养护,010400,黄岩区,0576,广进洗车场,"121.324403,28.675018",121.324403,28.675018,B0FFL2K4XU,121.32007784450957,28.6780488596867
,江口街道山后洋村(江口红绿灯欧凯超市路口往南180米),,330000,331003,浙江省,台州市,汽车服务;汽车养护/装饰;汽车养护|汽车维修;汽车维修;汽车维修,010400|030000,黄岩区,0576,锦鸿汽车维修,"121.325446,28.668834",121.325446,28.668834,B0FFKEGY6Z,121.32111901700775,28.671866506650353
,江口街道江山路150号(黄椒路和路口),,330000,331003,浙江省,台州市,汽车服务;汽车服务相关;汽车服务相关,010000,黄岩区,0576,善富叉车出租(江口店),"121.324274,28.670913",121.324274,28.670913,B0J07M3L9D,121.31994945134068,28.673946525706956
,江口街道江山路46号,,330000,331003,浙江省,台州市,汽车服务;洗车场;洗车场,010500,黄岩区,0576,兵兵自助洗车服务部,"121.323350,28.672667",121.32335,28.672667,B0K39SGAS6,121.31902735917438,28.67570125493159
,江山路50号,,330000,331003,浙江省,台州市,汽车服务;洗车场;洗车场,010500,黄岩区,0576,刷刷乐自助洗车,"121.323425,28.672726",121.323425,28.672726,B0KRU7ZC41,121.3191021886668,28.675760077358124
,旭业工贸有限公司西南门旁,,330000,331003,浙江省,台州市,汽车服务;汽车配件销售;汽车配件销售,010800,黄岩区,0576,力士轮胎,"121.322360,28.675437",121.32236,28.675437,B0HA65BT00,121.31803933043199,28.678471501398086
,江口街道江口街374号,,330000,331003,浙江省,台州市,汽车服务;汽车配件销售;汽车配件销售,010800,黄岩区,0576,西湖轮胎,"121.321829,28.673847",121.321829,28.673847,B0I0XSD72U,121.31750962655782,28.676883450093463
B0IAK5G5QC,江口街道社区卫生服务中心地面停车场,,330000,331003,浙江省,台州市,汽车服务;充电站;充电站,011100,黄岩区,0576,均悦充汽车充电站(台州黄岩江口街道社区卫生服务中心),"121.321050,28.673954",121.32105,28.673954,B0JR07V4DR,121.31673233480744,28.676991863425705
,江口街道江金路132号,,330000,331003,浙江省,台州市,汽车服务;汽车养护/装饰;汽车养护|汽车维修;汽车维修;汽车维修,010400|030000,黄岩区,0576,阿剑汽修,"121.321324,28.673575",121.321324,28.673575,B0IAM7MHV3,121.31700576099843,28.676612568231878
,江口街道374-376号,,330000,331003,浙江省,台州市,汽车服务;汽车配件销售;汽车配件销售|汽车维修;汽车维修;汽车维修,010800|030000,黄岩区,0576,龙龙轮胎商行,"121.321145,28.673488",121.321145,28.673488,B0FFIWN52I,121.31682716205611,28.676525958666645
,江口街337号(卫生院向西南30米),,330000,331003,浙江省,台州市,汽车服务;汽车配件销售;汽车配件销售,010800,黄岩区,0576,阿会轮胎商行,"121.320684,28.673518",121.320684,28.673518,B0FFKEYURC,121.31636717428401,28.676556813441305
,江口街道卫生院南门西70米,,330000,331003,浙江省,台州市,汽车服务;汽车配件销售;汽车配件销售,010800,黄岩区,0576,佳通轮胎,"121.320725,28.673625",121.320725,28.673625,B0LGNOXG7K,121.31640807573727,28.676663672739018
,江口街与小学路交叉口西60米,,330000,331003,浙江省,台州市,汽车服务;汽车配件销售;汽车配件销售,010800,黄岩区,0576,思晨轮胎商行,"121.320712,28.673519",121.320712,28.673519,B0L6PUCXGQ,121.31639511261741,28.67655775989333
,江口街道,,330000,331003,浙江省,台州市,汽车服务;充电站;充电站,011100,黄岩区,0576,云快充目的地充电站(台州市碧水清泉生态农业有限公司),"121.319020,28.672674",121.31902,28.672674,B0L1LBEM04,121.314706891512,28.6757164495665
,葭沚街道教七路乌石河停车场,,330000,331002,浙江省,台州市,汽车服务;充电站;充电站,011100,椒江区,0576,特来电汽车充电站(台州椒江乌石河停车场充电站),"121.384180,28.681332",121.38418,28.681332,B0LU3X93GO,121.37974845873124,28.68426712288526
,葭沚街道东平路台州骨科医院,,330000,331002,浙江省,台州市,汽车服务;充电站;充电站,011100,椒江区,0576,特来电汽车充电站(台州椒江东平路停车场充电站),"121.384360,28.669401",121.38436,28.669401,B0LUT6YTF4,121.37992925218494,28.67234305604398
,江口街道永固路12号白鸽科创园,,330000,331003,浙江省,台州市,汽车服务;充电站;充电站,011100,黄岩区,0576,特来电汽车充电站(台州白鸽科创园充电站),"121.315290,28.666416",121.31529,28.666416,B0LU47YYEN,121.31098548565862,28.669469071813808
,江口街道大闸路,,330000,331003,浙江省,台州市,汽车服务;汽车配件销售;汽车配件销售|汽车服务;汽车养护/装饰;汽车养护|汽车维修;汽车维修;汽车维修,010800|010400|030000,黄岩区,0576,德国马牌轮胎(秀国店)(暂停营业),"121.334754,28.676823",121.334754,28.676823,B0HAJ95ZXU,121.33040580670566,28.679833033297818
,沿江镇水洋村,,330000,331082,浙江省,台州市,汽车服务;加油站;中国石化,010101,临海市,0576,中国石化大庆加油站,"121.238721,28.736956",121.238721,28.736956,B024004Y55,121.23449565049386,28.74003393283101
,置信创业园,,330000,331082,浙江省,台州市,汽车服务;充电站;充电站,011100,临海市,0576,云快充汽车充电站(台州临海德濠创业园区充电站),"121.241459,28.721394",121.241459,28.721394,B0KU5KND21,121.23723567060313,28.724483075154716
B024004Y55,沿江镇水洋村大庆加油站,,330000,331082,浙江省,台州市,汽车服务;洗车场;洗车场,010500,临海市,0576,台州临海大庆易捷养车洗车店,"121.238724,28.736954",121.238724,28.736954,B0LBHHZ9PN,121.23449865171457,28.740031935388878
B0FFL6MZUB,沿江镇置信创业园第14幢,,330000,331082,浙江省,台州市,汽车服务;汽车服务相关;汽车服务相关,010000,临海市,0576,众祥汽车科技有限公司,"121.241618,28.719195",121.241618,28.719195,B0HGAZ15XL,121.23739487836325,28.72228553801416
,沿江镇上金村104国道旁,,330000,331082,浙江省,台州市,汽车服务;汽车服务相关;汽车服务相关,010000,临海市,0576,临海市亿嘉汽车零部件有限公司,"121.241487,28.730082",121.241487,28.730082,B0JGLCLNU8,121.23726300585184,28.733165447019715
,沿江镇水洋大道33号台州市合盛公司旁边,,330000,331082,浙江省,台州市,汽车服务;汽车养护/装饰;汽车养护,010400,临海市,0576,溪滨洗车场,"121.239147,28.738300",121.239147,28.7383,B0FFL7LB4R,121.2349216942109,28.741377216477463
,石牛村倒牌坊6一7号,,330000,331082,浙江省,台州市,汽车服务;汽车配件销售;汽车配件销售,010800,临海市,0576,轮胎店,"121.242886,28.720971",121.242886,28.720971,B0FFIL803W,121.23866300488429,28.724060752234188
,下洋水村119号,,330000,331082,浙江省,台州市,汽车服务;汽车配件销售;汽车配件销售,010800,临海市,0576,临海市阿特拉斯轮胎店,"121.240004,28.738892",121.240004,28.738892,B0H6FN1XP5,121.23577892261522,28.741969150653965
,置信创业园东南侧110米,,330000,331082,浙江省,台州市,汽车服务;汽车养护/装饰;汽车养护,010400,临海市,0576,HANKOOK,"121.242861,28.720933",121.242861,28.720933,B0L35ZDVA2,121.2386380032733,28.724022770264074
,水洋大道90号,,330000,331082,浙江省,台州市,汽车服务;汽车配件销售;汽车配件销售|汽车维修;汽车维修;汽车维修,010800|030000,临海市,0576,玛吉斯轮胎店,"121.241891,28.741662",121.241891,28.741662,B0FFKJC63M,121.23766620410932,28.7447379333152
,沿江镇水洋大道98号,,330000,331082,浙江省,台州市,汽车服务;汽车配件销售;汽车配件销售,010800,临海市,0576,沿江汽车电器,"121.241880,28.741689",121.24188,28.741689,B0FFKJFXZE,121.23765519956366,28.7447649121136
,沿江镇兰道村404号修水箱油箱铝焊铜焊氩弧焊打黄油,,330000,331082,浙江省,台州市,汽车服务;汽车配件销售;汽车配件销售|汽车维修;汽车维修;汽车维修,010800|030000,临海市,0576,佳安轮胎(专修水箱油箱),"121.312492,28.710898",121.312492,28.710898,B0ID4DP401,121.3081900026316,28.71392917297562
,乐庭塑业,,330000,331082,浙江省,台州市,汽车服务;充电站;充电站,011100,临海市,0576,特来电汽车充电站(特来电台州临海沿江镇乐庭塑业充电站),"121.301858,28.724969",121.301858,28.724969,B0JUBLD3WG,121.29757660591821,28.728009675057987
,327省道与沿江路交叉口西120米,,330000,331082,浙江省,台州市,汽车服务;汽车配件销售;汽车配件销售,010800,临海市,0576,威狮轮胎,"121.328232,28.726009",121.328232,28.726009,B0GUU6YSLT,121.32389435611329,28.72900087162157
,沿江镇西岑中学路口,,330000,331082,浙江省,台州市,汽车服务;充电站;充电站,011100,临海市,0576,中国石化汽车充电站(临海沿江镇西岑中学路口充电站),"121.301040,28.727250",121.30104,28.72725,B0LAYBUKEM,121.29676000998106,28.73029053787075
,沿江镇西岑村4-280,,330000,331082,浙江省,台州市,汽车服务;汽车配件销售;汽车配件销售,010800,临海市,0576,建大轮胎(西岑店),"121.299436,28.728282",121.299436,28.728282,B0LG0S4B72,121.29515898843354,28.73132446193819
,马上线与连接线交叉口西北160米,,330000,331082,浙江省,台州市,汽车服务;汽车配件销售;汽车配件销售,010800,临海市,0576,临海市亭山轮胎店,"121.318953,28.697989",121.318953,28.697989,B0LG3Y6NKL,121.31463805989804,28.70101628619328
,沿江镇山岙,,330000,331082,浙江省,台州市,汽车服务;充电站;充电站,011100,临海市,0576,特来电汽车充电站(台州力电临海上百岩充电站),"121.290300,28.730711",121.2903,28.730711,B0L0NCSQM9,121.28603900562156,28.73376555734653
,涌泉镇后泾村,,330000,331082,浙江省,台州市,汽车服务;汽车养护/装饰;汽车养护|汽车服务;洗车场;洗车场|汽车维修;汽车综合维修;汽车综合维修,010400|010500|030100,临海市,0576,惠翔汽修中心,"121.349904,28.717557",121.349904,28.717557,B0G26RMNGB,121.34552066436368,28.720514218888336
,沿江路南30米,,330000,331082,浙江省,台州市,汽车服务;加油站;中化道达尔,010112,临海市,0576,中化道达尔玉岘加油站,"121.351692,28.717242",121.351692,28.717242,B0FFLK5GG8,121.3473051653095,28.72019636121199
,马杜线,,330000,331003,浙江省,台州市,汽车服务;汽车配件销售;汽车配件销售,010800,黄岩区,0576,玛吉斯轮胎(马杜线店),"121.288107,28.693423",121.288107,28.693423,B0FFL2G0AM,121.28385244580655,28.696504170209128
,沿江镇长甸水洞,,330000,331082,浙江省,台州市,汽车服务;加油站;中国石化,010101,临海市,0576,中国石化长甸加油站,"121.279846,28.742248",121.279846,28.742248,B024004E4M,121.27559964574478,28.74530787898617
,章安街道小友面馆杉恒服饰,,330000,331002,浙江省,台州市,汽车服务;充电站;充电站,011100,椒江区,0576,特来电汽车充电站(台州市机动车考试服务中心东门充电站),"121.364190,28.734818",121.36419,28.734818,B0L6JX3VSN,121.35977933428775,28.737741431687144
,沿江路与永丰路交叉口东北20米,,330000,331002,浙江省,台州市,汽车服务;汽车租赁;汽车租赁,010900,椒江区,0576,汽车租赁,"121.367906,28.714025",121.367906,28.714025,B0JRR5TB8G,121.36349119232435,28.716956845688326
,章安街道台州丝绸服装城东面停车场,,330000,331002,浙江省,台州市,汽车服务;充电站;充电站,011100,椒江区,0576,特来电汽车充电站(特来电台州三合丝绸服装城充电站),"121.375440,28.710983",121.37544,28.710983,B0JGXR17BV,121.37101518678716,28.713907819862484
,沿江镇黄土山村,,330000,331082,浙江省,台州市,汽车服务;汽车服务相关;汽车服务相关,010000,临海市,0576,煌狐狸汽车科技,"121.247514,28.703676",121.247514,28.703676,B0G06SQ642,121.24329272817374,28.706777507536135
,括苍镇九台沟村,,330000,331082,浙江省,台州市,汽车服务;充电站;专用充电站,011103,临海市,0576,云快充汽车充电站(临海市方溪水库投资发展有限公司),"121.001980,28.826778",121.00198,28.826778,B0L3ANPPHA,120.99778257083666,28.829792249104806
,括苍镇麻峙村长安路66号,,330000,331082,浙江省,台州市,汽车服务;汽车配件销售;汽车配件销售,010800,临海市,0576,军敏轮胎店,"120.988637,28.850846",120.988637,28.850846,B0IKRHILJ4,120.98448550709514,28.85388253064071
,双庙乡翁森纪念馆地面停车场,,330000,331024,浙江省,台州市,汽车服务;充电站;充电站,011100,仙居县,0576,特来电汽车充电站(台州仙居双庙乡交水集团充电站),"120.855600,28.799396",120.8556,28.799396,B0J2TZXKL3,120.85159393065764,28.802581869194796
,管铁线附近,,330000,331024,浙江省,台州市,汽车服务;加油站;加油站,010100,仙居县,0576,美顺达双庙加油站,"120.842599,28.796789",120.842599,28.796789,B0FFIHRZ0Q,120.83856869470574,28.799954515638113
,江南街道035乡道江南溪望谷,,330000,331082,浙江省,台州市,汽车服务;充电站;充电站,011100,临海市,0576,特来电汽车充电站(特来电台州临海市江南溪望谷充电站),"121.095800,28.783289",121.0958,28.783289,B0K2MXXG7W,121.09138620949997,28.786154379693805
,下各镇镇西南路166号,,330000,331024,浙江省,台州市,汽车服务;加油站;加油站,010100,仙居县,0576,浙江石油仙居下各南加油站,"120.843593,28.851611",120.843593,28.851611,B0ID2DKUNK,120.83956054484565,28.85473785563482
,镇西南路166号,,330000,331024,浙江省,台州市,汽车服务;充电站;充电站,011100,仙居县,0576,汽车充电站(浙江石油下各南综合功能服务站),"120.843264,28.851564",120.843264,28.851564,B0K2BU9XM3,120.83923089605227,28.8546903006011
,望江小区7-8幢与6幢中间043号第一个车位,,330000,331082,浙江省,台州市,汽车服务;充电站;充电站,011100,临海市,0576,特来电7KW慢充公共桩,"121.101791,28.844909",121.101791,28.844909,B0L2UUEIEF,121.09737152313735,28.847729532388612
,中兴路望江小区,,330000,331082,浙江省,台州市,汽车服务;汽车养护/装饰;汽车养护,010400,临海市,0576,桥下洗车,"121.105647,28.842134",121.105647,28.842134,B0HB7X1PHU,121.10122815530022,28.844957530958194
,汛桥镇新时代文明实践所地面停车场,,330000,331082,浙江省,台州市,汽车服务;充电站;充电站,011100,临海市,0576,特来电汽车充电站(特来电台州临海汛桥镇文化礼堂充电站),"121.175083,28.792691",121.175083,28.792691,B0J6NRNA2U,121.1707650595322,28.795645609647856
,汛桥镇利丰村,,330000,331082,浙江省,台州市,汽车服务;加油站;中国石化,010101,临海市,0576,中国石化临海安达加油站,"121.184149,28.792400",121.184149,28.7924,B0240045QH,121.17984895688606,28.795371694366548
,汛大东路26号(交警队隔壁),,330000,331082,浙江省,台州市,汽车服务;充电站;充电站,011100,临海市,0576,新能源汽车充电站,"121.180195,28.793041",121.180195,28.793041,B0I165UM57,121.17588717794308,28.796004938947323
,汛桥镇汛东村104国道旁(汛桥派出所对面往东200米),,330000,331082,浙江省,台州市,汽车服务;加油站;加油站,010100,临海市,0576,中国海油协和石油加油站(临海站),"121.185574,28.792201",121.185574,28.792201,B02400TZE1,121.18127672093235,28.795175432573853
,浙江昕凌供应链管理有限公司东门旁,,330000,331082,浙江省,台州市,汽车服务;汽车服务相关;汽车服务相关,010000,临海市,0576,台州绿虎汽车服务有限公司,"121.183680,28.792099",121.18368,28.792099,B0JAZ730IW,121.17937907107901,28.795070050058474
,汛桥镇国家电网汛桥供电服务站地面停车场,,330000,331082,浙江省,台州市,汽车服务;充电站;充电站,011100,临海市,0576,国家电网汽车充电站(浙江省临海市汛桥供电服务站充电站),"121.182880,28.793088",121.18288,28.793088,B0J0GNDXPV,121.17857743774789,28.79605687530845
,国家电网汛桥供电服务站南门旁,,330000,331082,浙江省,台州市,汽车服务;汽车租赁;汽车租赁,010900,临海市,0576,灿灿新能源汽车超市(临海店),"121.182622,28.793061",121.182622,28.793061,B0JD9ZZ698,121.17831893673247,28.79602941945409
,汛桥街与汛汇路交叉口东北100米,,330000,331082,浙江省,台州市,汽车服务;汽车养护/装饰;汽车养护,010400,临海市,0576,闪炫越鸿,"121.176256,28.793391",121.176256,28.793391,B0LUV1ETTD,121.17194034280736,28.796347317839892
,汛大西路8号,,330000,331082,浙江省,台州市,汽车服务;汽车养护/装饰;汽车养护,010400,临海市,0576,光林汽车养护,"121.178518,28.793951",121.178518,28.793951,B0K0U16RFF,121.17420679279874,28.79691116064761
,讯大路与蒋山路交叉口西北60米,,330000,331082,浙江省,台州市,汽车服务;汽车养护/装饰;汽车养护,010400,临海市,0576,军皓汽车美容会所,"121.176736,28.794664",121.176736,28.794664,B02400U7JZ,121.17242119865489,28.797620310665312
,汛桥镇G104,,330000,331082,浙江省,台州市,汽车服务;二手车交易;二手车交易,011000,临海市,0576,阿敏二手车,"121.175758,28.795624",121.175758,28.795624,B0H1VHSR1P,121.17144117595736,28.798577785286007
,讯大路与汛光路交叉口东南220米,,330000,331082,浙江省,台州市,汽车服务;汽车配件销售;汽车配件销售,010800,临海市,0576,卫星汽配,"121.175551,28.796000",121.175551,28.796,B0G3T9RH98,121.17123373390696,28.798953126568392
,汛桥镇利民村利庄村2-1号,,330000,331082,浙江省,台州市,汽车服务;汽车配件销售;汽车配件销售,010800,临海市,0576,韩泰轮胎(汛大路店),"121.174919,28.796906",121.174919,28.796906,B0FFLDUBQ4,121.17060040245154,28.799857287386082
,利庄村2-2号,,330000,331082,浙江省,台州市,汽车服务;汽车配件销售;汽车配件销售,010800,临海市,0576,阿跃汽车电器,"121.174942,28.796941",121.174942,28.796941,B0KDGAFSJ5,121.17062344560432,28.799892305633747
,汛桥镇杨梅周岙村,,330000,331082,浙江省,台州市,汽车服务;加油站;中国石化,010101,临海市,0576,中国石化杨梅岭加油站,"121.208536,28.792302",121.208536,28.792302,B0240045QJ,121.20427815961582,28.795313823521134
,汛桥镇杨梅村,,330000,331082,浙江省,台州市,汽车服务;加油站;中国石化,010101,临海市,0576,中国石化杨梅加油站,"121.217398,28.793052",121.217398,28.793052,B0FFGWIHVL,121.21315174400392,28.796074532906502
,江南街道小溪村1-127号,,330000,331082,浙江省,台州市,汽车服务;洗车场;洗车场,010500,临海市,0576,车澡堂洗车场,"121.124075,28.784490",121.124075,28.78449,B0H3TOOA08,121.11967207375251,28.787368181946587
,江南街道白岩山前村,,330000,331082,浙江省,台州市,汽车服务;加油站;中国石化,010101,临海市,0576,中国石化小溪加油站,"121.125730,28.792122",121.12573,28.792122,B024004XH0,121.12132818751438,28.79499651165636
,江南街道907县道,,330000,331082,浙江省,台州市,汽车服务;洗车场;洗车场,010500,临海市,0576,小溪洗车场,"121.124575,28.785275",121.124575,28.785275,B0FFI98VHM,121.12017251926522,28.788153144295375
B0LDTH7ARH,汛桥镇台州永垚水泥制品有限公司南侧80米龙角里驿站,,330000,331082,浙江省,台州市,汽车服务;充电站;充电站,011100,临海市,0576,特来电汽车充电站(特来电台州临海汛桥公路驿站充电站),"121.226990,28.792978",121.22699,28.792978,B0LUCCI7OC,121.22275335370114,28.79601007470039
,佳鑫模具西南侧230米,,330000,331082,浙江省,台州市,汽车服务;汽车服务相关;汽车服务相关,010000,临海市,0576,英轩工程机械,"121.237716,28.772101",121.237716,28.772101,B0KAVH5WBN,121.23348755301043,28.77515467272887
,沿江镇青岭,,330000,331082,浙江省,台州市,汽车服务;加油站;中国石化,010101,临海市,0576,中国石化临海青岭加油站,"121.241279,28.786142",121.241279,28.786142,B0240045QN,121.23705061713113,28.7891871932361
,台州临海青岭加油,,330000,331082,浙江省,台州市,汽车服务;充电站;充电站,011100,临海市,0576,中国石化汽车充电站(临海青岭加油充电站),"121.241268,28.785888",121.241268,28.785888,B0LG2BESM5,121.2370396340645,28.788933369418586
,沿江路与丰收路交叉口西360米,,330000,331082,浙江省,台州市,汽车服务;汽车服务相关;汽车服务相关,010000,临海市,0576,快洁汽车服务,"121.310475,28.754941",121.310475,28.754941,B0HBXPP4LI,121.30617381990245,28.757946915320588
,涌泉镇涌泉公园,,330000,331082,浙江省,台州市,汽车服务;充电站;充电站,011100,临海市,0576,特来电汽车充电站(特来电临海市涌泉镇江滨公园公共充电站),"121.314125,28.753605",121.314125,28.753605,B0JGOR12TC,121.30981617925883,28.756605194242034
,涌泉镇中国临海旗袍城(红灯笼连锁超市涌泉分店隔壁),,330000,331082,浙江省,台州市,汽车服务;充电站;充电站,011100,临海市,0576,特来电目的地充电站(特来电台州临海市涌泉旗袍城充电站),"121.315510,28.753597",121.31551,28.753597,B0LR6MFJY6,121.31119819892902,28.75659464562122
,沿江路170号附近,,330000,331082,浙江省,台州市,汽车服务;加油站;加油站,010100,临海市,0576,中东石化加油站(灵泉路),"121.316459,28.752851",121.316459,28.752851,B0FFGH2SNV,121.31214520327948,28.75584738965834
,沿江路与灵泉街交叉口东120米,,330000,331082,浙江省,台州市,汽车服务;汽车养护/装饰;汽车养护,010400,临海市,0576,车之娇洗车生活体验馆,"121.317158,28.752992",121.317158,28.752992,B0HKPS7WFR,121.3128426738283,28.75598699198423
,涌泉滨江苑东浦路5-7号,,330000,331082,浙江省,台州市,汽车服务;汽车服务相关;汽车服务相关,010000,临海市,0576,涌泉惠农汽车服务中心,"121.317542,28.752203",121.317542,28.752203,B0L6NGR88M,121.31322589960001,28.755197808377158
,涌泉镇管岙村,,330000,331082,浙江省,台州市,汽车服务;加油站;中国石化,010101,临海市,0576,中国石化管岙加油站,"121.253446,28.781173",121.253446,28.781173,B0240045QO,121.24921790204634,28.78422275950198
,涌泉镇管岙村中石化加油站,,330000,331082,浙江省,台州市,汽车服务;洗车场;洗车场,010500,临海市,0576,易捷·澳托猫智能洗车,"121.251744,28.780996",121.251744,28.780996,B0LBHHF609,121.24751630764902,28.784046073202397
,下东山村3-31号,,330000,331082,浙江省,台州市,汽车服务;汽车服务相关;汽车服务相关,010000,临海市,0576,三一挖掘机临海市服务中心,"121.141143,28.814685",121.141143,28.814685,B0FFKUVXUV,121.13675997122228,28.81756345496151
,江南街道东山村,,330000,331082,浙江省,台州市,汽车服务;汽车服务相关;汽车服务相关,010000,临海市,0576,龙工装载机临海旗舰店,"121.140918,28.814670",121.140918,28.81467,B0FFLC6PA0,121.13653461952043,28.817548124551458
,东山村3-33号,,330000,331082,浙江省,台州市,汽车服务;汽车养护/装饰;汽车养护|汽车维修;汽车维修;汽车维修,010400|030000,临海市,0576,车途汽车美容养护,"121.140712,28.814711",121.140712,28.814711,B0GR0RXGT3,121.13632829440137,28.817588783072505
,G104(京福线)江南街道东山村,,330000,331082,浙江省,台州市,购物服务;专卖店;专营店|汽车服务;汽车服务相关;汽车服务相关,061200|010000,临海市,0576,台州市斗金机械有限公司(上柴动力),"121.140869,28.814722",121.140869,28.814722,B0H1XP2GOZ,121.13648553874889,28.81760001234504
,江南街道东山村-玛吉斯轮胎店,,330000,331082,浙江省,台州市,汽车服务;汽车配件销售;汽车配件销售,010800,临海市,0576,玛吉斯轮胎,"121.141201,28.814662",121.141201,28.814662,B0FFLJJ473,121.13681806422376,28.817540559970112
,江南街道东山村3-29号,,330000,331082,浙江省,台州市,汽车服务;汽车养护/装饰;汽车养护|汽车维修;汽车维修;汽车维修,010400|030000,临海市,0576,安安换油服务,"121.140321,28.814781",121.140321,28.814781,B0FFGWLMU5,121.13593668110708,28.817658143418555
,江南街道东山新村3-39号,,330000,331082,浙江省,台州市,汽车服务;汽车服务相关;汽车服务相关,010000,临海市,0576,临海萨威汽保,"121.140318,28.814763",121.140318,28.814763,B0IDUSUAX0,121.13593367788029,28.81764015207953
,江南大道700号,,330000,331082,浙江省,台州市,汽车服务;汽车配件销售;汽车配件销售,010800,临海市,0576,郑伟轮胎店,"121.142447,28.814492",121.142447,28.814492,B0FFLFOY3H,121.13806605814061,28.817372597668285
,江南街道东山村消防队对面,,330000,331082,浙江省,台州市,汽车服务;汽车服务相关;汽车服务相关,010000,临海市,0576,小杨油管,"121.142221,28.814561",121.142221,28.814561,B0FFMH956O,121.13783969044731,28.817441197532382
,江南街道下东山寸2-96号,,330000,331082,浙江省,台州市,汽车服务;汽车服务相关;汽车服务相关,010000,临海市,0576,临海市然语机械设备商行,"121.139775,28.814759",121.139775,28.814759,B0H6OUSDKH,121.13538984119383,28.817635343910332
,江南大道与下叶路交叉口东南160米,,330000,331082,浙江省,台州市,汽车服务;汽车配件销售;汽车配件销售,010800,临海市,0576,朝阳轮胎(京岚线店),"121.142420,28.814518",121.14242,28.814518,B0LUK7TWZ5,121.13803901274252,28.817398536823532
,104国道与江南大道交叉口南160米,,330000,331082,浙江省,台州市,汽车服务;二手车交易;二手车交易,011000,临海市,0576,二手车大卖场直播基地,"121.143521,28.812615",121.143521,28.812615,B0LGSS1LZF,121.13914194553773,28.815498645797174
,江南大道486号,,330000,331082,浙江省,台州市,汽车服务;汽车养护/装饰;汽车养护,010400,临海市,0576,江南大道鑫驰汽车内饰翻新,"121.141387,28.815595",121.141387,28.815595,B0JUP5V1OD,121.13700428365844,28.81847316083521
,104国道南50米,,330000,331082,浙江省,台州市,汽车服务;加油站;加油站,010100,临海市,0576,远洲江南加油站,"121.137201,28.814486",121.137201,28.814486,B0FFFRMF6Q,121.13281200934327,28.81735879839659
,江南大道与下叶路交叉口东120米,,330000,331082,浙江省,台州市,汽车服务;二手车交易;二手车交易,011000,临海市,0576,台运二手车市场,"121.142947,28.815642",121.142947,28.815642,B024006MXK,121.13856677356824,28.818522534239182
,江南大道与下叶路交叉口东80米,,330000,331082,浙江省,台州市,汽车服务;二手车交易;二手车交易,011000,临海市,0576,大地二手车,"121.142416,28.815858",121.142416,28.815858,B0FFI8O2N0,121.13803490063343,28.818737550352953
,江南大道与下叶路交叉口,,330000,331082,浙江省,台州市,汽车服务;汽车服务相关;汽车服务相关,010000,临海市,0576,阿强轮胎服务中心,"121.141554,28.816100",121.141554,28.8161,B0FFLC1M6Z,121.13717150771247,28.818978046239454
,江南大道686号,,330000,331082,浙江省,台州市,汽车服务;二手车交易;二手车交易|汽车销售;汽车销售;汽车销售,011000|020000,临海市,0576,东沧车业,"121.143094,28.815563",121.143094,28.815563,B0FFINABYA,121.13871401801615,28.818443821772615
,江南大道672号台运汽车城,,330000,331082,浙江省,台州市,汽车服务;二手车交易;二手车交易,011000,临海市,0576,飞翔二手车行(江南大道店),"121.142669,28.815697",121.142669,28.815697,B0L0DSMNXG,121.13828832022996,28.818577060868446
,104国道与江南大道交叉口西北160米,,330000,331082,浙江省,台州市,汽车服务;二手车交易;二手车交易,011000,临海市,0576,鸿昇二手车,"121.143234,28.815325",121.143234,28.815325,B0JAHU5ZJA,121.1388542641682,28.818206215149416
,江南大道与下叶路交叉口东100米,,330000,331082,浙江省,台州市,汽车服务;二手车交易;二手车交易,011000,临海市,0576,飞翔二手车,"121.142675,28.815725",121.142675,28.815725,B0L0DSMUH9,121.13829432769136,28.818605049703216
,台运汽车城A7,,330000,331082,浙江省,台州市,汽车服务;二手车交易;二手车交易,011000,临海市,0576,鼎鸿二手车,"121.143515,28.815330",121.143515,28.81533,B0FFIU1L9L,121.13913572165377,28.818211652796826
,地面停车场,,330000,331082,浙江省,台州市,汽车服务;充电站;充电站,011100,临海市,0576,特来电汽车充电站(特来电台州临海市江南街道台运汽车城公共充电站),"121.144954,28.814185",121.144954,28.814185,B0JBARGAZ9,121.14057718728546,28.817069776587417
,江南大道与下叶路交叉口东200米,,330000,331082,浙江省,台州市,汽车服务;二手车交易;二手车交易,011000,临海市,0576,顺风二手车,"121.143636,28.815417",121.143636,28.815417,B0FFGY49JJ,121.13925691256806,28.81829877969876
,江南大道595号A区8号台州鸿正达车业,,330000,331082,浙江省,台州市,汽车服务;二手车交易;二手车交易,011000,临海市,0576,鸿正达车业,"121.143420,28.815636",121.14342,28.815636,B0H6KSBQUD,121.13904054250195,28.818517279482936
,江南大道与104国道交叉口东北100米,,330000,331082,浙江省,台州市,汽车服务;二手车交易;二手车交易|汽车销售;货车销售;货车销售,011000|025000,临海市,0576,台运认证二手车商场,"121.144404,28.814810",121.144404,28.81481,B0FFGY49JP,121.14002622416916,28.817693440572036
,江南大道595号台运二手车B区19-20号,,330000,331082,浙江省,台州市,汽车服务;二手车交易;二手车交易,011000,临海市,0576,顺利二手车行,"121.142984,28.816134",121.142984,28.816134,B0FFGY49AY,121.13860379467394,28.819014231822216
,江南街道江南大道595号A11-12,,330000,331082,浙江省,台州市,汽车销售;汽车销售;汽车销售|汽车服务;汽车服务相关;汽车服务相关,020000|010000,临海市,0576,飞洋车业,"121.143960,28.815346",121.14396,28.815346,B0JRGZPOW2,121.13958144953736,28.818228343468913
,台运二手车市场B-22号,,330000,331082,浙江省,台州市,汽车服务;二手车交易;二手车交易,011000,临海市,0576,大秦二手车行,"121.142925,28.816190",121.142925,28.81619,B0FFGY49J2,121.13854469474475,28.819070098700433
,江南大道与104国道交叉口东120米,,330000,331082,浙江省,台州市,购物服务;专卖店;自行车专卖店|汽车服务;二手车交易;二手车交易,061208|011000,临海市,0576,华平车业,"121.145179,28.814428",121.145179,28.814428,B0FFGY49KI,121.14080254406039,28.81731296045206
,104国道与江南大道交叉口东北140米,,330000,331082,浙江省,台州市,汽车服务;二手车交易;二手车交易,011000,临海市,0576,恒通二手车行,"121.144650,28.815064",121.14465,28.815064,B0J0TKX81G,121.14027261198197,28.817947647237467
,下叶路8号,,330000,331082,浙江省,台州市,汽车服务;汽车养护/装饰;汽车养护,010400,临海市,0576,SHAKE鲨壳汽车贴膜(台运汽车城店),"121.142684,28.816722",121.142684,28.816722,B0LAFDJPT9,121.13830326356297,28.819601333538177
,江南大道与下叶路交叉口西北200米(肯德基山海麓园店对面),,330000,331082,浙江省,台州市,汽车服务;充电站;充电站,011100,临海市,0576,云快充超级充电站(临海江南小交头超充站),"121.140000,28.817123",121.14,28.817123,B0LRHY7YZ9,121.1356150004855,28.819997948368172
,下叶路与江南大道交叉口东220米,,330000,331082,浙江省,台州市,汽车服务;二手车交易;二手车交易,011000,临海市,0576,百宝箱车业,"121.143904,28.816020",121.143904,28.81602,B0GKH50CFA,121.13952530436343,28.818901761518877
,江南街道台运汽车城,,330000,331082,浙江省,台州市,汽车服务;二手车交易;二手车交易,011000,临海市,0576,车逸香蕉好车,"121.143837,28.816038",121.143837,28.816038,B0G2A77XTM,121.13945819294075,28.818919642395045
,汇丰南路与江南大道交叉口西40米,,330000,331082,浙江省,台州市,汽车服务;汽车养护/装饰;汽车养护,010400,临海市,0576,精一门膜业浙江台州临海店,"121.145695,28.813271",121.145695,28.813271,B0JB1MAKT5,121.14131950189959,28.81615763851943
,江南大道595号C区17,,330000,331082,浙江省,台州市,汽车服务;二手车交易;二手车交易,011000,临海市,0576,车来车往二手车,"121.145803,28.814174",121.145803,28.814174,B0FFH2YQ4W,121.14142761290222,28.817060153977984
,江南街道江南大道595号台运汽车城A区21号,,330000,331082,浙江省,台州市,汽车服务;二手车交易;二手车交易,011000,临海市,0576,临海市意隆二手车经营有限公司,"121.145064,28.815151",121.145064,28.815151,B0H6FR4QGA,121.14068729477165,28.81803524688832
,江南街道台运汽车城C区20-21号,,330000,331082,浙江省,台州市,汽车服务;汽车服务相关;汽车服务相关,010000,临海市,0576,金诚车业,"121.145612,28.814330",121.145612,28.81433,B0J26DQN7R,121.14123627860657,28.81721573062495
,台运汽车城D区8号,,330000,331082,浙江省,台州市,汽车服务;二手车交易;二手车交易,011000,临海市,0576,嘉驰新能源二手车行,"121.145489,28.814994",121.145489,28.814994,B0LBD7QUGH,121.14111301935493,28.817879046328358
,江南大道与104国道交叉口东北180米,,330000,331082,浙江省,台州市,购物服务;专卖店;自行车专卖店|汽车服务;二手车交易;二手车交易,061208|011000,临海市,0576,阿林二手车,"121.145055,28.815231",121.145055,28.815231,B0FFHFH88H,121.14067827342909,28.81811517390684
,江南大道595号台运二手车市场D区9号,,330000,331082,浙江省,台州市,汽车服务;二手车交易;二手车交易,011000,临海市,0576,小胖二手车,"121.145315,28.815110",121.145315,28.81511,B0FFM6HO5A,121.14093871811028,28.817994680749116
,江南街道595号台运汽车城D区a6号,,330000,331082,浙江省,台州市,汽车服务;汽车服务相关;汽车服务相关,010000,临海市,0576,万鑫车行,"121.145723,28.814709",121.145723,28.814709,B0FFJ7IWKG,121.14134743576075,28.817594633252927
,江南大道595号C区10号,,330000,331082,浙江省,台州市,汽车服务;二手车交易;二手车交易,011000,临海市,0576,立辉二手车,"121.146174,28.814137",121.146174,28.814137,B0KBXHHX45,121.14179924368082,28.817023783986905
,江南大道595号台运二手车市场,,330000,331082,浙江省,台州市,汽车服务;二手车交易;二手车交易,011000,临海市,0576,华众二手车,"121.145513,28.814971",121.145513,28.814971,B0FFL0ZBMZ,121.14113706151336,28.817856101920437
,江南大道与下叶路交叉口西北220米,,330000,331082,浙江省,台州市,汽车服务;汽车配件销售;汽车配件销售,010800,临海市,0576,佳通轮胎(江南大道店),"121.139866,28.817209",121.139866,28.817209,B0LAYRWGBG,121.13548078756317,28.820083685531255
,,,330000,331082,浙江省,台州市,汽车服务;二手车交易;二手车交易,011000,临海市,0576,临海市益通二手车中介服务有限公司,"121.146149,28.814027",121.146149,28.814027,B0FFGY49KF,121.1417742099423,28.816913823644125
,汇丰南路78号,,330000,331082,浙江省,台州市,汽车服务;汽车服务相关;汽车服务相关,010000,临海市,0576,临海市亿顺汽车服务有限公司,"121.146176,28.811308",121.146176,28.811308,B0LR05M2NN,121.14180147002705,28.814196851304775
,台运汽车城C区8号,,330000,331082,浙江省,台州市,汽车服务;二手车交易;二手车交易,011000,临海市,0576,顺达二手车,"121.146284,28.813997",121.146284,28.813997,B0H2TZNH4E,121.14190944147938,28.81688406558701
,台运车管家东南门西南110米,,330000,331082,浙江省,台州市,汽车服务;二手车交易;二手车交易,011000,临海市,0576,顺昌二手车,"121.146202,28.814001",121.146202,28.814001,B0J01A1YBZ,121.1418273019134,28.816887928977167
,江南大道595号台运二手车市场D15-D17号,,330000,331082,浙江省,台州市,汽车服务;汽车服务相关;汽车服务相关,010000,临海市,0576,车府令性能养护中心,"121.145708,28.815580",121.145708,28.81558,B0FFKVG4LE,121.14133234181442,28.818464971804747
,吉气汽车销售有限公司,,330000,331082,浙江省,台州市,汽车服务;汽车租赁;汽车租赁,010900,临海市,0576,日顺租车,"121.143512,28.817278",121.143512,28.817278,B0KUPU824B,121.13913256313637,28.820158221319453
,汇丰北路2号,,330000,331082,浙江省,台州市,汽车服务;汽车养护/装饰;汽车养护,010400,临海市,0576,台运车管家,"121.146725,28.815025",121.146725,28.815025,B0K61CU1NB,121.1423511119764,28.81791203534763
,江南大道380号,,330000,331082,浙江省,台州市,汽车服务;汽车养护/装饰;汽车养护|汽车维修;汽车维修;汽车维修,010400|030000,临海市,0576,飞嵌汽车维修,"121.138248,28.817937",121.138248,28.817937,B0I19AUPUO,121.13386028115997,28.82080877419071
,台运车管家东南门旁,,330000,331082,浙江省,台州市,汽车服务;汽车俱乐部;汽车俱乐部,010600,临海市,0576,车管家俱乐部(汇丰北路店),"121.146707,28.815168",121.146707,28.815168,B0FFLIIBSV,121.1423330699469,28.818054901232532
,汇丰北路6号(检测站隔壁),,330000,331082,浙江省,台州市,汽车服务;汽车配件销售;汽车配件销售,010800,临海市,0576,液体黄金轮胎临海小谢轮胎经营部,"121.146979,28.816038",121.146979,28.816038,B0K0R7OKA9,121.14260546697383,28.818924711148604
,江南街道汇丰北路5号众城汽车服务中心,,330000,331082,浙江省,台州市,汽车服务;汽车养护/装饰;汽车养护|汽车维修;汽车维修;汽车维修,010400|030000,临海市,0576,众诚汽车服务中心,"121.147379,28.816053",121.147379,28.816053,B0FFGITP6D,121.14300615346168,28.818940359591167
,江南街道汇丰北路7号,,330000,331082,浙江省,台州市,汽车服务;汽车配件销售;汽车配件销售,010800,临海市,0576,福耀汽车玻璃(临海环宇旗舰店),"121.147390,28.816203",121.14739,28.816203,B0FFGY49D1,121.14301716060211,28.819090267925194
,汇丰北路7号,,330000,331082,浙江省,台州市,汽车服务;汽车配件销售;汽车配件销售,010800,临海市,0576,临海市春林轮胎商行(马牌专卖店),"121.147410,28.816234",121.14741,28.816234,B0FFI9RLZJ,121.14303719263984,28.819121278277684
,汇丰北路7号,,330000,331082,浙江省,台州市,汽车服务;汽车服务相关;汽车服务相关,010000,临海市,0576,德国马牌轮胎(汇丰北路店),"121.147422,28.816413",121.147422,28.816413,B0FFLIB2MJ,121.14304919922701,28.81930016700767
,江南大道338号,,330000,331082,浙江省,台州市,汽车服务;汽车服务相关;汽车服务相关,010000,临海市,0576,临海市佳鹏汽车服务有限公司,"121.137063,28.818990",121.137063,28.81899,B0FFICAX9K,121.13267345264767,28.82185930209412
,江南街道104国道,,330000,331082,浙江省,台州市,汽车服务;充电站;充电站,011100,临海市,0576,特来电汽车充电站(特来电台州临海联东U谷公共充电站),"121.132965,28.815872",121.132965,28.815872,B0L6P7CG1R,121.12856999589313,28.818738003489813
,江南街道江南大道188号,,330000,331082,浙江省,台州市,汽车服务;汽车服务相关;汽车服务相关,010000,临海市,0576,保诺驰汽车服务中心临海店,"121.136065,28.819761",121.136065,28.819761,B0J37HVY5N,121.1316739544685,28.822628333131423
,江南大道352号,,330000,331082,浙江省,台州市,汽车服务;洗车场;洗车场|生活服务;生活服务场所;生活服务场所,010500|070000,临海市,0576,爱车族江南店自助洗车,"121.135893,28.819927",121.135893,28.819927,B0LU7S0UYS,121.13150169672355,28.82279397208135
,江南街道城南三洞桥,,330000,331082,浙江省,台州市,汽车服务;加油站;中国石化,010101,临海市,0576,中国石化城南加油站,"121.150724,28.811825",121.150724,28.811825,B024004XHR,121.14635736873565,28.814721077332916
,江南街道浙江安迅应急救援科技有限公司,,330000,331082,浙江省,台州市,汽车服务;充电站;充电站,011100,临海市,0576,特来电汽车充电站(台州临海安迅科技充电站),"121.150720,28.813053",121.15072,28.813053,B0LRJCHHYM,121.14635326487807,28.81594817479627
,江南大道562号,,330000,331082,浙江省,台州市,汽车服务;汽车配件销售;汽车配件销售,010800,临海市,0576,小胖汽车电喷电器,"121.150425,28.811160",121.150425,28.81116,B0IAKAFW7W,121.14605788617484,28.814056050794367
,江南大道与靖江南路交叉口西80米,,330000,331082,浙江省,台州市,汽车服务;汽车配件销售;汽车配件销售,010800,临海市,0576,小何轮胎店,"121.150435,28.811102",121.150435,28.811102,B0FFLEX52U,121.14606790860424,28.813998110107544
,江南大道与靖江南路交叉口西60米,,330000,331082,浙江省,台州市,汽车服务;汽车服务相关;汽车服务相关|购物服务;购物相关场所;购物相关场所,010000|060000,临海市,0576,吉鑫祥叉车(中国石化加油站江南站店),"121.150501,28.811078",121.150501,28.811078,B0GRXS9A14,121.14613402843499,28.813974240284274
,靖江南路与江南大道交叉口,,330000,331082,浙江省,台州市,汽车服务;汽车服务相关;汽车服务相关,010000,临海市,0576,临海市易成汽车服务公司,"121.150792,28.810409",121.150792,28.810409,B0HB2HXRRA,121.14642560211463,28.813306225097786
,江南街道靖江南路209号,,330000,331082,浙江省,台州市,汽车服务;汽车服务相关;汽车服务相关,010000,临海市,0576,百车汇汽车真皮座椅,"121.150877,28.814280",121.150877,28.81428,B0L6PM9RW7,121.14651044981875,28.81717454758629
,七一河路19一21,,330000,331082,浙江省,台州市,汽车服务;汽车服务相关;汽车服务相关,010000,临海市,0576,金锁汽车服务中心江南店,"121.131444,28.816699",121.131444,28.816699,B0K2O7T3O2,121.12704695234089,28.819562445974153
,靖江南路与靖南一路交叉口南380米,,330000,331082,浙江省,台州市,购物服务;购物相关场所;购物相关场所|汽车服务;汽车服务相关;汽车服务相关,060000|010000,临海市,0576,专卖液压车、堆高车,"121.150941,28.814203",121.150941,28.814203,B0FFHHGW7E,121.14657457079015,28.817097713607474
,靖江南路与靖南一路交叉口南420米,,330000,331082,浙江省,台州市,汽车服务;汽车配件销售;汽车配件销售,010800,临海市,0576,阿特拉斯轮胎,"121.150967,28.813848",121.150967,28.813848,B0H1SZGEV0,121.14660064544589,28.8167430175905
,江南街道三洞桥村,,330000,331082,浙江省,台州市,汽车服务;加油站;中国石化,010101,临海市,0576,中国石化江南加油站,"121.151798,28.811637",121.151798,28.811637,B02400TAEJ,121.14743331883611,28.814535062171753
,江南大道与靖江南路交叉口北360米,,330000,331082,浙江省,台州市,汽车服务;汽车养护/装饰;汽车养护,010400,临海市,0576,百年汇汽车真皮坐椅,"121.150936,28.814314",121.150936,28.814314,B0LRF198LY,121.14656955307005,28.817208623909124
,靖南二路1号,,330000,331082,浙江省,台州市,汽车服务;汽车服务相关;汽车服务相关,010000,临海市,0576,临海市汇星汽车服务有限公司,"121.146621,28.820686",121.146621,28.820686,B0GU7ZE8IV,121.1422464881664,28.82356871184893
,靖江南路500号,,330000,331082,浙江省,台州市,汽车服务;汽车服务相关;汽车服务相关|汽车销售;汽车销售;汽车销售,010000|020000,临海市,0576,一汽解放(台州品信临海店),"121.151625,28.814025",121.151625,28.814025,B0JG4UDDAN,121.14725981766446,28.816921020753067
,靖江南路与江南大道交叉口北260米,,330000,331082,浙江省,台州市,汽车服务;汽车服务相关;汽车服务相关,010000,临海市,0576,台州陕汽服务站,"121.151547,28.813124",121.151547,28.813124,B0JB1SBNN6,121.14718174757216,28.816020544136297
,靖南二路与下叶路交叉口东南80米,,330000,331082,浙江省,台州市,汽车服务;汽车服务相关;汽车服务相关,010000,临海市,0576,宝隆汽车服务有限公司(货车维修),"121.146438,28.820832",121.146438,28.820832,B0KRR4SQM6,121.14206316468338,28.82371430502871
,江南大道152号,,330000,331082,浙江省,台州市,汽车服务;洗车场;洗车场,010500,临海市,0576,车海洋智慧城市智能自助洗车站(江南贺家服务点),"121.135028,28.821099",121.135028,28.821099,B0H3LSJD44,121.13063538779893,28.82396392004044
,江南大道152号内,,330000,331082,浙江省,台州市,汽车服务;汽车配件销售;汽车配件销售,010800,临海市,0576,临海市锐森轮胎商行,"121.134674,28.820876",121.134674,28.820876,B0FFM661V5,121.13028091439647,28.82374060315955
,江南大道267号车管家汽车装潢,,330000,331082,浙江省,台州市,汽车服务;汽车服务相关;汽车服务相关,010000,临海市,0576,车管家汽车服务(江南大道店),"121.135316,28.821554",121.135316,28.821554,B0FFL8D4WH,121.13092375425019,28.82441897891374
,江南街道江南大道780号,,330000,331082,浙江省,台州市,汽车服务;汽车养护/装饰;汽车养护|汽车服务;洗车场;洗车场|汽车维修;汽车维修;汽车维修,010400|010500|030000,临海市,0576,华胜奔驰宝马奥迪专修连锁(台州临海店)(暂停营业),"121.144629,28.813573",121.144629,28.813573,B0FFHCEY25,121.14025169465617,28.816457703410375
,江南大道与下叶路交叉口西北200米,,330000,331082,浙江省,台州市,汽车服务;汽车养护/装饰;汽车养护|汽车维修;汽车维修;汽车维修,010400|030000,临海市,0576,德国马牌轮胎(临海市兵哥汽车服务中心)(暂停营业),"121.139969,28.817115",121.139969,28.817115,B0HGJ1LNQG,121.13558395338423,28.819989907973454
,江南街道汇丰北路11号,,330000,331082,浙江省,台州市,汽车服务;汽车养护/装饰;汽车养护,010400,临海市,0576,临海双利汽车装璜服务部,"121.148658,28.819978",121.148658,28.819978,B0GR613FJM,121.14428706624733,28.822864608277133
,靖南二路与汇丰北路交叉口东60米,,330000,331082,浙江省,台州市,购物服务;家居建材市场;灯具瓷器市场|汽车服务;汽车养护/装饰;汽车养护|汽车维修;汽车维修;汽车维修,060606|010400|030000,临海市,0576,天下灯饰界(临海店),"121.148634,28.820348",121.148634,28.820348,B0FFHFH882,121.1442629950785,28.82323429595369
,靖江南路183号,,330000,331082,浙江省,台州市,汽车服务;汽车养护/装饰;汽车养护|汽车维修;汽车维修;汽车维修,010400|030000,临海市,0576,益东汽车装潢美容洗车(临海店),"121.150614,28.818355",121.150614,28.818355,B0FFGISHE1,121.14624665752346,28.821246112609764
,靖南二路26号,,330000,331082,浙江省,台州市,汽车服务;汽车配件销售;汽车配件销售,010800,临海市,0576,茂龙汽配,"121.148567,28.820352",121.148567,28.820352,B0FFLENLT8,121.14419587753335,28.823238180784365
,靖南二路179号,,330000,331082,浙江省,台州市,汽车维修;汽车维修;汽车维修|汽车服务;汽车服务相关;汽车服务相关,030000|010000,临海市,0576,临海宝信行汽车服务有限公司,"121.149350,28.820017",121.14935,28.820017,B0HA1MEWBH,121.1449802797217,28.82290474372299
,江南街道靖南二路26号,,330000,331082,浙江省,台州市,汽车服务;汽车配件销售;汽车配件销售,010800,临海市,0576,航韵汽车影音导航,"121.148961,28.820390",121.148961,28.82039,B0FFG82N4K,121.1445905652571,28.82327681395473
,汇丰北路17号,,330000,331082,浙江省,台州市,汽车服务;汽车配件销售;汽车配件销售,010800,临海市,0576,楚息汽车音响,"121.148233,28.820946",121.148233,28.820946,B0L1JU9PZ5,121.14386124772736,28.823831185485215
,江南街道靖南二路179号,,330000,331082,浙江省,台州市,汽车服务;汽车养护/装饰;汽车养护,010400,临海市,0576,马马贴膜(小米UIeemark佑旅优品旗舰店),"121.149537,28.819985",121.149537,28.819985,B0LUJH9N55,121.14516761266349,28.822873083285916
,靖江南路与靖南一路交叉口北20米,,330000,331082,浙江省,台州市,汽车服务;汽车服务相关;汽车服务相关,010000,临海市,0576,长安大置,"121.150814,28.817872",121.150814,28.817872,B0L3A1XOTM,121.14644705392321,28.820763809374526
,靖江南路179号,,330000,331082,浙江省,台州市,汽车服务;充电站;充电站,011100,临海市,0576,星星充电汽车充电站(临海欧龙-奔驰充电星驿站),"121.149994,28.819271",121.149994,28.819271,B0L04SWQHW,121.14562547934233,28.822160382967777
,靖南二路与汇丰北路交叉口东100米,,330000,331082,浙江省,台州市,汽车服务;汽车配件销售;汽车配件销售,010800,临海市,0576,玛吉斯轮胎(靖南二路店),"121.149091,28.820321",121.149091,28.820321,B0FFLFNNFJ,121.14472079929693,28.823208083454592
,靖南二路3号,,330000,331082,浙江省,台州市,汽车服务;汽车养护/装饰;汽车养护,010400,临海市,0576,鸿运商务车改造,"121.149385,28.820357",121.149385,28.820357,B0FFIL2X6A,121.145015314726,28.82324455278008
,靖南二路177附近,,330000,331082,浙江省,台州市,汽车服务;汽车配件销售;汽车配件销售,010800,临海市,0576,阿宇轮胎店,"121.149099,28.820335",121.149099,28.820335,B0FFLGINU2,121.14472881227313,28.823222086628128
,靖江南路与靖南一路交叉口北120米,,330000,331082,浙江省,台州市,汽车服务;汽车配件销售;汽车配件销售,010800,临海市,0576,朝阳轮胎(靖江南路店),"121.150584,28.818679",121.150584,28.818679,B0L3H78L8Q,121.14621657831758,28.821569823454528
,靖南二路1号,,330000,331082,浙江省,台州市,汽车服务;汽车养护/装饰;汽车养护,010400,临海市,0576,新起点汽车贴膜中心,"121.149734,28.820257",121.149734,28.820257,B0JA4MTJ8F,121.14536494008489,28.823145216853664
,靖江南店175号,,330000,331082,浙江省,台州市,汽车服务;汽车养护/装饰;汽车养护,010400,临海市,0576,天猫养车(临海江南店),"121.150109,28.820392",121.150109,28.820392,B0HKNZPR8I,121.14574059563033,28.82328075441074
,江南街道靖东村靖南二路1号1号楼东起第3间至第6间,,330000,331082,浙江省,台州市,汽车服务;汽车养护/装饰;汽车养护,010400,临海市,0576,朗盾汽车膜(临海市店),"121.149738,28.820269",121.149738,28.820269,B0LUNS30WC,121.14536894623083,28.823157214808155
,靖南二路与靖江南路交叉口西100米,,330000,331082,浙江省,台州市,汽车服务;汽车养护/装饰;汽车养护,010400,临海市,0576,新起点量子膜临海官方授权旗舰店,"121.149837,28.820376",121.149837,28.820376,B0J3T5MYMX,121.14546811341148,28.82326430400813
,靖江南路175号,,330000,331082,浙江省,台州市,汽车服务;汽车养护/装饰;汽车养护,010400,临海市,0576,洛盾养车(临海靖江南路店),"121.150400,28.820522",121.1504,28.820522,B0LDJUWHFA,121.14603210424423,28.823411154623106
,靖江南路175号,,330000,331082,浙江省,台州市,汽车服务;汽车养护/装饰;汽车养护,010400,临海市,0576,启典贴膜中心,"121.150437,28.820477",121.150437,28.820477,B0LDZSRO1C,121.14606917387742,28.8233662508761
,江南街道靖江南路175号北起6到8间,,330000,331082,浙江省,台州市,汽车服务;汽车养护/装饰;汽车养护,010400,临海市,0576,贴膜店,"121.150420,28.820410",121.15042,28.82041,B0L1RK9PFW,121.14605214878634,28.823299271146688
,江南街道向阳村村委会张家岙小区地面停车场,,330000,331082,浙江省,台州市,汽车服务;充电站;充电站,011100,临海市,0576,特来电目的地充电站(特来电台州临海市向阳村小区充电站),"121.127345,28.814201",121.127345,28.814201,B0J6HYD05S,121.12294321806475,28.81706136335787
,江南街道靖江南路118号,,330000,331082,浙江省,台州市,汽车服务;汽车服务相关;汽车服务相关,010000,临海市,0576,台州世凯汽车服务有限公司,"121.151354,28.820417",121.151354,28.820417,B024006UWZ,121.14698782485587,28.823307867271208
,靖江南路200号,,330000,331082,浙江省,台州市,汽车服务;汽车服务相关;汽车服务相关,010000,临海市,0576,台州锦福汽车服务有限公司,"121.153820,28.816931",121.15382,28.816931,B0JGJ7421Q,121.14945860165233,28.819828720304177
,靖江南路200号,,330000,331082,浙江省,台州市,汽车服务;汽车服务相关;汽车服务相关,010000,临海市,0576,台州欧曼服务站,"121.153790,28.816821",121.15379,28.816821,B0JB9HWWKV,121.14942855491223,28.819718748149604
,江南街道靖江南路S28临海市区收费站(S28台金高速出口),,330000,331082,浙江省,台州市,汽车服务;充电站;充电站,011100,临海市,0576,特来电汽车充电站(临海闪速重卡充电站1号),"121.145775,28.800985",121.145775,28.800985,B0L1TM386C,121.14140060495546,28.80388067673219
,靖江南路118号,,330000,331082,浙江省,台州市,汽车服务;汽车服务相关;汽车服务相关,010000,临海市,0576,福田欧曼重卡销售中心,"121.151471,28.820814",121.151471,28.820814,B0JBLMU214,121.14710500477067,28.823704776759325
,长石岭脚村7-30号,,330000,331082,浙江省,台州市,汽车服务;汽车配件销售;汽车配件销售,010800,临海市,0576,小徐汽车电器,"121.154444,28.809434",121.154444,28.809434,B0FFLEDL7E,121.15008434707569,28.81233829342418
,靖江南路与靖南二路交叉口北180米,,330000,331082,浙江省,台州市,汽车服务;汽车配件销售;汽车配件销售,010800,临海市,0576,临海腾马汽保设备,"121.150483,28.821688",121.150483,28.821688,B0FFLCI13P,121.1461151606927,28.824576437975633
,江南大道978号,,330000,331082,浙江省,台州市,汽车服务;汽车服务相关;汽车服务相关,010000,临海市,0576,临海市鼎基汽车服务有限公司,"121.154096,28.808788",121.154096,28.808788,B0H255MG0W,121.14973575271681,28.811692148481498
,靖江南路95号,,330000,331082,浙江省,台州市,汽车服务;汽车服务相关;汽车服务相关,010000,临海市,0576,途众汽车服务中心,"121.149758,28.823463",121.149758,28.823463,B0I3FCTD4Q,121.14538873006842,28.826348895647843
,江南街道长石岭脚村978号,,330000,331082,浙江省,台州市,汽车服务;汽车服务相关;汽车服务相关,010000,临海市,0576,龙工叉车(临海江南店),"121.155675,28.808975",121.155675,28.808975,B0JURD6HZ6,121.15131768055637,28.81188181350287
,江南街道长石岭脚村104号,,330000,331082,浙江省,台州市,汽车服务;汽车租赁;汽车租赁,010900,临海市,0576,临海市小柯吊车登高车租赁公司,"121.154561,28.806015",121.154561,28.806015,B0K2CM43GH,121.15020183336661,28.808921981243575
,江南街道G104与向阳路交叉口,,330000,331082,浙江省,台州市,汽车服务;汽车配件销售;汽车配件销售,010800,临海市,0576,利好轮胎(向阳路店),"121.126734,28.817867",121.126734,28.817867,B0JBNSXXN3,121.1223312450098,28.82072399263407
,恒大国际家居建材城1门南50米,,330000,331082,浙江省,台州市,汽车服务;汽车租赁;汽车租赁,010900,临海市,0576,添猫出行,"121.151124,28.823016",121.151124,28.823016,B0L0HPPQYE,121.1467572057677,28.825904557200868
,靖江南路与里洋路交叉口南240米,,330000,331082,浙江省,台州市,汽车服务;充电站;充电站,011100,临海市,0576,特来电充电站(台州临海恒大),"121.151008,28.823207",121.151008,28.823207,B0FFHJJ5U5,121.14664098209336,28.82609521709226
,江南街道江南大道1055号,,330000,331082,浙江省,台州市,汽车服务;汽车服务相关;汽车服务相关,010000,临海市,0576,中国重汽豪沃临海亿卡,"121.156366,28.809096",121.156366,28.809096,B0IGKHIDN9,121.15200997054053,28.812003961459542
,向阳路308号,,330000,331082,浙江省,台州市,汽车服务;汽车服务相关;汽车服务相关,010000,临海市,0576,名车港湾汽车快修,"121.127426,28.822722",121.127426,28.822722,B0KA37JG34,121.12302363596693,28.825576200271456
,江南街道向阳路159号(骆驼蓄电池),,330000,331082,浙江省,台州市,汽车服务;汽车配件销售;汽车配件销售,010800,临海市,0576,骆驼风帆蓄电池,"121.128051,28.825904",121.128051,28.825904,B0FFL8C1SF,121.1236490993476,28.828756566550325
,花溪路92号,,330000,331082,浙江省,台州市,汽车服务;汽车租赁;汽车租赁,010900,临海市,0576,昂鹏租赁-台州基地,"121.120317,28.816732",121.120317,28.816732,B0L3DS5EY7,121.11590802598624,28.81958337416704
,花溪路88号,,330000,331082,浙江省,台州市,汽车服务;汽车配件销售;汽车配件销售,010800,临海市,0576,临海市通安汽车配件有限公司,"121.120448,28.819135",121.120448,28.819135,B0L167RMK8,121.1160389482497,28.821984728489422
,邵家渡街道(钓鱼亭村卫生室东南),,330000,331082,浙江省,台州市,汽车服务;加油站;中国石油,010102,临海市,0576,中国石油钓鱼亭加油站,"121.210875,28.813400",121.210875,28.8134,B0240045QI,121.20661882926645,28.816399777837617
,后塘路与白塔二巷交叉口东160米,,330000,331082,浙江省,台州市,汽车服务;汽车服务相关;汽车服务相关,010000,临海市,0576,下桥村白塔小区西充电棚,"121.141188,28.839500",121.141188,28.8395,B0FFL0ZB5H,121.13680308347625,28.842360146657406
,下桥路150号,,330000,331082,浙江省,台州市,汽车服务;汽车服务相关;汽车服务相关,010000,临海市,0576,车立方(临海店),"121.140689,28.838767",121.140689,28.838767,B0I1LCKQBP,121.13630335980743,28.841626939918783
,后塘路292号,,330000,331082,浙江省,台州市,汽车服务;洗车场;洗车场,010500,临海市,0576,车海洋便民自助洗车站(临海后塘路服务点),"121.140791,28.838718",121.140791,28.838718,B0H3LSLQ3C,121.1364055228825,28.841578130677235
,下桥路与江滨东路交叉口西北140米,,330000,331082,浙江省,台州市,汽车服务;汽车配件销售;汽车配件销售,010800,临海市,0576,玛吉斯轮胎店(下桥路店),"121.141207,28.838888",121.141207,28.838888,B0FFK7WDSA,121.13682216168957,28.841748634177115
,下桥路150号,,330000,331082,浙江省,台州市,汽车服务;二手车交易;二手车交易,011000,临海市,0576,车立方二手车交易连锁第1站(下桥路店),"121.140560,28.838684",121.14056,28.838684,B0FFGIKTO1,121.1361741654191,28.841543807610307
,下桥路与江滨东路交叉口西北140米,,330000,331082,浙江省,台州市,汽车服务;汽车配件销售;汽车配件销售,010800,临海市,0576,江下轮胎店,"121.141181,28.838900",121.141181,28.8389,B0FFGWM4BT,121.13679611984095,28.841760585639935
,古城街道台州府路82号尚驰汽车美容维护中心地面停车场,,330000,331082,浙江省,台州市,汽车服务;充电站;充电站,011100,临海市,0576,特来电汽车充电站(特来电台州临海市台州府路充电站),"121.139078,28.838981",121.139078,28.838981,B0JDXLJZEJ,121.13468986653976,28.841838379729577
,台州府路80号,,330000,331082,浙江省,台州市,汽车服务;汽车养护/装饰;汽车养护,010400,临海市,0576,尚驰汽车美容维护中心(途虎养车店),"121.138983,28.838893",121.138983,28.838893,B0FFGJF5IP,121.1345947297387,28.841750306127498
,江滨东路477号,,330000,331082,浙江省,台州市,汽车服务;汽车配件销售;汽车配件销售,010800,临海市,0576,谢军汽车轮胎,"121.142533,28.838366",121.142533,28.838366,B0FFF4JV19,121.13815031261632,28.84122906276974
,后塘路与临海大道交叉口西80米,,330000,331082,浙江省,台州市,汽车服务;汽车服务相关;汽车服务相关,010000,临海市,0576,台州市广源汽车服务有限公司,"121.142630,28.840335",121.14263,28.840335,B0LGMCAW9R,121.13824731332116,28.84319673765873
,台州府路138号,,330000,331082,浙江省,台州市,汽车服务;汽车养护/装饰;汽车养护,010400,临海市,0576,威力狮汽车服务中心(后塘路店),"121.138563,28.839899",121.138563,28.839899,B02400TDA9,121.13417401783595,28.842754937947042
,后塘路与临海大道交叉口西80米,,330000,331082,浙江省,台州市,汽车服务;汽车服务相关;汽车服务相关,010000,临海市,0576,台州市广润汽车服务有限公司,"121.142617,28.840343",121.142617,28.840343,B0L1TC3RPM,121.1382342917501,28.843204711457695
,下桥路与江滨东路交叉口西南60米,,330000,331082,浙江省,台州市,汽车服务;汽车配件销售;汽车配件销售,010800,临海市,0576,锐科途轮胎,"121.143328,28.839083",121.143328,28.839083,B0K2H4IX0Z,121.13894654277067,28.841946766418655
,古城街道台州府路(下桥路KTV斜对面),,330000,331082,浙江省,台州市,汽车服务;充电站;充电站,011100,临海市,0576,特来电汽车充电站(特来电台州临海市下桥路充电站),"121.137856,28.838135",121.137856,28.838135,B0LANX1QNL,121.13346610413289,28.84099123584811
,江滨路出租车服务站(巾山幼儿园对面),,330000,331082,浙江省,台州市,汽车服务;充电站;充电站,011100,临海市,0576,古城充电站,"121.138008,28.837568",121.138008,28.837568,B0I0H5SMLJ,121.13361837408945,28.84042487923513
,下桥路225号,,330000,331082,浙江省,台州市,汽车服务;汽车服务相关;汽车服务相关,010000,临海市,0576,临海市美德瑞汽车服务有限公司,"121.137380,28.838252",121.13738,28.838252,B0K1HRRPNC,121.13298939417936,28.84110746620343
,巾山小区南1门西90米,,330000,331082,浙江省,台州市,汽车服务;汽车养护/装饰;汽车养护,010400,临海市,0576,极速汽车俱乐部,"121.137100,28.840016",121.1371,28.840016,B0FFGWLITS,121.13270884576694,28.84286974593038
,下桥路278号,,330000,331082,浙江省,台州市,汽车服务;汽车租赁;汽车租赁,010900,临海市,0576,顺隆租车,"121.136776,28.838434",121.136776,28.838434,B0I2ZSM6C3,121.13238450039182,28.84128847296514
,后塘路与双峰路交叉口南160米,,330000,331082,浙江省,台州市,汽车服务;汽车租赁;汽车租赁,010900,临海市,0576,派运租车,"121.136817,28.838481",121.136817,28.838481,B0LACCKJRX,121.13242555602575,28.841335495636862
,古城街道台州府城人民路亚朵酒店,,330000,331082,浙江省,台州市,汽车服务;充电站;充电站,011100,临海市,0576,特来电目的地充电站(台州临海人民路亚朵酒店充电站),"121.135240,28.839243",121.13524,28.839243,B0L22SZBZ7,121.13084625017756,28.842094731401275
,古城街人民路67-3,,330000,331082,浙江省,台州市,汽车服务;汽车配件销售;汽车配件销售,010800,临海市,0576,临海宝宝轮胎店,"121.134892,28.839181",121.134892,28.839181,B02400TEDK,121.13049776994147,28.84203230294125
,巾山东路137号临海新君泰大酒店地下B1层11号车位旁/入口靖江中路辅路,,330000,331082,浙江省,台州市,汽车服务;充电站;充电站,011100,临海市,0576,特斯拉超级充电站(台州临海君泰大酒店),"121.142120,28.844675",121.14212,28.844675,B0L32G3FOD,121.13773615246355,28.847532685797077
,古城街道靖江花城南大门对面,,330000,331082,浙江省,台州市,汽车服务;汽车配件销售;汽车配件销售,010800,临海市,0576,洪胜汽车电器,"121.146596,28.841319",121.146596,28.841319,B0FFIFERYN,121.14221981848091,28.844186331068663
,下桥路410号,,330000,331082,浙江省,台州市,汽车服务;汽车养护/装饰;汽车养护,010400,临海市,0576,阿财汽车喷漆美容中心,"121.134271,28.839560",121.134271,28.83956,B0FFGBR06W,121.12987588380572,28.84241017973304
,下桥路341号,,330000,331082,浙江省,台州市,汽车服务;汽车租赁;汽车租赁,010900,临海市,0576,旺顺租车,"121.134012,28.838228",121.134012,28.838228,B0FFI65RI0,121.12961663566286,28.84107883081574
,靖江南路3-1号临海轩轩车改,,330000,331082,浙江省,台州市,汽车服务;汽车养护/装饰;汽车养护,010400,临海市,0576,临海轩轩车改,"121.147703,28.836776",121.147703,28.836776,B0J02U7WR1,121.14332907954412,28.839648559306248
,古城街道康桥苑地面停车场,,330000,331082,浙江省,台州市,汽车服务;充电站;充电站,011100,临海市,0576,汽车充电站(台州临海江滨公园),"121.134138,28.837226",121.134138,28.837226,B0JRZS6FP5,121.12974288653784,28.84007774912445
,靖江南路与临江大道交叉口西北220米,,330000,331082,浙江省,台州市,汽车服务;汽车服务相关;汽车服务相关,010000,临海市,0576,铭车奥业免拆烧机油治理中心,"121.147375,28.837225",121.147375,28.837225,B0LBLLR8SN,121.1430004775587,28.840096680560485
,灵江二桥3号,,330000,331082,浙江省,台州市,汽车服务;汽车养护/装饰;汽车养护,010400,临海市,0576,车品红汽车软包脚垫(临海店),"121.147518,28.836973",121.147518,28.836973,B0LRFU85DU,121.14314374415844,28.839845105503574
,台州府路238-240号,,330000,331082,浙江省,台州市,汽车服务;汽车配件销售;汽车配件销售,010800,临海市,0576,普利司通华府轮胎店,"121.138125,28.845525",121.138125,28.845525,B0L3ASSWYD,121.1337349192149,28.84837607250577
,靖江南路7号,,330000,331082,浙江省,台州市,汽车维修;汽车维修;汽车维修|汽车服务;汽车服务相关;汽车服务相关,030000|010000,临海市,0576,台州恒辉汽车服务有限公司,"121.147951,28.836200",121.147951,28.8362,B0FFGWLTMI,121.14357755489249,28.83907340172851
,靖江南路8号,,330000,331082,浙江省,台州市,购物服务;专卖店;专营店|汽车服务;汽车服务相关;汽车服务相关,061200|010000,临海市,0576,宝驹农机旗舰店,"121.148471,28.837046",121.148471,28.837046,B0GUK7H5BT,121.14409839390851,28.839919636592086
,巾山中路14号,,330000,331082,浙江省,台州市,汽车服务;充电站;充电站,011100,临海市,0576,星星充电汽车充电站(璞莉酒店),"121.135056,28.844604",121.135056,28.844604,B0L04SXGBQ,121.13066156942457,28.84745145234619
,古城街道巾山东路86号,,330000,331082,浙江省,台州市,购物服务;专卖店;专营店|汽车服务;汽车服务相关;汽车服务相关,061200|010000,临海市,0576,西湖蓄电池(巾山东路店),"121.144954,28.845669",121.144954,28.845669,B0FFGDQDAC,121.14057470392011,28.84853039685237
,巾山东路75之9-10,,330000,331082,浙江省,台州市,汽车服务;汽车配件销售;汽车配件销售,010800,临海市,0576,泰华汽车配件,"121.146080,28.845302",121.14608,28.845302,B02400SO82,121.14170262664355,28.848165492716486
,台州府路260号,,330000,331082,浙江省,台州市,汽车服务;汽车配件销售;汽车配件销售,010800,临海市,0576,临海市兵兵轮胎店,"121.138009,28.846299",121.138009,28.846299,B0KGCX69DD,121.13361868574604,28.84914932135614
,伏龙路与紫荆路交叉口西南60米,,330000,331082,浙江省,台州市,汽车服务;汽车养护/装饰;汽车养护,010400,临海市,0576,台利汽车真皮座椅·汽车脚垫,"121.148923,28.837786",121.148923,28.837786,B0KDGXTE9V,121.14455112745613,28.84065984086367
,靖江南路35号,,330000,331082,浙江省,台州市,汽车服务;洗车场;洗车场,010500,临海市,0576,车海洋智慧城市便民自助洗车站(临海古城街道两水服务点),"121.148228,28.835677",121.148228,28.835677,B0H3LSJSAV,121.1438550778842,28.8385512538436
,伏龙路与紫荆路交叉口西南40米,,330000,331082,浙江省,台州市,汽车服务;汽车养护/装饰;汽车养护,010400,临海市,0576,然睿汽车内饰工厂优选,"121.149125,28.837925",121.149125,28.837925,B0L2R5ND3P,121.14475347175978,28.840799076716362
,下桥路与新江路交叉口南20米,,330000,331082,浙江省,台州市,汽车服务;汽车租赁;汽车租赁,010900,临海市,0576,圆方汽车租赁,"121.132135,28.838179",121.132135,28.838179,B0KD09152A,121.1277371436539,28.841027411496132
,靖江中路与靖江南路交叉口西北40米,,330000,331082,浙江省,台州市,汽车服务;汽车租赁;汽车租赁,010900,临海市,0576,灿灿用车,"121.148823,28.836600",121.148823,28.8366,B0L1N9WYVW,121.14445104539627,28.83947455997109
,巾山东路75-7号,,330000,331082,浙江省,台州市,汽车服务;汽车配件销售;汽车配件销售,010800,临海市,0576,明远汽车玻璃(巾山东路店),"121.146369,28.845551",121.146369,28.845551,B024004W81,121.14199209778643,28.848414776099283
,两水路4号,,330000,331082,浙江省,台州市,汽车服务;汽车养护/装饰;汽车养护,010400,临海市,0576,马马贴膜,"121.149619,28.836759",121.149619,28.836759,B0JKJOL4IQ,121.14524843597245,28.839634783218035
,靖江南路32号,,330000,331082,浙江省,台州市,汽车服务;汽车养护/装饰;汽车养护,010400,临海市,0576,鸿宇汽车装潢(靖江南路辅路店),"121.149483,28.836073",121.149483,28.836073,B0FFFRK6IZ,121.14511224941101,28.83894906585685
,后塘路一个数码城北门,,330000,331082,浙江省,台州市,汽车服务;汽车配件销售;汽车配件销售,010800,临海市,0576,音乐骑士音响体验店临海店,"121.131468,28.839689",121.131468,28.839689,B0LD1DF8TX,121.1270691656007,28.842535432210713
,条太街停车场,,330000,331082,浙江省,台州市,汽车服务;充电站;充电站,011100,临海市,0576,国家电网汽车充电站(浙江省临海市条太街停车场充电站),"121.136284,28.831655",121.136284,28.831655,B0JKGNUPCS,121.13189232782142,28.834513842047922
,巾山中路与人民路交叉口西100米,,330000,331082,浙江省,台州市,汽车服务;汽车养护/装饰;汽车养护,010400,临海市,0576,海星装修升级,"121.133375,28.844425",121.133375,28.844425,B0LR0OPLR4,121.12897828567857,28.847270332954857
,临江大道伟星城江景园地面停车场,,330000,331082,浙江省,台州市,汽车服务;充电站;充电站,011100,临海市,0576,国家电网汽车充电站(浙江省临海市临江大道伟星城充电站),"121.140001,28.830456",121.140001,28.830456,B0IKP93VSL,121.13561494964468,28.833321108276042
,靖江南路53号,,330000,331082,浙江省,台州市,汽车服务;汽车配件销售;汽车配件销售,010800,临海市,0576,小吴油管,"121.149445,28.834944",121.149445,28.834944,B0FFHNFH43,121.14507427123321,28.837820844736296
,靖江南路46号,,330000,331082,浙江省,台州市,汽车服务;汽车服务相关;汽车服务相关,010000,临海市,0576,临海市大运华东汽车贸易有限公司,"121.150053,28.835186",121.150053,28.835186,B0FFKVUC57,121.14568333032099,28.83806369483048
,江滨中路18号,,330000,331082,浙江省,台州市,汽车服务;汽车配件销售;汽车配件销售,010800,临海市,0576,倍耐力轮胎(江滨中路店),"121.130701,28.837031",121.130701,28.837031,B0FFIBD1MS,121.12630140718323,28.839878463712978
,紫荆路两水小区,,330000,331082,浙江省,台州市,汽车服务;汽车服务相关;汽车服务相关,010000,临海市,0576,大运汽车配件中心(紫荆路店),"121.150160,28.835212",121.15016,28.835212,B0FFHFH893,121.14579051876986,28.83808985747176
,靖江中路178号双鸽和平国际酒店,,330000,331082,浙江省,台州市,汽车服务;充电站;充电站,011100,临海市,0576,星星充电汽车充电站(双鸽和平国际酒店充电站),"121.142790,28.848715",121.14279,28.848715,B0L1778OLR,121.13840690979059,28.851570675991407
,秀竹路3-12幢(便民开锁),,330000,331082,浙江省,台州市,生活服务;生活服务场所;生活服务场所|汽车服务;汽车服务相关;汽车服务相关,070000|010000,临海市,0576,便民开锁,"121.144424,28.848408",121.144424,28.848408,B0FFHEGXX7,121.14004360673533,28.851266482285524
,靖江南路75号,,330000,331082,浙江省,台州市,汽车服务;汽车配件销售;汽车配件销售,010800,临海市,0576,浩隆汽车轮胎 路博店,"121.149718,28.834140",121.149718,28.83414,B0J6CUNTG0,121.14534781780117,28.837017906617035
,杜鹃路37号,,330000,331082,浙江省,台州市,汽车服务;汽车服务相关;汽车服务相关,010000,临海市,0576,正达润滑油,"121.147712,28.846811",121.147712,28.846811,B0FFGBNHVZ,121.14333730367534,28.84967603615504
,巾山东路与杜鹃路交叉口东80米,,330000,331082,浙江省,台州市,汽车服务;汽车配件销售;汽车配件销售,010800,临海市,0576,临海花街轮胎店,"121.148685,28.845721",121.148685,28.845721,B02400TEF5,121.14431208425556,28.848588480902077
,巾山东路与杜鹃路交叉口东80米,,330000,331082,浙江省,台州市,汽车服务;汽车配件销售;汽车配件销售,010800,临海市,0576,玛吉斯轮胎(巾山东路店),"121.148748,28.845733",121.148748,28.845733,B0FFLDHWDH,121.1443751937174,28.848600577512467
,,,330000,331082,浙江省,台州市,汽车服务;汽车服务相关;汽车服务相关,010000,临海市,0576,沃得农机,"121.149862,28.833655",121.149862,28.833655,B0FFHUCFY2,121.14549211149614,28.83653351247062
,巾山东路25-27号,,330000,331082,浙江省,台州市,汽车服务;汽车养护/装饰;汽车养护,010400,临海市,0576,梧桐树汽车美容工作室,"121.149473,28.845817",121.149473,28.845817,B0FFJ0CKMJ,121.14510146352777,28.84868573516792
,江滨中路与鹿城路交叉口西140米,,330000,331082,浙江省,台州市,汽车服务;汽车配件销售;汽车配件销售,010800,临海市,0576,吉利汽配,"121.129762,28.837207",121.129762,28.837207,B0KALHH33M,121.12536123519814,28.840053182614085
,古城街道汇墅路8号,,330000,331082,浙江省,台州市,汽车服务;汽车养护/装饰;汽车养护,010400,临海市,0576,华涛汽车装璜,"121.151028,28.834631",121.151028,28.834631,B0FFGF4VHJ,121.14666011806737,28.837510775022594
,巾山东路11号,,330000,331082,浙江省,台州市,汽车服务;汽车配件销售;汽车配件销售,010800,临海市,0576,临海市长通汽车配件厂,"121.149720,28.845983",121.14972,28.845983,B02400TE5C,121.14534888773619,28.8488520280881
,后塘路和荷花路交叉路口30号,,330000,331082,浙江省,台州市,汽车服务;汽车养护/装饰;汽车养护,010400,临海市,0576,光敏汽车美容服务中心,"121.128710,28.839918",121.12871,28.839918,B0FFL35WT1,121.1243077602489,28.84276089683184
,立发路22号,,330000,331082,浙江省,台州市,汽车服务;汽车服务相关;汽车服务相关,010000,临海市,0576,膜道专业贴膜(大师贴膜固驰授权店),"121.149741,28.846750",121.149741,28.84675,B0FFKYGVAP,121.14536986449373,28.849618485118032
,荷花路与后塘路交叉口东北40米,,330000,331082,浙江省,台州市,汽车服务;汽车养护/装饰;汽车养护,010400,临海市,0576,吾行养车,"121.128775,28.840025",121.128775,28.840025,B0LRKMHQ3S,121.12437282852204,28.84286789316062
,立发路22号,,330000,331082,浙江省,台州市,汽车服务;汽车养护/装饰;汽车养护,010400,临海市,0576,车衣裳车身改色大师贴膜,"121.149733,28.846847",121.149733,28.846847,B0IU9DU5XJ,121.14536184265913,28.849715398359912
,花街路35号,,330000,331082,浙江省,台州市,汽车服务;汽车配件销售;汽车配件销售,010800,临海市,0576,优科豪马轮胎店(花街小区店),"121.145866,28.849414",121.145866,28.849414,B0J3252W6L,121.14148793996526,28.852274040496997
,柏叶西路196号,,330000,331082,浙江省,台州市,汽车服务;汽车租赁;汽车租赁,010900,临海市,0576,万里租车,"121.144490,28.850264",121.14449,28.850264,B0H0MZIZYA,121.14010956956531,28.853121183770448
,台州府路339号,,330000,331082,浙江省,台州市,汽车服务;汽车养护/装饰;汽车养护,010400,临海市,0576,新概念汽车装饰会所,"121.137004,28.850366",121.137004,28.850366,B0240038GC,121.13261188809145,28.85321181111838
,柏叶西路123号(喜来登酒店)地下一层,,330000,331082,浙江省,台州市,汽车服务;汽车养护/装饰;汽车养护,010400,临海市,0576,老兵汽车养护站(台运靖江店),"121.142675,28.850875",121.142675,28.850875,B0LUPAWZF2,121.13829155365171,28.853728862752117
,柏叶西路200-5号,,330000,331082,浙江省,台州市,汽车服务;充电站;充电站,011100,临海市,0576,汽车充电站(花街汉庭站),"121.145054,28.850282",121.145054,28.850282,B0LGRCEHJ2,121.14067450680928,28.853140072733403
,柏叶西路与靖江中路交叉口东北100米,,330000,331082,浙江省,台州市,汽车服务;汽车服务相关;汽车服务相关,010000,临海市,0576,明煌MHPARTYK,"121.142625,28.850525",121.142625,28.850525,B0KRYOOM72,121.13824150071292,28.853379050054347
,长城俱乐部西南门旁,,330000,331082,浙江省,台州市,汽车服务;汽车配件销售;汽车配件销售,010800,临海市,0576,阿福轮胎,"121.133914,28.849010",121.133914,28.84901,B0FFIU5Z6J,121.12951765001407,28.851852587524043
,古城街道花街社区花街小区2-49幢东起第五间,,330000,331082,浙江省,台州市,汽车服务;汽车租赁;汽车租赁还车,010901,临海市,0576,锋芒婚车,"121.147889,28.849000",121.147889,28.849,B0G31ZVH2J,121.14351443777241,28.85186367655688
,台州府路与谢鲁王路交叉口西北80米,,330000,331082,浙江省,台州市,汽车服务;汽车养护/装饰;汽车养护,010400,临海市,0576,吾行养车(台州府路店),"121.136976,28.850468",121.136976,28.850468,B0J3ZUVDMQ,121.13258383933088,28.853313694241155
,花街与凯歌路交叉口西北20米,,330000,331082,浙江省,台州市,汽车服务;汽车配件销售;汽车配件销售,010800,临海市,0576,华省轮胎店,"121.147988,28.849015",121.147988,28.849015,B0LG9KOQHR,121.14361360847035,28.851878829838473
,古城街道下桥村江滨中路118号,,330000,331082,浙江省,台州市,汽车服务;充电站;充电站,011100,临海市,0576,海尔汽车充电站(锦逸舍),"121.127530,28.837261",121.12753,28.837261,B0KAPNF2X0,121.12312660397237,28.840104520015498
,花街小区2-35幢(花北站隔壁),,330000,331082,浙江省,台州市,汽车服务;洗车场;洗车场,010500,临海市,0576,台运车管家(花街店),"121.148729,28.849051",121.148729,28.849051,B0FFKJCO5I,121.14435589872448,28.851916040519242
,古城街道临海大道953号,,330000,331082,浙江省,台州市,汽车服务;汽车租赁;汽车租赁,010900,临海市,0576,万豪豪车租赁,"121.151726,28.846078",121.151726,28.846078,B0LRBZN8JS,121.1473584755756,28.848950389919306
,靖江中路259号,,330000,331082,浙江省,台州市,汽车服务;汽车配件销售;汽车配件销售,010800,临海市,0576,环东汽配(途虎养车店),"121.141292,28.851353",121.141292,28.851353,B0FFG01VRD,121.136906311129,28.85420437189086
,靖江中路261号,,330000,331082,浙江省,台州市,汽车服务;汽车配件销售;汽车配件销售,010800,临海市,0576,祥薇汽配(路桥达兴分店),"121.141354,28.851442",121.141354,28.851442,B02400TF7J,121.13696840185766,28.854293398949714
,靖江中路228号,,330000,331082,浙江省,台州市,汽车服务;汽车租赁;汽车租赁,010900,临海市,0576,神州租车(靖江壹号·江语城店),"121.141980,28.851689",121.14198,28.851689,B0FFFZGY9W,121.13759537512465,28.854541170825236
,皇后路127号,,330000,331082,浙江省,台州市,汽车服务;汽车服务相关;汽车服务相关,010000,临海市,0576,临海车爵仕汽车服务,"121.140537,28.851870",121.140537,28.85187,B0FFLIL3FV,121.136150088153,28.854719836703747
,靖江中路267号,,330000,331082,浙江省,台州市,汽车服务;汽车配件销售;汽车配件销售,010800,临海市,0576,郑东汽配,"121.141276,28.851605",121.141276,28.851605,B024003BA1,121.13689026601173,28.85445615657587
,巾山东路87号,,330000,331082,浙江省,台州市,汽车服务;汽车养护/装饰;汽车养护|汽车服务;洗车场;洗车场,010400|010500,临海市,0576,鸿图·3M汽车膜特约施工中心(临海金牌店)(暂停营业),"121.144930,28.844659",121.14493,28.844659,B0HASS7874,121.1405507435906,28.8475211193952
,两水村汇墅路60号,,330000,331082,浙江省,台州市,汽车服务;汽车养护/装饰;汽车养护,010400,临海市,0576,e车族汽车美容装潢工作室,"121.154324,28.835200",121.154324,28.8352,B0FFLEVXHF,121.14996209642185,28.838085092619004
,江滨中路188号,,330000,331082,浙江省,台州市,汽车服务;汽车配件销售;汽车配件销售,010800,临海市,0576,詹乐明轮胎店,"121.126776,28.837445",121.126776,28.837445,B0FFLIAZQZ,121.12237174297623,28.840287532434367
,,,330000,331082,浙江省,台州市,汽车服务;汽车养护/装饰;汽车养护,010400,临海市,0576,临海阿涛汽车内饰翻新,"121.154188,28.835093",121.154188,28.835093,B0LG57440H,121.14982585267907,28.83797793241179
,两水村汇墅路64号,,330000,331082,浙江省,台州市,汽车服务;汽车养护/装饰;汽车养护,010400,临海市,0576,富豪汽车真皮坐椅,"121.154698,28.835136",121.154698,28.835136,B0FFGY0ADF,121.15033679643868,28.838021801940272
,港航管理处,,330000,331082,浙江省,台州市,汽车服务;汽车租赁;汽车租赁,010900,临海市,0576,星麦租车,"121.126207,28.837360",121.126207,28.83736,B0KDFZ2ZF8,121.12180212493747,28.84020196687817
,大洋西路485-487号,,330000,331082,浙江省,台州市,汽车服务;汽车配件销售;汽车配件销售,010800,临海市,0576,天安汽配(大洋西路店),"121.144817,28.851860",121.144817,28.85186,B0FFG01ZH4,121.14043698687469,28.854716497384967
,江滨中路206号,,330000,331082,浙江省,台州市,汽车服务;汽车租赁;汽车租赁,010900,临海市,0576,携程租车合作门店(星麦租车),"121.126219,28.837356",121.126219,28.837356,B0KKDD4HI5,121.12181413830488,28.84019798302924
,良望卷板西北100米(临江大道南),,330000,331082,浙江省,台州市,汽车服务;洗车场;洗车场,010500,临海市,0576,临海24小时自助洗车,"121.127852,28.832465",121.127852,28.832465,B0JUG7FWO9,121.12344935122343,28.835312467777808
,靖江南路85号,,330000,331082,浙江省,台州市,汽车服务;汽车养护/装饰;汽车养护,010400,临海市,0576,临海贴膜中心,"121.149898,28.828886",121.149898,28.828886,B0L6YAHQIK,121.14552855124626,28.831768120380286
B0IB9Z49J1,江南街道江南大道165号地面停车场,,330000,331082,浙江省,台州市,汽车服务;充电站;充电站,011100,临海市,0576,特来电汽车充电站(特来电台州临海江南街道荣庄酒店公共充电站),"121.133193,28.827619",121.133193,28.827619,B0JGORWP9B,121.1287973709273,28.830476649209924
,靖江南路85-1号,,330000,331082,浙江省,台州市,汽车服务;汽车养护/装饰;汽车养护,010400,临海市,0576,膜一姐汽车贴膜工厂店,"121.150100,28.828922",121.1501,28.828922,B0K3GU8UL5,121.14573090759498,28.831804436987166
,靖江南路与义城路交叉口南220米,,330000,331082,浙江省,台州市,汽车服务;汽车养护/装饰;汽车养护,010400,临海市,0576,信恒贴膜中心,"121.150044,28.828703",121.150044,28.828703,B0I1T57WY0,121.14567482519467,28.83158550422085
,崇和路228号地面停车场,,330000,331082,浙江省,台州市,汽车服务;充电站;充电站,011100,临海市,0576,蔚来超充站临海远洲国际大酒店,"121.134099,28.851709",121.134099,28.851709,B0JBTU6JRC,121.12970268824303,28.854549791465587
,崇和路228号,,330000,331082,浙江省,台州市,汽车服务;换电站;换电站,011101,临海市,0576,蔚来换电站(临海远洲国际酒店),"121.134042,28.851774",121.134042,28.851774,B0JAJC1JBA,121.12964560544063,28.854614665996163
,崇和路208号,,330000,331082,浙江省,台州市,汽车服务;汽车养护/装饰;汽车养护|汽车服务;洗车场;洗车场|汽车维修;汽车维修;汽车维修,010400|010500|030000,临海市,0576,大昌汽车美容会所(远洲路店),"121.136475,28.852675",121.136475,28.852675,B0FFJH1Z1S,121.132081940658,28.85551831567146
,大洋西路504号,,330000,331082,浙江省,台州市,汽车服务;汽车配件销售;汽车配件销售,010800,临海市,0576,中信汽车电器,"121.144502,28.852592",121.144502,28.852592,B0H1F7FKU1,121.14012140567345,28.855447439010195
,七一河路与江南大道交叉口北200米,,330000,331082,浙江省,台州市,汽车服务;汽车配件销售;汽车配件销售,010800,临海市,0576,铁马汽配门市部,"121.132924,28.827789",121.132924,28.827789,B0JDFUWWFL,121.12852799993622,28.83064617133539
,临海古城街道大柏叶668号,,330000,331082,浙江省,台州市,汽车服务;充电站;充电站,011100,临海市,0576,中国石化汽车充电站(临海水云塘充电站),"121.153096,28.848528",121.153096,28.848528,B0J1TZCTY2,121.14873078042999,28.851400921965045
,大洋西路与兆丰路交叉口南100米,,330000,331082,浙江省,台州市,汽车服务;汽车配件销售;汽车配件销售,010800,临海市,0576,倍耐力轮胎(大洋西路店),"121.144872,28.852540",121.144872,28.85254,B0FFMAJQC3,121.14049202482835,28.855396069914843
,临海大道大柏叶村668号,,330000,331082,浙江省,台州市,汽车服务;加油站;中国石化,010101,临海市,0576,中国石化水云塘加油站,"121.153098,28.848922",121.153098,28.848922,B0240045PT,121.14873275305253,28.851794627634824
,义城路288号,,330000,331082,浙江省,台州市,汽车服务;汽车服务相关;汽车服务相关,010000,临海市,0576,保诺驰汽车服务中心,"121.152879,28.830655",121.152879,28.830655,B0I1279XO7,121.14851479061169,28.833540940804387
,大洋西路457-14临海小学西边,,330000,331082,浙江省,台州市,汽车服务;汽车配件销售;汽车配件销售,010800,临海市,0576,永佳汽配(大洋西路店),"121.144809,28.852679",121.144809,28.852679,B02400TEE2,121.14042890889804,28.855534863577205
,大洋西路457-15号,,330000,331082,浙江省,台州市,汽车服务;汽车配件销售;汽车配件销售,010800,临海市,0576,长宏轮胎经营部(途虎养车店),"121.144789,28.852615",121.144789,28.852615,B02400325N,121.14040888065061,28.855470880102263
,灵江公寓东1门旁,,330000,331082,浙江省,台州市,汽车服务;充电站;充电站,011100,临海市,0576,下桥村灵江路汽车充电站,"121.125073,28.838667",121.125073,28.838667,B0JD1S4CNP,121.12066681276373,28.841506766565907
,国贸立体停车场,,330000,331082,浙江省,台州市,汽车服务;充电站;充电站,011100,临海市,0576,特来电汽车充电站(台州临海新国茂大酒店充电站),"121.124840,28.842727",121.12484,28.842727,B0J6BR1NHI,121.12043324911738,28.845563474157697
B02400SIA5,聚景路203号,,330000,331082,浙江省,台州市,公司企业;公司;公司|汽车服务;汽车服务相关;汽车服务相关,170200|010000,临海市,0576,台州中际汽车零部件有限公司,"121.155170,28.833168",121.15517,28.833168,B0FFGVY34J,121.15080983156847,28.83605610727625
B0H3452C70,古城街道江滨中路停车场(临海市港航管理处西),,330000,331082,浙江省,台州市,汽车服务;充电站;充电站,011100,临海市,0576,小桔充电汽车充电站(临海一桥停车场),"121.124156,28.837441",121.124156,28.837441,B0KKZGPC1Q,121.11974896832238,28.84028072765246
,柏叶西路195号,,330000,331082,浙江省,台州市,汽车服务;汽车养护/装饰;汽车养护,010400,临海市,0576,车宝汽车服务(柏叶西路店),"121.149313,28.852060",121.149313,28.85206,B0HR0UX8I0,121.14494068856449,28.854923744951883
B0FFGCD1J6,古城街道停车场(临海市港航管理处西),,330000,331082,浙江省,台州市,汽车服务;充电站;充电站,011100,临海市,0576,理想超级充电站(理想超充站临海江滨中路近台州府城文化旅游区),"121.124170,28.837706",121.12417,28.837706,B0KK2DAQ2M,121.11976296147716,28.84054554376601
B0240045PT,临海大道大柏叶村668号中国石化水云塘加油站,,330000,331082,浙江省,台州市,汽车服务;洗车场;洗车场,010500,临海市,0576,台州市临海水云塘易捷养车洗车店,"121.153106,28.848930",121.153106,28.84893,B0LB5HF6W6,121.148740767105,28.85180263557734
,靖江南路与青柏路交叉口东北180米,,330000,331082,浙江省,台州市,汽车服务;汽车配件销售;汽车配件销售,010800,临海市,0576,雷希特减压器,"121.151175,28.828375",121.151175,28.828375,B0LATC0I62,121.14680787545441,28.83125968132063
B0H33CXVPD,古城街道柏叶西路298号华润万家(临海店)地下停车场B1-084,,330000,331082,浙江省,台州市,汽车服务;充电站;充电站,011100,临海市,0576,开迈斯汽车充电站(台州市华润万家临海店站),"121.149956,28.851568",121.149956,28.851568,B0I0HLU3L8,121.14558486629807,28.854433206649446
,立法路200号,,330000,331082,浙江省,台州市,汽车服务;汽车租赁;汽车租赁,010900,临海市,0576,临海市佳航汽车租赁,"121.148937,28.852058",121.148937,28.852058,B0H6R9ALBO,121.14456402658325,28.854921113141817
,两水村义城路257号,,330000,331082,浙江省,台州市,汽车服务;汽车配件销售;汽车配件销售,010800,临海市,0576,博金轮胎店,"121.153573,28.830104",121.153573,28.830104,B0FFL6BKV9,121.14921010897663,28.832991565211632
,立发路201号,,330000,331082,浙江省,台州市,汽车服务;汽车养护/装饰;汽车养护|汽车维修;汽车综合维修;汽车综合维修,010400|030100,临海市,0576,安信名车维修,"121.148011,28.852690",121.148011,28.85269,B0FFGY5I25,121.14363635851218,28.85555108499302
,江南大道与七一河路辅路交叉口西北80米,,330000,331082,浙江省,台州市,汽车服务;洗车场;洗车场,010500,临海市,0576,顺达洗车,"121.132142,28.827016",121.132142,28.827016,B0L29SRWSZ,121.12774503522992,28.82987273297548
,江南街道义城路257号,,330000,331082,浙江省,台州市,汽车服务;汽车配件销售;汽车配件销售,010800,临海市,0576,朝阳轮胎(义城路店),"121.153949,28.830081",121.153949,28.830081,B0FFLCHAV3,121.14958680490709,28.83296924345587
,临海市皇冠彩印厂东北门西70米,,330000,331082,浙江省,台州市,汽车服务;汽车配件销售;汽车配件销售,010800,临海市,0576,正新轮胎,"121.153925,28.830075",121.153925,28.830075,B0LBRDIGFM,121.14956276100479,28.8329632056516
,古城街道两水村,,330000,331082,浙江省,台州市,汽车服务;加油站;中国石化,010101,临海市,0576,中国石化二桥加油站,"121.150952,28.826637",121.150952,28.826637,B0240045QE,121.14658461128587,28.829522586138577
,巾山公园东门南340米,,330000,331082,浙江省,台州市,汽车服务;汽车租赁;汽车租赁,010900,临海市,0576,华进汽车租赁有限公司,"121.123860,28.838582",121.12386,28.838582,B0I0SXR0U7,121.11945258106321,28.841420570878395
,凯歌路249-1号(华润万家超市东门往南100米),,330000,331082,浙江省,台州市,汽车服务;汽车养护/装饰;汽车养护,010400,临海市,0576,爱尚汽车美容(凯歌路店),"121.152283,28.850605",121.152283,28.850605,B0FFG8WJDB,121.14791613036344,28.85347493396488
,江南大道68号,,330000,331082,浙江省,台州市,汽车服务;汽车服务相关;汽车服务相关,010000,临海市,0576,因而克智能洗车(临海江南街道店),"121.131062,28.827036",121.131062,28.827036,B0LANCXS0Z,121.12666365081006,28.829891351459146
,凯歌路247-2号附近,,330000,331082,浙江省,台州市,汽车服务;汽车配件销售;汽车配件销售,010800,临海市,0576,老林光轮胎店,"121.152227,28.850729",121.152227,28.850729,B0FFIBY153,121.14786001863163,28.85359874284961
,凯歌路249-2号附近,,330000,331082,浙江省,台州市,汽车服务;汽车服务相关;汽车服务相关,010000,临海市,0576,玛吉斯轮胎(凯歌路店),"121.152221,28.850742",121.152221,28.850742,B0FFJGBOE1,121.14785400668617,28.853611722591587
,大桥路11-13号,,330000,331082,浙江省,台州市,汽车服务;汽车配件销售;汽车配件销售,010800,临海市,0576,固特异轮胎(台州府城文化旅游区店),"121.123568,28.838804",121.123568,28.838804,B0FFM3XLMT,121.11916027390524,28.841642108920205
,大洋街道柏叶西路316号(华润万家超市负一楼),,330000,331082,浙江省,台州市,汽车服务;汽车养护/装饰;汽车养护,010400,临海市,0576,项记电瓶车夫人汽车会所,"121.151445,28.851714",121.151445,28.851714,B0GDT7ZFIX,121.14707652309372,28.854581644099834
,柏叶西路与凯歌路交叉口南160米,,330000,331082,浙江省,台州市,汽车服务;汽车养护/装饰;汽车养护,010400,临海市,0576,项记电瓶车夫人汽车会所,"121.151487,28.851439",121.151487,28.851439,B0LGHHU0XO,121.14711862064406,28.854306924891596
,江南大道与花溪路交叉口西40米,,330000,331082,浙江省,台州市,汽车服务;汽车配件销售;汽车配件销售,010800,临海市,0576,海福莱轮胎,"121.124966,28.832656",121.124966,28.832656,B0G3Z1T3IQ,121.12056017692703,28.83550014282721
,临海大道西652号(水云塘加油站旁),,330000,331082,浙江省,台州市,汽车服务;汽车服务相关;汽车服务相关,010000,临海市,0576,李信汽车服务中心,"121.153823,28.850179",121.153823,28.850179,B0JDZ9QL0U,121.14945898901375,28.853051948462966
,水云南路与流花路交叉口西160米,,330000,331082,浙江省,台州市,汽车服务;汽车服务相关;汽车服务相关|汽车销售;汽车销售;汽车销售,010000|020000,临海市,0576,台州京生汽车服务有限公司,"121.152525,28.851025",121.152525,28.851025,B0L3ASS6T6,121.14815853850062,28.853895036595162
,古城街道钱暄路77号,,330000,331082,浙江省,台州市,汽车服务;汽车养护/装饰;汽车养护,010400,临海市,0576,途虎养车工场店(临海台州府城店),"121.125319,28.848275",121.125319,28.848275,B0FFHUU96V,121.12091231030293,28.851107799819474
,江南大道6号,,330000,331082,浙江省,台州市,汽车服务;汽车养护/装饰;汽车养护|汽车维修;汽车维修;汽车维修,010400|030000,临海市,0576,江南兴旺汽修,"121.124551,28.832645",121.124551,28.832645,B0HK973KCP,121.12014474943135,28.83548871605172
,古城街道两水村青柏路1号南面第一间,,330000,331082,浙江省,台州市,汽车服务;汽车服务相关;汽车服务相关,010000,临海市,0576,匠艺新汽车服务,"121.152198,28.826916",121.152198,28.826916,B0LACZDLTG,121.14783284204945,28.829803529524778
,青柏路与紫荆路交叉口西北40米,,330000,331082,浙江省,台州市,汽车服务;汽车服务相关;汽车服务相关,010000,临海市,0576,圣尚驾道(建辉店),"121.152144,28.826951",121.152144,28.826951,B0H6SCZRUL,121.147778741078,28.82983840992365
,古城街道大柏叶小区2-13幢3号,,330000,331082,浙江省,台州市,汽车服务;汽车服务相关;汽车服务相关,010000,临海市,0576,Dream Car玩车基地,"121.153094,28.851463",121.153094,28.851463,B0IDZD61B3,121.14872854546489,28.85433369740288
,中国石油临海台信充电站,,330000,331082,浙江省,台州市,汽车服务;充电站;充电站,011100,临海市,0576,小桔充电汽车充电站(中国石油临海台信),"121.125364,28.849369",121.125364,28.849369,B0KDVMLH1K,121.12095727115143,28.852201020864197
,钱暄路54号,,330000,331082,浙江省,台州市,汽车服务;汽车配件销售;汽车配件销售,010800,临海市,0576,优科豪马轮胎(台州府城文化旅游区店),"121.125234,28.848469",121.125234,28.848469,B0FFFSP8UH,121.12082720550653,28.851301562658293
,古城街道钱暄路82号台州府城文化旅游区,,330000,331082,浙江省,台州市,汽车服务;充电站;充电站,011100,临海市,0576,蔚景云汽车充电站(台信慢充站),"121.125360,28.849434",121.12536,28.849434,B0L2LZP70N,121.12095326178334,28.852265967429528
,古城街道钱暄路80号台信汽车出租公司,,330000,331082,浙江省,台州市,汽车服务;汽车租赁;汽车租赁,010900,临海市,0576,浙江台信汽车出租有限公司,"121.125362,28.849434",121.125362,28.849434,B0FFKZXI9Q,121.12095526389422,28.852265969566155
,春和路9号,,330000,331082,浙江省,台州市,汽车服务;汽车养护/装饰;汽车养护|汽车维修;汽车维修;汽车维修,010400|030000,临海市,0576,正广汽车服务中心,"121.128209,28.826284",121.128209,28.826284,B0FFKZ20MO,121.12380725231101,28.82913646845797
,水云南路129号第二中心菜场对面,,330000,331082,浙江省,台州市,汽车服务;洗车场;洗车场,010500,临海市,0576,车喜车体工作室,"121.153896,28.852624",121.153896,28.852624,B0GU5UW0P0,121.14953193126188,28.855495224398744
,流花路1号,,330000,331082,浙江省,台州市,汽车服务;汽车服务相关;汽车服务相关,010000,临海市,0576,临海市临耀汽车服务有限责任公司,"121.155786,28.851813",121.155786,28.851813,B0K1JZ7JK9,121.15142551726768,28.854688190578344
,临海大道流花路1号,,330000,331082,浙江省,台州市,汽车服务;汽车服务相关;汽车服务相关,010000,临海市,0576,无限热爱汽车服务,"121.155546,28.851817",121.155546,28.851817,B0KAA5B656,121.15118506667348,28.854691759376696
,泉井洋路78号西大门,,330000,331082,浙江省,台州市,汽车服务;汽车养护/装饰;汽车养护,010400,临海市,0576,卡驰宝,"121.125355,28.851908",121.125355,28.851908,B0FFL37PTK,121.12094806062629,28.854738088857175
,钱暄路87(4-6)号,,330000,331082,浙江省,台州市,汽车服务;汽车服务相关;汽车服务相关,010000,临海市,0576,恒威·宇辰汽车照明,"121.124748,28.851447",121.124748,28.851447,B0FFJZNHLG,121.12034046365031,28.85427679604494
,振兴街与大桥路交叉口西200米,,330000,331082,浙江省,台州市,汽车服务;汽车养护/装饰;汽车养护,010400,临海市,0576,劲越汽车美容中心,"121.121330,28.832353",121.12133,28.832353,B0HG04UD0F,121.11692067720887,28.835193758509032
,钱暄路87-7号,,330000,331082,浙江省,台州市,汽车服务;汽车配件销售;汽车配件销售,010800,临海市,0576,玛吉斯轮胎官方授权店,"121.124697,28.851596",121.124697,28.851596,B0H0KMLWMK,121.1202893992713,28.854425629752523
,云塘路2号,,330000,331082,浙江省,台州市,汽车服务;汽车服务相关;汽车服务相关|汽车维修;汽车维修;汽车维修,010000|030000,临海市,0576,小卫汽车服务,"121.156175,28.852625",121.156175,28.852625,B0FFJT90VC,121.15181518493186,28.855500270438373
,钱暄路138号,,330000,331082,浙江省,台州市,汽车服务;汽车配件销售;汽车配件销售,010800,临海市,0576,正新轮胎店电瓶搭电外出补胎,"121.124873,28.852619",121.124873,28.852619,B0FFL8D4RK,121.12046550014412,28.855448038826697
,临海市农机大楼东北门旁,,330000,331082,浙江省,台州市,汽车服务;汽车配件销售;汽车配件销售,010800,临海市,0576,临海市子英轮胎店,"121.124873,28.852604",121.124873,28.852604,B0HA6XFQ5C,121.1204655013319,28.855433050203313
,两水青柏路钰珑湾小区340号,,330000,331082,浙江省,台州市,汽车服务;汽车养护/装饰;汽车养护|汽车维修;汽车维修;汽车维修,010400|030000,临海市,0576,宏来汽修,"121.157799,28.826127",121.157799,28.826127,B0HRR5UG0H,121.15344434745029,28.829025051933133
,钱暄路与鲤山路交叉口西北40米,,330000,331082,浙江省,台州市,汽车服务;汽车租赁;汽车租赁|生活服务;生活服务场所;生活服务场所,010900|070000,临海市,0576,盛世婚车,"121.124425,28.852625",121.124425,28.852625,B0LUD62W7P,121.1200170390511,28.855453566386196
,云塘路与临海大道交汇汇西北角,,330000,331082,浙江省,台州市,汽车服务;汽车配件销售;汽车配件销售,010800,临海市,0576,玛吉斯轮胎(临沁路店),"121.158653,28.851896",121.158653,28.851896,B0FFI5X0CJ,121.1542979516413,28.854776295815483
,临沁路与临海大道交叉口北20米,,330000,331082,浙江省,台州市,汽车服务;汽车服务相关;汽车服务相关,010000,临海市,0576,佳通轿车服务站,"121.158660,28.851971",121.15866,28.851971,B0K66PP046,121.15430495915267,28.854851251693518
,振兴街与紫沙路交叉口东200米,,330000,331082,浙江省,台州市,汽车服务;汽车服务相关;汽车服务相关,010000,临海市,0576,柴油发电机出租出售,"121.119213,28.831483",121.119213,28.831483,B0K3ZDBBLE,121.11480193940513,28.834322518788838
B0FFGCD1J5,赤城路与紫阳古街交叉口西南100米,,330000,331082,浙江省,台州市,汽车服务;充电站;充电站,011100,临海市,0576,国家电网汽车充电站(台州府城墙兴善门停车点店),"121.116236,28.837901",121.116236,28.837901,B0JK3P8GUB,121.11182220785412,28.840733354489416
,古城家园北门旁,,330000,331082,浙江省,台州市,汽车服务;汽车配件销售;汽车配件销售,010800,临海市,0576,朝阳轮胎(巾山西路店),"121.116146,28.843214",121.116146,28.843214,B0FFKRO0VC,121.11173172567614,28.846042301521067
,巾山西路96号一98号,,330000,331082,浙江省,台州市,汽车服务;汽车配件销售;汽车配件销售,010800,临海市,0576,临海市华府轮胎店,"121.116011,28.843214",121.116011,28.843214,B0FFFTSNQV,121.11159663435943,28.846042202142716
,临海大道西洋苑小区西南侧约170米,,330000,331082,浙江省,台州市,汽车服务;汽车配件销售;汽车配件销售,010800,临海市,0576,临海市取峰轮胎店,"121.163423,28.851160",121.163423,28.85116,B0H065FH72,121.15907727306241,28.85404963281926
,古城街道临海康宁医院,,330000,331082,浙江省,台州市,汽车服务;充电站;充电站,011100,临海市,0576,特来电汽车充电站(台州临海康宁医院充电站),"121.111916,28.826368",121.111916,28.826368,B0K0U7REEX,121.10750058015863,28.829206092350944
,观澜路与宏业路交叉口南40米,,330000,331082,浙江省,台州市,汽车服务;汽车养护/装饰;汽车养护|汽车维修;汽车维修;汽车维修,010400|030000,临海市,0576,阿龙汽车服务部,"121.107585,28.840951",121.107585,28.840951,B0H3JS55JR,121.10316672552723,28.843776113657988
,古城街道台州医院鼓楼停车场台州府城文化旅游区,,330000,331082,浙江省,台州市,汽车服务;充电站;充电站,011100,临海市,0576,特来电汽车充电站(台州临海市鼓楼停车场充电站),"121.109276,28.851546",121.109276,28.851546,B0J2SPBGTM,121.10485744602948,28.85436385578415
,观澜路445号,,330000,331082,浙江省,台州市,汽车服务;汽车服务相关;汽车服务相关,010000,临海市,0576,万顺叫车,"121.106099,28.847115",121.106099,28.847115,B0J21ZGB58,121.10167985569413,28.849934927747533
,牛头山村委会,,330000,331082,浙江省,台州市,汽车服务;充电站;充电站,011100,临海市,0576,云快充汽车充电站(临海市邵家渡牛头山充电站),"121.268690,28.842138",121.26869,28.842138,B0L1LBDCCO,121.2644482567987,28.84513682694242
,新健路13号,,330000,331002,浙江省,台州市,汽车服务;汽车服务相关;汽车服务相关,010000,椒江区,0576,台州性能车俱乐部,"121.404480,28.643603",121.40448,28.643603,B0HRVL5RVV,121.40004384012131,28.64655300977298
,新联路与新健路交叉口西40米,,330000,331002,浙江省,台州市,汽车服务;汽车服务相关;汽车服务相关,010000,椒江区,0576,洪师傅代驾,"121.403871,28.643091",121.403871,28.643091,B0KBKRD64I,121.39943481330194,28.64604124357474
,新健路34号,,330000,331002,浙江省,台州市,汽车服务;汽车救援;汽车救援,010700,椒江区,0576,速邦救援,"121.404216,28.642361",121.404216,28.642361,B0IGTUJZZG,121.3997799070612,28.645311673144608
,新健路38-42,,330000,331002,浙江省,台州市,汽车服务;汽车养护/装饰;汽车养护,010400,椒江区,0576,名驹汽车美容服务中心,"121.404181,28.642279",121.404181,28.642279,B0JGOCUFFQ,121.39974490964799,28.64522971554105
,新安路199号,,330000,331002,浙江省,台州市,汽车服务;洗车场;洗车场|汽车服务;汽车养护/装饰;汽车养护|汽车维修;汽车维修;汽车维修,010500|010400|030000,椒江区,0576,利车利友汽车服务,"121.405038,28.642524",121.405038,28.642524,B0FFIMCMXB,121.4006020041253,28.645474666484304
,新安路与新健路交叉口西南20米,,330000,331002,浙江省,台州市,汽车服务;汽车服务相关;汽车服务相关,010000,椒江区,0576,远邦救援,"121.404174,28.642400",121.404174,28.6424,B0L3H79PTL,121.39973789927677,28.64535064814875
,新安路与新德路交叉口西60米,,330000,331002,浙江省,台州市,汽车服务;汽车养护/装饰;汽车养护,010400,椒江区,0576,吾行养车(新安路店),"121.404994,28.642552",121.404994,28.642552,B0L0713XKL,121.40055799514072,28.645502645792465
,腾达中心B1层学院路入口或东海大道入口下来50米即可到店,,330000,331002,浙江省,台州市,汽车服务;汽车服务相关;汽车服务相关,010000,椒江区,0576,卡耐尔汽车工作室,"121.403902,28.649540",121.403902,28.64954,B0I6H5XEES,121.39946530478423,28.65248665235908
,新安路与新德路交叉口西60米,,330000,331002,浙江省,台州市,汽车服务;汽车养护/装饰;汽车养护,010400,椒江区,0576,HGFF小飞象养车,"121.404926,28.642504",121.404926,28.642504,B0LUY6WLA2,121.40048998868878,28.645454664410213
,新安路与新德路交叉口西40米,,330000,331002,浙江省,台州市,汽车服务;汽车配件销售;汽车配件销售,010800,椒江区,0576,韩泰轮胎(新安路店),"121.405075,28.642515",121.405075,28.642515,B0HR5G84WL,121.40063901060384,28.645465675914288
,新州路2号,,330000,331002,浙江省,台州市,汽车服务;汽车配件销售;汽车配件销售,010800,椒江区,0576,佳通轮胎台州通途轮胎有限公司,"121.406504,28.643719",121.406504,28.643719,B0FFGWMQBI,121.4020681915531,28.646669228577956
,新达西路与新健路交叉口西40米,,330000,331002,浙江省,台州市,汽车服务;汽车服务相关;汽车服务相关,010000,椒江区,0576,制作改装三轮四轮小吃车,"121.403910,28.641714",121.40391,28.641714,B0LGK6IKAD,121.39947392625096,28.64466500680837
,新尚路213号(学院路地铁站D口步行480米),,330000,331002,浙江省,台州市,汽车服务;汽车养护/装饰;汽车养护|汽车维修;汽车维修;汽车维修,010400|030000,椒江区,0576,小扳手汽车养护,"121.403519,28.641234",121.403519,28.641234,B0FFJN3TZ2,121.39908293023157,28.6441852474968
,新世纪商城新尚路201号,,330000,331002,浙江省,台州市,汽车服务;汽车养护/装饰;汽车养护|汽车维修;汽车维修;汽车维修,010400|030000,椒江区,0576,车咖.鸿鑫汽修,"121.403726,28.641201",121.403726,28.641201,B0HKJU43C0,121.39928994992083,28.644152277470216
,新嘉北路附近,,330000,331002,浙江省,台州市,汽车服务;充电站;充电站,011100,椒江区,0576,汽车充电站(力氪椒江麻车苑乐鹤站),"121.407608,28.645016",121.407608,28.645016,B0KBKHEEAF,121.40317237423575,28.64796574035024
B0G1N53M0A,新世纪商城新达西路12-14号,,330000,331002,浙江省,台州市,汽车服务;汽车养护/装饰;汽车养护|汽车服务;洗车场;洗车场|汽车维修;汽车维修;汽车维修,010400|010500|030000,椒江区,0576,新达汽修,"121.404905,28.641681",121.404905,28.641681,B0HAD5DOP3,121.40046905083348,28.644632116255888
,地面停车场,,330000,331002,浙江省,台州市,汽车服务;充电站;充电站,011100,椒江区,0576,极氪能源汽车充电站(台州腾达中心极充站),"121.403435,28.650260",121.403435,28.65026,B0JUPKH2L7,121.39899820805975,28.653206220424288
,葭沚街道新世纪商城体育场路1200号,,330000,331002,浙江省,台州市,汽车服务;汽车服务相关;汽车服务相关,010000,椒江区,0576,台州升捷汽车服务中心,"121.407090,28.643693",121.40709,28.643693,B0FFHCF5W1,121.40265433735131,28.646643358985497
,新尚路169号,,330000,331002,浙江省,台州市,汽车服务;汽车养护/装饰;汽车养护|汽车服务;洗车场;洗车场,010400|010500,椒江区,0576,车净界汽车洗护工作室(东泰万华城店),"121.405615,28.642069",121.405615,28.642069,B0HDPZHZ6B,121.40117913809927,28.64501999416905
,新尚路与新健路交叉口西40米,,330000,331002,浙江省,台州市,汽车服务;汽车配件销售;汽车配件销售,010800,椒江区,0576,美孚(新尚路店),"121.403901,28.641224",121.403901,28.641224,B0L3H79ZZI,121.3994649642355,28.644175276249793
,新达西路6-10号,,330000,331002,浙江省,台州市,汽车服务;汽车养护/装饰;汽车养护,010400,椒江区,0576,车爱美汽车美容服务中心1店,"121.405079,28.641682",121.405079,28.641682,B0JADR5IGL,121.40064307728913,28.64463313616993
B0G1N53M0A,体育场路1186号,,330000,331002,浙江省,台州市,汽车服务;汽车配件销售;汽车配件销售,010800,椒江区,0576,小何轮胎店,"121.407321,28.643663",121.407321,28.643663,B0FFIS4FW3,121.40288540125673,28.646613425545496
,新健路82号,,330000,331002,浙江省,台州市,汽车服务;汽车养护/装饰;汽车养护,010400,椒江区,0576,车8度汽车生活馆新健路,"121.404373,28.641221",121.404373,28.641221,B0GUHSS08W,121.39993701580012,28.644172315534277
,,,330000,331002,浙江省,台州市,汽车服务;汽车租赁;汽车租赁,010900,椒江区,0576,启梦租赁,"121.407774,28.645775",121.407774,28.645775,B0K0OCLWE1,121.40333836241632,28.64872435779494
,龙兴庙南门旁,,330000,331002,浙江省,台州市,汽车服务;汽车养护/装饰;汽车养护,010400,椒江区,0576,晶卓汽车养护,"121.407766,28.645595",121.407766,28.645595,B0FFMFI3E0,121.40333037432784,28.648544456018573
B0FFFZGWSM,白云街道东海大道1800号腾达中心7号门3F,,330000,331002,浙江省,台州市,汽车服务;汽车服务相关;汽车服务相关,010000,椒江区,0576,PPS(腾达中心店),"121.403575,28.650375",121.403575,28.650375,B0KR9P7GNA,121.39913820964475,28.653321163027165
,新尚路187号,,330000,331002,浙江省,台州市,汽车服务;汽车服务相关;汽车服务相关,010000,椒江区,0576,蓝邦科技便民共享自助洗车(新世纪商城停车楼店),"121.404270,28.640921",121.40427,28.640921,B0K14508B6,121.39983402741785,28.64387247167894
,葭沚街道新世纪商城新尚路183号,,330000,331002,浙江省,台州市,汽车服务;汽车配件销售;汽车配件销售,010800,椒江区,0576,全诺轮胎(新尚路店),"121.404650,28.641205",121.40465,28.641205,B0H0B503OL,121.40021405249503,28.644156351025547
,新尚路停车场1楼进口处,,330000,331002,浙江省,台州市,汽车服务;汽车养护/装饰;汽车养护,010400,椒江区,0576,靓车馆,"121.404392,28.640908",121.404392,28.640908,B0J3ZSUWKR,121.39995604292507,28.643859489609365
,东泰·万华城北区西门西南80米,,330000,331002,浙江省,台州市,汽车维修;汽车维修;汽车维修|汽车服务;汽车服务相关;汽车服务相关,030000|010000,椒江区,0576,明辉汽车养护中心,"121.405371,28.641208",121.405371,28.641208,B0FFKEPQIJ,121.40093516289546,28.64415943476991
,学院路与东平路交叉口,,330000,331002,浙江省,台州市,汽车服务;汽车服务相关;汽车服务相关,010000,椒江区,0576,天猫养车(贴膜中心金桥新世纪商城店),"121.404420,28.640878",121.40442,28.640878,B0KGFA1HAJ,121.39998404873384,28.64382950868827
,东泰·万华城北区西门西南80米,,330000,331002,浙江省,台州市,汽车服务;洗车场;洗车场,010500,椒江区,0576,洗车,"121.405380,28.641190",121.40538,28.64119,B0H0M1NWMS,121.40094416587233,28.64414144589653
,霞沚街道新尚路121号,,330000,331002,浙江省,台州市,汽车服务;汽车服务相关;汽车服务相关,010000,椒江区,0576,天天拍车(台州店),"121.405874,28.641237",121.405874,28.641237,B0HG1MTKTP,121.40143825357568,28.6441884920483
,新尚路与新德路交叉口西北20米,,330000,331002,浙江省,台州市,汽车服务;汽车服务相关;汽车服务相关,010000,椒江区,0576,特斯拉改装工作室,"121.405218,28.641197",121.405218,28.641197,B0KDRD0A70,121.40078213806194,28.644148420778222
,白云街道学院路783号台州腾达中心,,330000,331002,浙江省,台州市,汽车服务;充电站;充电站,011100,椒江区,0576,理想超级充电站(理想超充站台州腾达中心),"121.403460,28.650883",121.40346,28.650883,B0LR6MEWZ5,121.39902316047873,28.653828871240265
B0KBXADFFC,新尚路198号(新世纪商城停车楼二楼),,330000,331002,浙江省,台州市,汽车服务;充电站;充电站,011100,椒江区,0576,特来电汽车充电站(台州三合椒江新世纪商城停车楼慢充站),"121.404680,28.640759",121.40468,28.640759,B0L2KGG34E,121.40024409193443,28.64371059966336
,新尚路与新德路交叉口西北20米,,330000,331002,浙江省,台州市,汽车服务;汽车养护/装饰;汽车养护,010400,椒江区,0576,车爱美二店改装美容服务,"121.405225,28.641175",121.405225,28.641175,B0HG2H0YOB,121.40078914095638,28.644126433790564
,体育场路1166-1176号,,330000,331002,浙江省,台州市,汽车服务;汽车养护/装饰;汽车养护,010400,椒江区,0576,途虎养车工场店(台州体育场路店),"121.408375,28.643617",121.408375,28.643617,B0FFHUU9WO,121.40393972061013,28.646567709187295
,体育场路与新康路交叉口西南60米,,330000,331002,浙江省,台州市,汽车服务;汽车养护/装饰;汽车养护,010400,椒江区,0576,悦腾养车,"121.408425,28.643575",121.408425,28.643575,B0L14K043W,121.40398974034429,28.646525745930237
,新康路与新联路交叉口北40米,,330000,331002,浙江省,台州市,汽车服务;汽车服务相关;汽车服务相关,010000,椒江区,0576,祺域树换电,"121.408961,28.643370",121.408961,28.64337,B0LBS1UZAZ,121.40452594057625,28.646321011005373
,新联路20号,,330000,331002,浙江省,台州市,汽车服务;汽车租赁;汽车租赁,010900,椒江区,0576,乐兔换电租车,"121.409234,28.642914",121.409234,28.642914,B0K6VZUJ2A,121.40479907615985,28.64586534544269
,椒江经济开发区新康路63号,,330000,331002,浙江省,台州市,汽车服务;汽车租赁;汽车租赁,010900,椒江区,0576,台州结缘婚车(椒江店),"121.408946,28.642163",121.408946,28.642163,B0JK7ZJM60,121.40451103093753,28.645114673797195
B0FFFDD0OW,新闸路138号万华城南区4幢北面,,330000,331002,浙江省,台州市,汽车服务;汽车服务相关;汽车服务相关,010000,椒江区,0576,小徐汽车钥匙开锁配钥匙换锁修门锁指纹锁,"121.407218,28.639851",121.407218,28.639851,B0KGNAZB6Z,121.40278267576697,28.64280350537226
,新合路与体育场路交叉口南40米,,330000,331002,浙江省,台州市,汽车服务;充电站;充电站,011100,椒江区,0576,蛮牛换电,"121.409857,28.643475",121.409857,28.643475,B0L14O3886,121.40542227303428,28.646426235043826
,新康路与新达东路交叉口南40米,,330000,331002,浙江省,台州市,汽车服务;汽车配件销售;汽车配件销售,010800,椒江区,0576,好美特精选汽配连锁(新康路店),"121.408697,28.641411",121.408697,28.641411,B0HKVS70A7,121.40426200344551,28.644363016720394
,新安路与新合路交叉口西40米,,330000,331002,浙江省,台州市,汽车服务;汽车服务相关;汽车服务相关,010000,椒江区,0576,宝之越汽车科技,"121.409526,28.642265",121.409526,28.642265,B0IK5AOC6H,121.40509123824161,28.64521679563098
,新合路与新联路交叉口西南40米,,330000,331002,浙江省,台州市,汽车服务;汽车服务相关;汽车服务相关,010000,椒江区,0576,台州市椒江区小哈换电,"121.409775,28.642725",121.409775,28.642725,B0LASLWH7A,121.40534029958783,28.645676622621533
,新闸路138号万华城南区4幢北面,,330000,331002,浙江省,台州市,汽车服务;汽车服务相关;汽车服务相关,010000,椒江区,0576,小徐汽车锁业,"121.407134,28.639777",121.407134,28.639777,B0K3YZBT70,121.40269865938977,28.64272952795424
,新合路56-58号,,330000,331002,浙江省,台州市,汽车服务;汽车配件销售;汽车配件销售,010800,椒江区,0576,金鼎汽配连锁(椒江店),"121.409826,28.642083",121.409826,28.642083,B0GD5L4JXI,121.4053913709275,28.645034994175692
,开发大道1168号,,330000,331002,浙江省,台州市,汽车服务;汽车服务相关;汽车服务相关,010000,椒江区,0576,云配联盟,"121.409831,28.642073",121.409831,28.642073,B0H61NKZ6F,121.40539637373091,28.645025001363738
,新尚路17号,,330000,331002,浙江省,台州市,汽车服务;汽车服务相关;汽车服务相关,010000,椒江区,0576,凯斯汽车内饰升级,"121.409220,28.641102",121.40922,28.641102,B0JGPAF6LN,121.40478521464938,28.64405434107407
,新合路92-94号,,330000,331002,浙江省,台州市,汽车服务;汽车服务相关;汽车服务相关,010000,椒江区,0576,海恒车改,"121.409809,28.641467",121.409809,28.641467,B0FFL8FIMD,121.40537441294585,28.644419328261836
,台州大道600号,,330000,331002,浙江省,台州市,汽车服务;汽车服务相关;汽车服务相关,010000,椒江区,0576,蔚来服务中心(台州大道),"121.396625,28.651875",121.396625,28.651875,B0KRLSZRVK,121.39218875336093,28.654820992214788
,新康路206-208号,,330000,331002,浙江省,台州市,汽车服务;汽车服务相关;汽车服务相关,010000,椒江区,0576,滴滴代驾司机服中心(新康路店),"121.408905,28.639171",121.408905,28.639171,B0FFLEWOGV,121.40447025361203,28.64212430784481
,新合路104号,,330000,331002,浙江省,台州市,汽车服务;充电站;充电站,011100,椒江区,0576,汽车充电站(万华城沿河地下停车场充电站),"121.409129,28.639904",121.409129,28.639904,B0L61P6GE5,121.40469427613577,28.642856972217423
,新宏东路与新康路交叉口西40米,,330000,331002,浙江省,台州市,汽车服务;汽车养护/装饰;汽车养护,010400,椒江区,0576,吉利汽车真皮座椅,"121.408305,28.639286",121.408305,28.639286,B0IASUNSLB,121.40387004129022,28.64223907747638
B0FFJ17L1D,府中路和合公园地下停车场B1层B209车位旁/入口中央公园绿道,,330000,331002,浙江省,台州市,汽车服务;充电站;专用充电站,011103,椒江区,0576,特斯拉超级充电站(台州和合公园),"121.409439,28.651912",121.409439,28.651912,B0J2473FLJ,121.40500343972988,28.654858383431876
,白云街道中央公园绿道和合公园地下停车库B250-B258,,330000,331002,浙江省,台州市,汽车服务;充电站;充电站,011100,椒江区,0576,特来电汽车充电站(台州三合椒江和合公园快充站),"121.409440,28.652016",121.40944,28.652016,B0KDJ79O7Z,121.40500443186227,28.654962325072844
,体育场路天韵水岸北门1042号,,330000,331002,浙江省,台州市,汽车服务;汽车养护/装饰;汽车养护,010400,椒江区,0576,台州市幻影车会,"121.413717,28.642926",121.413717,28.642926,B0FFMGLB48,121.40928426166056,28.64587916748637
,天韵水岸北门东60米,,330000,331002,浙江省,台州市,汽车服务;汽车养护/装饰;汽车养护|汽车服务;洗车场;洗车场|汽车维修;汽车维修;汽车维修,010400|010500|030000,椒江区,0576,天猫养车(金桥天韵水岸店),"121.414620,28.642609",121.41462,28.642609,B0JDCZRARU,121.41018785379919,28.645562820702082
B0HUORFT3K,食品商城地面停车场,,330000,331002,浙江省,台州市,汽车服务;充电站;充电站,011100,椒江区,0576,小桔充电汽车充电站(台州椒江恒隆商厦停车场充电站),"121.415240,28.648445",121.41524,28.648445,B0J2JGAYIH,121.41080780503148,28.651395924063014
,白云街道中心医院住院部A座地面停车场,,330000,331002,浙江省,台州市,汽车服务;充电站;充电站,011100,椒江区,0576,特来电汽车充电站(台州三合台州中心医院停车场充电站),"121.415155,28.646988",121.415155,28.646988,B0JD6DU5XU,121.41072286261911,28.649939689506425
,广场南路1号(亿嘉时代广场对面),,330000,331002,浙江省,台州市,汽车服务;汽车养护/装饰;汽车养护|汽车服务;洗车场;洗车场|汽车维修;汽车维修;汽车维修,010400|010500|030000,椒江区,0576,美车亿佰汽车服务连锁(车之家店),"121.417135,28.649599",121.417135,28.649599,B0FFG0249T,121.41270410292047,28.652550452926235
,广场南路1号(亿嘉时代广场对面),,330000,331002,浙江省,台州市,汽车服务;汽车服务相关;汽车服务相关,010000,椒江区,0576,车之家(广场南路店),"121.417067,28.649619",121.417067,28.649619,B0FFHENK8Z,121.41263604824114,28.652570396707024
,三台门小区57-4,,330000,331002,浙江省,台州市,汽车服务;汽车服务相关;汽车服务相关,010000,椒江区,0576,格锐动力(浙江椒江店),"121.416496,28.639490",121.416496,28.63949,B0L31SUKVR,121.4120654148493,28.642446648835698
,白云街道椒江经济开发区体育场路822号,,330000,331002,浙江省,台州市,汽车服务;汽车养护/装饰;汽车养护,010400,椒江区,0576,港湾汽车美容(体育场路店),"121.419568,28.641653",121.419568,28.641653,B02400TFD9,121.41513979069748,28.64461062065628
,体育场路822号,,330000,331002,浙江省,台州市,汽车服务;汽车配件销售;汽车配件销售,010800,椒江区,0576,鸣氏轮胎(三鸣店),"121.419682,28.641625",121.419682,28.641625,B0FFLGK1Q2,121.41525389688982,28.644582724488316
,白云山南路与体育场路交叉口西南120米,,330000,331002,浙江省,台州市,汽车服务;汽车服务相关;汽车服务相关,010000,椒江区,0576,美孚1号车养护(台州星远店),"121.419722,28.640682",121.419722,28.640682,B0K1M5QDVL,121.4152940082541,28.643640275024925
,白云中学正对面,,330000,331002,浙江省,台州市,汽车服务;汽车养护/装饰;汽车养护,010400,椒江区,0576,中材涂保(乐樽汽车生活馆),"121.419510,28.639997",121.41951,28.639997,B0LUMHB7CD,121.41508186927857,28.64295548731411
,经中路1号5幢一楼北面第一间,,330000,331002,浙江省,台州市,汽车服务;汽车服务相关;汽车服务相关,010000,椒江区,0576,台州市鼎隆汽车服务有限公司,"121.436019,28.645933",121.436019,28.645933,B0I2UR21GO,121.43161232643523,28.648906950975377
,经中路398号,,330000,331002,浙江省,台州市,汽车服务;汽车配件销售;汽车配件销售,010800,椒江区,0576,海兵轮胎汽车养护,"121.436320,28.646604",121.43632,28.646604,B0HKD5YEF5,121.43191379943403,28.64957802811517
,经中路塘岸小商品店铺23号,,330000,331002,浙江省,台州市,汽车服务;汽车服务相关;汽车服务相关,010000,椒江区,0576,台州·锦瑞,"121.435472,28.644751",121.435472,28.644751,B0FFKPTWPD,121.43106447514226,28.64772479829331
,经中路与东海大道交叉口北120米,,330000,331002,浙江省,台州市,汽车服务;汽车配件销售;汽车配件销售,010800,椒江区,0576,汽车玻璃小杨店,"121.435630,28.645002",121.43563,28.645002,B0J2C1AQMZ,121.43122272669504,28.64797589152805
,经中路1-16号,,330000,331002,浙江省,台州市,汽车服务;二手车交易;二手车交易,011000,椒江区,0576,台州阿豪二手车,"121.435590,28.644866",121.43559,28.644866,B0JGUZHNNR,121.43118266862506,28.647839908079934
,东海大道168号,,330000,331002,浙江省,台州市,汽车服务;汽车养护/装饰;汽车养护,010400,椒江区,0576,银隆汽车美容服务,"121.436751,28.643825",121.436751,28.643825,B0I0C5GGW5,121.43234577996908,28.64680122521692
B0FFG02AF2,康平东路明远大厦398号,,330000,331002,浙江省,台州市,汽车服务;汽车养护/装饰;汽车养护,010400,椒江区,0576,车以星汽车服务(康平东路明远大厦店),"121.435316,28.646770",121.435316,28.64677,B02400TF2G,121.43090804871899,28.649742445962588
B0FFG02AF2,康平东路398号,,330000,331002,浙江省,台州市,汽车服务;汽车养护/装饰;汽车养护,010400,椒江区,0576,车之星汽车服务,"121.435265,28.646779",121.435265,28.646779,B0HUT7ZLPU,121.43085696104757,28.64975136640417
,白云街道纬二路1号,,330000,331002,浙江省,台州市,汽车服务;充电站;充电站,011100,椒江区,0576,特来电(台州椒光集团充电站),"121.434764,28.646653",121.434764,28.646653,B0JDVLOHGW,121.43035512348985,28.649624710266227
,东海大道132号,,330000,331002,浙江省,台州市,汽车服务;汽车养护/装饰;汽车养护,010400,椒江区,0576,飞黄汽车服务有限公司,"121.438642,28.643658",121.438642,28.643658,B024002847,121.43424023647792,28.64663727084194
,东海大道147号,,330000,331002,浙江省,台州市,购物服务;家居建材市场;建材五金市场|汽车服务;汽车配件销售;汽车配件销售,060603|010800,椒江区,0576,汽车玻璃专家,"121.437461,28.643208",121.437461,28.643208,B02400U254,121.43305710154635,28.646185658357933
,东海大道292号梵星体育街区,,330000,331002,浙江省,台州市,汽车服务;洗车场;洗车场,010500,椒江区,0576,5元一站式自助洗车服务,"121.434032,28.644805",121.434032,28.644805,B0K3K7L1LH,121.42962205338407,28.647776696374603
,东海大道129号,,330000,331002,浙江省,台州市,汽车服务;汽车配件销售;汽车配件销售,010800,椒江区,0576,小柯轮胎店,"121.438489,28.643040",121.438489,28.64304,B0JB7AJX6F,121.4340870003813,28.64601936852459
,东裕园东南侧110米,,330000,331002,浙江省,台州市,汽车服务;汽车配件销售;汽车配件销售,010800,椒江区,0576,邦驰轮胎,"121.438300,28.643019",121.4383,28.643019,B0JDCMW82N,121.43389765160468,28.645998079551998
B0L1ZUNULA,零零壹科创园-门前停车场,,330000,331002,浙江省,台州市,汽车服务;充电站;充电站,011100,椒江区,0576,来点电汽车充电站(零零壹快充桩),"121.433950,28.644323",121.43395,28.644323,B0LR54A62Y,121.4295399568929,28.647294848560406
,椒江白云街道开发区东海大道与机场路交叉口西160米,,330000,331002,浙江省,台州市,汽车服务;充电站;充电站,011100,椒江区,0576,中国石化汽车充电站(椒江东海大道充电站),"121.439800,28.643118",121.4398,28.643118,B0L1DBSGMB,121.43540047149891,28.646099450561866
,下陈街道东海大道225号,,330000,331002,浙江省,台州市,汽车服务;汽车服务相关;汽车服务相关,010000,椒江区,0576,台州市兴石汽车服务有限公司,"121.434027,28.643733",121.434027,28.643733,B0FFHVM8QZ,121.42961712994921,28.64670528395253
,东海大道281-2号,,330000,331002,浙江省,台州市,汽车服务;汽车养护/装饰;汽车养护|汽车维修;汽车维修;汽车维修,010400|030000,椒江区,0576,铭豪汽车维修服务有限公司,"121.433687,28.643790",121.433687,28.64379,B0FFFTSEB8,121.42927656953178,28.646761776031372
,东海大道281-2号,,330000,331002,浙江省,台州市,汽车服务;汽车服务相关;汽车服务相关,010000,椒江区,0576,嘉实多护车保养站官方认证店(铭豪汽修),"121.433782,28.643790",121.433782,28.64379,B0HBGRFDY8,121.42937172428816,28.646761908632513
,河南腾辉电力安装工程有限公司,,330000,331002,浙江省,台州市,汽车服务;充电站;充电站,011100,椒江区,0576,国家电网汽车充电站(台州经中路充电站),"121.435160,28.642202",121.43516,28.642202,B0LD6REUZA,121.43075214432422,28.645176753329885
,经中路568号椒光集团三工区3幢东边,,330000,331002,浙江省,台州市,汽车服务;汽车服务相关;汽车服务相关,010000,椒江区,0576,博车网台州分公司,"121.434486,28.642586",121.434486,28.642586,B0IDUSS7NP,121.43007698011691,28.645559569417408
,经通路199号,,330000,331002,浙江省,台州市,汽车服务;汽车服务相关;汽车服务相关,010000,椒江区,0576,理想汽车台州椒江服务中心(经一路店),"121.432721,28.646531",121.432721,28.646531,B0K07A7LFC,121.42830880429071,28.649499926079674
,东海大道292号1-5,,330000,331002,浙江省,台州市,汽车服务;洗车场;洗车场,010500,椒江区,0576,车港湾汽车服务中心,"121.432758,28.644584",121.432758,28.644584,B0FFGWM2P3,121.42834601677895,28.647554059240935
,下陈街道经中路481号当角新村特来电充电站,,330000,331002,浙江省,台州市,汽车服务;充电站;充电站,011100,椒江区,0576,驴充充汽车充电站(经中路567号),"121.435274,28.641948",121.435274,28.641948,B0LGKPMXOV,121.43086635837169,28.64492305978754
,鑫鼎花园4号楼415-419号,,330000,331002,浙江省,台州市,汽车服务;汽车配件销售;汽车配件销售,010800,椒江区,0576,开元汽配,"121.441628,28.645046",121.441628,28.645046,B0FFI57FHB,121.43723190776984,28.648029460834156
,东海大道24号,,330000,331002,浙江省,台州市,汽车服务;汽车配件销售;汽车配件销售,010800,椒江区,0576,九鼎汽配(东海大道店),"121.440586,28.643048",121.440586,28.643048,B0240030WX,121.4361880009609,28.646030796853644
,经中路568号,,330000,331002,浙江省,台州市,汽车服务;汽车养护/装饰;汽车养护,010400,椒江区,0576,汽车贴膜,"121.434458,28.642309",121.434458,28.642309,B0JGH6MDRE,121.43004895539742,28.645282682477866
,经中路568号(较光集团文创园),,330000,331002,浙江省,台州市,汽车服务;汽车养护/装饰;汽车养护,010400,椒江区,0576,肆火汽车贴膜工厂店,"121.434497,28.642319",121.434497,28.642319,B0L2POQY89,121.43008801955722,28.64529273261938
,机场北路与东海大道交叉口北200米,,330000,331002,浙江省,台州市,汽车服务;汽车服务相关;汽车服务相关,010000,椒江区,0576,车管业务咨询,"121.441477,28.644479",121.441477,28.644479,B0LBHHZDGC,121.43708065024111,28.64746251626122
,东海大道281号,,330000,331002,浙江省,台州市,汽车维修;汽车维修;汽车维修|汽车服务;汽车服务相关;汽车服务相关,030000|010000,椒江区,0576,平安车主服务中心,"121.432999,28.644025",121.432999,28.644025,B0J3ZZWE2A,121.42858744343187,28.646995696934017
,东海大道与机场北路交叉口西100米,,330000,331002,浙江省,台州市,汽车服务;汽车养护/装饰;汽车养护,010400,椒江区,0576,cc养车,"121.440641,28.643038",121.440641,28.643038,B0L3MLNZMV,121.43624310946626,28.646020894813635
,齐鑫新能源维修,,330000,331002,浙江省,台州市,汽车服务;汽车服务相关;汽车服务相关,010000,椒江区,0576,台州齐鑫宁德时代授权服务中心,"121.432845,28.643634",121.432845,28.643634,B0KU3CG5IO,121.42843322965479,28.64660470397528
,椒光集团文创园东南门旁,,330000,331002,浙江省,台州市,汽车服务;汽车服务相关;汽车服务相关,010000,椒江区,0576,安星汽车服务有限公司,"121.434375,28.642525",121.434375,28.642525,B0L04LYG9Z,121.42996580033598,28.645498444915052
,东海大道293号,,330000,331002,浙江省,台州市,汽车服务;汽车配件销售;汽车配件销售,010800,椒江区,0576,福耀汽车玻璃椒江店,"121.432397,28.643983",121.432397,28.643983,B0FFGWLZBT,121.42798449683859,28.64695290653763
,经中路568号东门左手边,,330000,331002,浙江省,台州市,汽车服务;汽车养护/装饰;汽车养护,010400,椒江区,0576,云途汽车贴膜工作室,"121.434403,28.641975",121.434403,28.641975,B0H1PSQF6D,121.42999389033848,28.64494878846439
,经中路254-264号,,330000,331002,浙江省,台州市,汽车服务;汽车养护/装饰;汽车养护,010400,椒江区,0576,途虎养车工场店(台州市府大道店),"121.437562,28.650399",121.437562,28.650399,B0FFL7YIVL,121.4331577161842,28.653372803940286
,经中路与纬三路交叉口东北60米,,330000,331002,浙江省,台州市,汽车服务;汽车配件销售;汽车配件销售,010800,椒江区,0576,好运轮胎(经中路店),"121.434685,28.641627",121.434685,28.641627,B0FFL0ZRKP,121.43027638841262,28.644601383707645
,海泰大厦东海大道309号,,330000,331002,浙江省,台州市,汽车服务;汽车服务相关;汽车服务相关,010000,椒江区,0576,糖果出行(网约车)台州运营中心,"121.432176,28.643874",121.432176,28.643874,B0K3DAQF9G,121.42776316123975,28.64684367213462
,海泰大厦东海大道309号二楼,,330000,331002,浙江省,台州市,汽车服务;汽车服务相关;汽车服务相关,010000,椒江区,0576,黄鹤行(网约车)台州运营中心,"121.432190,28.643885",121.43219,28.643885,B0K3S7KBAA,121.4277771821036,28.64685468465254
,经一路328号,,330000,331002,浙江省,台州市,汽车服务;汽车服务相关;汽车服务相关,010000,椒江区,0576,蚂蚁车库(经一路店),"121.431983,28.642842",121.431983,28.642842,B0LAXD3VKR,121.42756994425716,28.64581198764157
,机场路5号,,330000,331002,浙江省,台州市,汽车服务;汽车服务相关;汽车服务相关,010000,椒江区,0576,膜幻车界,"121.440915,28.641795",121.440915,28.641795,B0LGSD346V,121.43651774634355,28.644779043692477
,东海大道东段976号汽车保养维修轮胎,,330000,331002,浙江省,台州市,汽车服务;汽车养护/装饰;汽车养护,010400,椒江区,0576,车百顺养车坊,"121.442375,28.642915",121.442375,28.642915,B0H06ZDM5Z,121.43798058694799,28.64590093885024
,椒江区经济开发区经中路568号椒光集团纹创园1幢,,330000,331002,浙江省,台州市,汽车服务;汽车养护/装饰;汽车养护,010400,椒江区,0576,台州变色龙&肾上限速汽车服务中心,"121.432800,28.641731",121.4328,28.641731,B0J12HZMUL,121.42838830890074,28.644702694704783
,机场路5号,,330000,331002,浙江省,台州市,汽车服务;汽车养护/装饰;汽车养护,010400,椒江区,0576,车猪猪贴膜工厂店,"121.441557,28.641899",121.441557,28.641899,B0LDOR5SQU,121.43716101399392,28.644884081222813
,机场路5号,,330000,331002,浙江省,台州市,汽车服务;汽车养护/装饰;汽车养护,010400,椒江区,0576,森巴特汽车膜王者店,"121.441672,28.641975",121.441672,28.641975,B0L2BLLTP1,121.43727623854696,28.644960237151768
,机场路5号,,330000,331002,浙江省,台州市,汽车服务;汽车服务相关;汽车服务相关,010000,椒江区,0576,YEECAR艺卡汽车膜(台州椒江区店),"121.441600,28.641935",121.4416,28.641935,B0LATH3IXS,121.43720409728711,28.64492013528202
,白云街道东海大道378号,,330000,331002,浙江省,台州市,汽车服务;汽车配件销售;汽车配件销售,010800,椒江区,0576,蜂鸟汽配,"121.431006,28.645528",121.431006,28.645528,B0H6YCAZOB,121.42659124843738,28.648495227979982
,东海大道966号,,330000,331002,浙江省,台州市,汽车服务;汽车养护/装饰;汽车养护,010400,椒江区,0576,韵通汽车养护中心,"121.442475,28.642875",121.442475,28.642875,B0LRHD8BYH,121.43808079431126,28.64586113623861
,海虹街道后徐菜场综合楼28号楼5号铺,,330000,331002,浙江省,台州市,汽车服务;汽车服务相关;汽车服务相关,010000,椒江区,0576,朗盾汽车膜(十里溪行店),"121.441486,28.641792",121.441486,28.641792,B0K0YRGR5Y,121.4370898804053,28.644777018354382
,北汽绅宝台州吉气,,330000,331002,浙江省,台州市,汽车服务;汽车租赁;汽车租赁,010900,椒江区,0576,日顺租车(台州日顺),"121.431739,28.642757",121.431739,28.642757,B0KDX7YV7M,121.42732557609183,28.645726713590125
,经通路与广厦路交叉口东南40米,,330000,331002,浙江省,台州市,汽车服务;汽车租赁;汽车租赁,010900,椒江区,0576,风标汽车租赁(台州店),"121.431852,28.642843",121.431852,28.642843,B0LUYNVIFS,121.42743874253728,28.64581281440708
,海伦堡玖悦府东门东北50米,,330000,331002,浙江省,台州市,汽车服务;汽车服务相关;汽车服务相关,010000,椒江区,0576,车之友汽修,"121.434210,28.640058",121.43421,28.640058,B0GRYSTJ6L,121.42980072212094,28.64303256993502
,市府大道158号江海名府704室,,330000,331002,浙江省,台州市,汽车服务;充电站;充电站,011100,椒江区,0576,均悦充汽车充电站(台州椒江区江海名府内部专用),"121.436226,28.651611",121.436226,28.651611,B0JR07VJTM,121.43181923878453,28.654582079501456
,天璟誉府南门旁,,330000,331002,浙江省,台州市,汽车服务;汽车服务相关;汽车服务相关,010000,椒江区,0576,富房车管所店,"121.443318,28.642788",121.443318,28.642788,B0K24UA66X,121.4389255407553,28.645775677506602
,海虹街道经一路372号,,330000,331002,浙江省,台州市,汽车服务;汽车服务相关;汽车服务相关,010000,椒江区,0576,杰众汽车服务,"121.431150,28.641422",121.43115,28.641422,B0L0SZJCNT,121.42673578896581,28.644391686035654
,经三路倪李张小区45栋-1后门,,330000,331002,浙江省,台州市,汽车服务;汽车服务相关;汽车服务相关,010000,椒江区,0576,三头六臂汽配椒江03仓,"121.439432,28.639580",121.439432,28.63958,B0KGKNX2PF,121.43503204742949,28.642562796543398
,梦和路57号,,330000,331002,浙江省,台州市,汽车服务;汽车服务相关;汽车服务相关,010000,椒江区,0576,安行司机服务中心,"121.430994,28.641923",121.430994,28.641923,B0L3PSG8VK,121.42657951577361,28.644892209809086
B02400TOGH,荣和路1430号,,330000,331002,浙江省,台州市,汽车服务;汽车服务相关;汽车服务相关,010000,椒江区,0576,诚信司机服务,"121.444692,28.646314",121.444692,28.646314,B0J2OHDU1N,121.44030216675256,28.649302213585596
,东环大道与康平东路交叉口南80米,,330000,331002,浙江省,台州市,汽车服务;汽车配件销售;汽车配件销售,010800,椒江区,0576,火叉聪华电瓶,"121.430100,28.647469",121.4301,28.647469,B0LRO6UF25,121.42568376187545,28.650434005026632
,荣和路459号,,330000,331002,浙江省,台州市,汽车服务;汽车养护/装饰;汽车养护|汽车维修;汽车维修;汽车维修,010400|030000,椒江区,0576,景奥汽修,"121.445066,28.645922",121.445066,28.645922,B0JA27JTLM,121.44067700288623,28.648911123204016
,经一路424号,,330000,331002,浙江省,台州市,汽车服务;汽车养护/装饰;汽车养护,010400,椒江区,0576,台州市向氏汽车原装真皮座椅,"121.431425,28.640625",121.431425,28.640625,B0FFLJECOS,121.42701126668611,28.643595479928397
,经一路398号西南方20米,,330000,331002,浙江省,台州市,汽车服务;充电站;充电站,011100,椒江区,0576,国家电网汽车充电站(台州市椒江区梦都路与东海大道交叉路口停车场公共充电站),"121.430829,28.640878",121.430829,28.640878,B0JK3P8GUE,121.42641435275401,28.64384757535852
,天璟誉府北门东180米,,330000,331002,浙江省,台州市,汽车服务;汽车服务相关;汽车服务相关,010000,椒江区,0576,蚂蚁车库(荣和路店),"121.445561,28.645939",121.445561,28.645939,B0KGUHXOIS,121.44117307681329,28.648929036912858
,东海大道934号东段天璟誉府商铺天璟汽车租赁,,330000,331002,浙江省,台州市,汽车服务;汽车租赁;汽车租赁,010900,椒江区,0576,天璟汽车租赁,"121.444522,28.642632",121.444522,28.642632,B0J3MRHYLL,121.44013209336578,28.64562194446613
,天璟誉府(南门)930号,,330000,331002,浙江省,台州市,汽车服务;汽车租赁;汽车租赁,010900,椒江区,0576,台州添翼租车,"121.444655,28.642594",121.444655,28.642594,B0JRA7SR7E,121.44026538097224,28.645584209806987
,市府大道22号,,330000,331002,浙江省,台州市,汽车服务;汽车服务相关;汽车服务相关|汽车维修;汽车维修;汽车维修,010000|030000,椒江区,0576,景元汽车服务,"121.444104,28.649801",121.444104,28.649801,B0G1GHOCJV,121.43971263823481,28.6527861870509
,东海苑西门旁,,330000,331002,浙江省,台州市,汽车服务;汽车租赁;汽车租赁,010900,椒江区,0576,星屹租车,"121.428816,28.644182",121.428816,28.644182,B0IA2R867D,121.42439820357082,28.647147278708708
,景和名苑东北2门旁,,330000,331002,浙江省,台州市,汽车服务;汽车服务相关;汽车服务相关,010000,椒江区,0576,佳通轮胎(市府大道店),"121.444167,28.649793",121.444167,28.649793,B0G02R5PDY,121.43977577241003,28.65277830617943
,东海大道455号,,330000,331002,浙江省,台州市,汽车服务;充电站;充电站,011100,椒江区,0576,星星充电汽车充电站(星星充电-台州椒江大润发地面停车场超充站),"121.428150,28.645004",121.42815,28.645004,B0LGMAARKS,121.42373122802749,28.6479680437331
,市府大道东段景元名苑48-52号,,330000,331002,浙江省,台州市,汽车服务;汽车养护/装饰;汽车养护|汽车维修;汽车综合维修;汽车综合维修,010400|030100,椒江区,0576,车之友·派威汽车生活馆,"121.444951,28.649670",121.444951,28.64967,B0FFK4C9LJ,121.44056145887133,28.652656814658496
B0H055ES9H,东环大道458号开元大酒店地上停车场,,330000,331002,浙江省,台州市,汽车服务;充电站;充电站,011100,椒江区,0576,开迈斯汽车充电站(台州市开元大酒店站),"121.428610,28.643381",121.42861,28.643381,B0J0L7QY5K,121.4241919829655,28.646346479586242
,市府大道东段46-52号,,330000,331002,浙江省,台州市,汽车服务;汽车服务相关;汽车服务相关,010000,椒江区,0576,车之友·派威汽车生活馆,"121.444991,28.649677",121.444991,28.649677,B0FFFHAHVG,121.44060154460354,28.65266388480338
,东环大道463号,,330000,331002,浙江省,台州市,汽车服务;汽车养护/装饰;汽车养护|汽车服务;洗车场;洗车场,010400|010500,椒江区,0576,L7汽美空间(自助工坊),"121.428024,28.644432",121.428024,28.644432,B0LG9DWF9G,121.42360510358463,28.647396216190526
,机场北路246号,,330000,331002,浙江省,台州市,汽车服务;汽车配件销售;汽车配件销售|汽车维修;汽车维修;汽车维修,010800|030000,椒江区,0576,飞业轮胎店,"121.443405,28.651717",121.443405,28.651717,B02400THL2,121.43901201726563,28.65469984728583
,机场路后徐村18号,,330000,331002,浙江省,台州市,汽车服务;汽车服务相关;汽车服务相关,010000,椒江区,0576,8号公路汽车服务,"121.443270,28.639145",121.44327,28.639145,B0H377BJTE,121.4388777283608,28.642134597456764
,白云街道经济开发区怡园路49-55号,,330000,331002,浙江省,台州市,汽车服务;洗车场;洗车场,010500,椒江区,0576,车浴洗车中心,"121.428250,28.641007",121.42825,28.641007,B0FFF4JQM3,121.42383167971043,28.64397337015517
,梦都路120号,,330000,331002,浙江省,台州市,汽车服务;汽车服务相关;汽车服务相关,010000,椒江区,0576,台州市旺鑫涂料贸易有限公司,"121.428338,28.639972",121.428338,28.639972,B0FFGWLXVQ,121.42391988109138,28.642939041522354
,体育场东路40-56号,,330000,331002,浙江省,台州市,汽车服务;汽车服务相关;汽车服务相关,010000,椒江区,0576,车尚品汽车服务(体育场路店),"121.428031,28.640002",121.428031,28.640002,B0FFILGVDU,121.42361246367749,28.642968670102007
B024005IY6,纬四路58-60号,,330000,331002,浙江省,台州市,购物服务;家居建材市场;建材五金市场|汽车服务;汽车养护/装饰;汽车养护,060603|010400,椒江区,0576,金易达汽车漆(华盛豪园店),"121.428301,28.639955",121.428301,28.639955,B0FFGKBN12,121.42388283216309,28.64292200786372
,海门街道富民路382-386号赞扬南苑(机东路),,330000,331002,浙江省,台州市,汽车服务;充电站;充电站,011100,椒江区,0576,特来电汽车充电站(台州三合椒江云季酒店充电站),"121.447680,28.648727",121.44768,28.648727,B0LANXO01M,121.44329658171502,28.651719536715472
,东环大道542-546号,,330000,331002,浙江省,台州市,汽车服务;汽车服务相关;汽车服务相关,010000,椒江区,0576,平安车主服务中心,"121.427523,28.641116",121.427523,28.641116,B0KGJHZ71P,121.42310369920655,28.644081479106465
,体育场路华盛豪园,,330000,331002,浙江省,台州市,汽车服务;汽车配件销售;汽车配件销售,010800,椒江区,0576,宝柏轮胎,"121.428287,28.639958",121.428287,28.639958,B0HB3A8ARH,121.42386881292116,28.642924989962488
,海虹街道荣和路51号,,330000,331002,浙江省,台州市,汽车服务;洗车场;洗车场,010500,椒江区,0576,嗨洗AI智能洗车店(荣和路店),"121.448521,28.645478",121.448521,28.645478,B0L1NZWLSM,121.44413976705732,28.648474007023204
,海虹街道吴叶村荣和路店面52-53号,,330000,331002,浙江省,台州市,汽车服务;汽车养护/装饰;汽车养护,010400,椒江区,0576,车美尚EX车膜,"121.448352,28.645530",121.448352,28.64553,B0L1GM9UAB,121.44397037286096,28.64852564309485
,海虹街道后徐菜场综合楼28号楼3号铺,,330000,331002,浙江省,台州市,汽车服务;汽车养护/装饰;汽车养护|汽车维修;汽车维修;汽车维修,010400|030000,椒江区,0576,京东养车(台州东海大道店)(暂停营业),"121.440775,28.642625",121.440775,28.642625,B0L0ZCF635,121.43637740510653,28.64560834885817
,机场北路246号,,330000,331002,浙江省,台州市,汽车服务;汽车养护/装饰;汽车养护|汽车维修;汽车维修;汽车维修,010400|030000,椒江区,0576,德国马牌轮胎(飞业轮胎店)(暂停营业),"121.443423,28.651686",121.443423,28.651686,B0IARAWKKK,121.4390300572833,28.654668897014275
,东环大道576号,,330000,331002,浙江省,台州市,汽车服务;汽车服务相关;汽车服务相关,010000,椒江区,0576,台州品信汽车服务智享生活馆,"121.427230,28.640379",121.42723,28.640379,B0FFK08DRD,121.42281037344375,28.64334455629737
B024005IY6,纬四路20号,,330000,331002,浙江省,台州市,汽车服务;汽车配件销售;汽车配件销售|购物服务;购物相关场所;购物相关场所,010800|060000,椒江区,0576,佳展汽配(椒江店),"121.427604,28.640103",121.427604,28.640103,B0FFL2043H,121.42318488635371,28.643069127804083
,东海大道与界牌路交叉口东140米,,330000,331002,浙江省,台州市,汽车服务;汽车服务相关;汽车服务相关,010000,椒江区,0576,钜动换电-椒江区(寺前小区-奔的电动车),"121.426025,28.646625",121.426025,28.646625,B0LDTXAI71,121.4216033450946,28.649585787117125
,东环大道纬四路20号,,330000,331002,浙江省,台州市,汽车服务;汽车配件销售;汽车配件销售,010800,椒江区,0576,意邦人汽配(佳展汽配),"121.427630,28.640108",121.42763,28.640108,B0JAX59FP2,121.42321092035988,28.64307415446958
,荣和路马路边蓝色集装箱,,330000,331002,浙江省,台州市,汽车服务;汽车养护/装饰;汽车养护,010400,椒江区,0576,极速车库,"121.448758,28.645718",121.448758,28.645718,B0JGNSVMQO,121.44437729724976,28.6487143450659
,前丁街与市府大道交叉口南80米,,330000,331002,浙江省,台州市,汽车服务;汽车服务相关;汽车服务相关,010000,椒江区,0576,中国人保车商部,"121.428063,28.651768",121.428063,28.651768,B0J06CR1BR,121.42364357518541,28.654728157062742
,东海大道564号,,330000,331002,浙江省,台州市,汽车服务;汽车租赁;汽车租赁,010900,椒江区,0576,彼岸婚车租赁(椒江店),"121.425612,28.646188",121.425612,28.646188,B0KGGC9W5X,121.421189871054,28.6491485962098
,界牌路114-120号,,330000,331002,浙江省,台州市,汽车服务;汽车养护/装饰;汽车养护,010400,椒江区,0576,缘沐伟东汽车贴膜,"121.424975,28.646657",121.424975,28.646657,B0FFI8KPZI,121.42055206649287,28.649616679522268
,海城佳苑荣和路20号,,330000,331002,浙江省,台州市,汽车服务;洗车场;洗车场,010500,椒江区,0576,绿群洗车场(24小时营业),"121.449746,28.645491",121.449746,28.645491,B0LABZ397R,121.44536762992918,28.648489459331238
,界牌路118号,,330000,331002,浙江省,台州市,汽车服务;汽车养护/装饰;汽车养护,010400,椒江区,0576,KICKS劲氪膜垫工场(界牌路店),"121.425066,28.646557",121.425066,28.646557,B0L15Z05KK,121.42064318277167,28.64951682779153
,市府大道东段129号(景联东苑),,330000,331002,浙江省,台州市,汽车服务;汽车养护/装饰;汽车养护,010400,椒江区,0576,行家养车,"121.448753,28.650039",121.448753,28.650039,B0FFLEMPUZ,121.44437194499184,28.653032918871485
,荣和路与安康路交叉口西200米,,330000,331002,浙江省,台州市,汽车服务;洗车场;洗车场,010500,椒江区,0576,博高科技便民自助洗车,"121.450865,28.645497",121.450865,28.645497,B0L6HUH75Q,121.4464893006365,28.648497750171448
,市府大道东段185-189号,,330000,331002,浙江省,台州市,汽车服务;汽车养护/装饰;汽车养护,010400,椒江区,0576,台州宁凡汽车服务,"121.450137,28.649822",121.450137,28.649822,B0FFHFDLR6,121.4457592160479,28.65281883521594
B0L1MKGAW6,禧悦阁门前停车场,,330000,331002,浙江省,台州市,汽车服务;充电站;充电站,011100,椒江区,0576,特来电目的地充电站(台州三合椒江禧悦阁充电站),"121.450455,28.649090",121.450455,28.64909,B0KR77KX6J,121.44607803274693,28.652087897830516
,海城佳苑北区北门东北60米,,330000,331002,浙江省,台州市,汽车服务;洗车场;洗车场,010500,椒江区,0576,博高24小时自助洗车,"121.450975,28.645325",121.450975,28.645325,B0LA5LTU5U,121.44659957957772,28.648326073765656
B0HKVH5YE1,白云街道台州花园山庄,,330000,331002,浙江省,台州市,汽车服务;充电站;充电站,011100,椒江区,0576,特来电汽车充电站(台州三合椒江云渡里酒店停车场充电站),"121.424051,28.650181",121.424051,28.650181,B0L62XT10E,121.4196267111283,28.65313778818753
,荣和路,,330000,331002,浙江省,台州市,汽车服务;汽车服务相关;汽车服务相关,010000,椒江区,0576,台州市福致汽车服务有限公司,"121.451237,28.645399",121.451237,28.645399,B0L1O7P42R,121.44686220787091,28.64840057726231
,市府大道东段205号,,330000,331002,浙江省,台州市,汽车服务;汽车养护/装饰;汽车养护|汽车服务;洗车场;洗车场,010400|010500,椒江区,0576,MX2膜小二隐形车衣·体验中心(台州店),"121.451444,28.649450",121.451444,28.64945,B0KRYZYY3N,121.44706939175082,28.6524497463132
,界牌路与体育场路交叉口北100米,,330000,331002,浙江省,台州市,汽车服务;汽车服务相关;汽车服务相关,010000,椒江区,0576,台州国志汽车服务有限公司,"121.423487,28.641846",121.423487,28.641846,B0LR9NNY9F,121.41906273608842,28.64480688743391
,白云山南路166号,,330000,331002,浙江省,台州市,汽车服务;汽车养护/装饰;汽车养护|汽车服务;洗车场;洗车场|汽车维修;汽车维修;汽车维修,010400|010500|030000,椒江区,0576,天猫养车(金桥康平小区店),"121.421726,28.647056",121.421726,28.647056,B0IUTZ0DYH,121.4172994452326,28.650012395554427
,荣和路88号与安康路交叉口,,330000,331002,浙江省,台州市,汽车服务;汽车服务相关;汽车服务相关,010000,椒江区,0576,永洁汽美一站式服务中心,"121.452393,28.645167",121.452393,28.645167,B0JBS5UG18,121.44802105759831,28.648171138239373
,市府大道东段211号,,330000,331002,浙江省,台州市,汽车服务;汽车养护/装饰;汽车养护|汽车维修;汽车维修;汽车维修,010400|030000,椒江区,0576,宝鸿宝马专修,"121.451850,28.649532",121.45185,28.649532,B0LGTCW6PN,121.44747637699288,28.65253255204926
,市府大道东段205号,,330000,331002,浙江省,台州市,汽车服务;汽车服务相关;汽车服务相关,010000,椒江区,0576,黛可丽官方旗舰店,"121.451478,28.649527",121.451478,28.649527,B0LUTZ5EO4,121.4471034684747,28.652526774208702
,荣和路与安康路交叉口西60米,,330000,331002,浙江省,台州市,汽车服务;汽车配件销售;汽车配件销售,010800,椒江区,0576,永洁轮胎,"121.452328,28.645211",121.452328,28.645211,B0KUBCR5R5,121.44795589348249,28.648214975793024
,白云山南路219号,,330000,331002,浙江省,台州市,汽车服务;汽车配件销售;汽车配件销售,010800,椒江区,0576,小李汽车钥匙4S店,"121.421742,28.648875",121.421742,28.648875,B0FFGZBIWJ,121.41731531743466,28.651830392180095
,白云山南路285号,,330000,331002,浙江省,台州市,汽车服务;汽车服务相关;汽车服务相关,010000,椒江区,0576,百援精养(爱车坊椒江店),"121.421091,28.647302",121.421091,28.647302,B0IDXUVGGB,121.41666378782324,28.650257714999853
,海门街道熙悦府地面停车场,,330000,331002,浙江省,台州市,汽车服务;充电站;充电站,011100,椒江区,0576,特来电汽车充电站(台州三合椒江熙悦府充电站),"121.453156,28.648637",121.453156,28.648637,B0J2TS2UMA,121.44878568290909,28.6516408327948
,康平路193号,,330000,331002,浙江省,台州市,汽车服务;汽车配件销售;汽车配件销售,010800,椒江区,0576,邓禄普轮胎(康平路店),"121.421380,28.650010",121.42138,28.65001,B02400U49G,121.41695286096109,28.65296444319562
,白云山南路59弄,,330000,331002,浙江省,台州市,汽车服务;汽车养护/装饰;汽车养护,010400,椒江区,0576,优加车服,"121.422274,28.652101",121.422274,28.652101,B0FFKPVPYT,121.41784761274556,28.655055047335892
,康平·泰和苑西南门西80米,,330000,331002,浙江省,台州市,汽车服务;汽车养护/装饰;汽车养护,010400,椒江区,0576,界牌洗车场,"121.420969,28.641651",121.420969,28.641651,B0G19OB79X,121.41654211543118,28.64460974858243
,,,330000,331002,浙江省,台州市,汽车服务;汽车服务相关;汽车服务相关,010000,椒江区,0576,车友汽车服务界牌分公司,"121.420960,28.641736",121.42096,28.641736,B0J1KR7VHH,121.41653309986265,28.644694694188846
,白云山南路与市府大道交叉口西南100米,,330000,331002,浙江省,台州市,汽车服务;汽车服务相关;汽车服务相关,010000,椒江区,0576,恒伟汽车快修养护中心,"121.422084,28.652006",121.422084,28.652006,B0JBTOC22V,121.41765742182,28.65495993185239
,康平路253号,,330000,331002,浙江省,台州市,汽车服务;充电站;充电站,011100,椒江区,0576,充久久帕瑞思·摩卡酒店停车场汽车充电站,"121.420490,28.650442",121.42049,28.650442,B0L3GLI7X3,121.41606195444524,28.65339545793294
B024002XQW,体育场路932号海湾浪琴,,330000,331002,浙江省,台州市,汽车服务;汽车服务相关;汽车服务相关,010000,椒江区,0576,桩机配件,"121.419770,28.642022",121.41977,28.642022,B0FFH1AWNB,121.4153419461533,28.64497957413011
,学院路599号,,330000,331002,浙江省,台州市,汽车服务;汽车养护/装饰;汽车养护,010400,椒江区,0576,天猫养车(东泰华庭店),"121.403708,28.659963",121.403708,28.659963,B0IB5SPQ1G,121.39927046004362,28.662903723705117
,广场西路与海龙路交叉口东160米,,330000,331002,浙江省,台州市,汽车服务;汽车服务相关;汽车服务相关,010000,椒江区,0576,征途出行,"121.401325,28.659775",121.401325,28.659775,B0L2XCY014,121.39688741246506,28.662715811866118
,朝晖路354号,,330000,331002,浙江省,台州市,汽车服务;汽车租赁;汽车租赁,010900,椒江区,0576,台州租车(上门取送),"121.403789,28.659321",121.403789,28.659321,B0IRPC6VPV,121.39935151818811,28.662262097003087
,广场西路267-269号,,330000,331002,浙江省,台州市,汽车服务;汽车配件销售;汽车配件销售,010800,椒江区,0576,台州巨风轮胎店,"121.403824,28.659981",121.403824,28.659981,B0FFI9NH5R,121.39938646903124,28.66292172071704
,东方明苑,,330000,331002,浙江省,台州市,汽车服务;汽车服务相关;汽车服务相关,010000,椒江区,0576,辰越租车,"121.401042,28.661495",121.401042,28.661495,B0KBRLRSGG,121.39660428767397,28.66443483745977
,学院路425号,,330000,331002,浙江省,台州市,汽车服务;汽车租赁;汽车租赁,010900,椒江区,0576,一嗨租车(学院路店),"121.403832,28.661616",121.403832,28.661616,B0FFLJEPDB,121.39939434002989,28.664555781160544
,玉兰路东泰华庭,,330000,331002,浙江省,台州市,汽车服务;汽车配件销售;汽车配件销售,010800,椒江区,0576,佳通轮胎(东泰华庭店),"121.406560,28.659815",121.40656,28.659815,B0G0FU84XZ,121.40212292766853,28.662756162158214
,市府大道1078号,,330000,331002,浙江省,台州市,汽车服务;加油站;加油站,010100,椒江区,0576,中化栅桥加油站,"121.396984,28.656537",121.396984,28.656537,B0FFIE49TA,121.39254729026212,28.65948026327225
B0H1F7FKTK,希尔顿酒店地下停车点,,330000,331002,浙江省,台州市,汽车服务;充电站;充电站,011100,椒江区,0576,星星充电汽车充电站(台州希尔顿充电站),"121.408740,28.657534",121.40874,28.657534,B0IAL5XWVX,121.40430373942979,28.660476982454067
B0H1F7FKTK,闻学路88号地下停车场B2层A区2B,,330000,331002,浙江省,台州市,汽车服务;充电站;充电站,011100,椒江区,0576,特斯拉超级充电站(台州市椒江希尔顿),"121.408965,28.657296",121.408965,28.657296,B0HDFUG937,121.40452883740662,28.660239183553298
,葭沚街道白云山西路314号红星名苑,,330000,331002,浙江省,台州市,汽车服务;充电站;充电站,011100,椒江区,0576,小桔充电汽车充电站(台州学院路停车场充电站),"121.402976,28.665261",121.402976,28.665261,B0LAYGYQ60,121.39853798969291,28.66819863322545
,葭沚街道学院路324号台州市水利局,,330000,331002,浙江省,台州市,汽车服务;充电站;充电站,011100,椒江区,0576,理想超级充电站(理想超充站台州港港务东侧停车场),"121.403330,28.665314",121.40333,28.665314,B0LADC91FZ,121.39889200620996,28.668251615295958
,学院路328号,,330000,331002,浙江省,台州市,汽车服务;汽车养护/装饰;汽车养护|汽车服务;洗车场;洗车场|汽车维修;汽车维修;汽车维修,010400|010500|030000,椒江区,0576,德国马牌轮胎(24小时营业小毛轮胎店),"121.403058,28.665652",121.403058,28.665652,B0G305L11J,121.39861996289268,28.66858940869074
,广场西路与台州大道辅路交叉口西南80米,,330000,331002,浙江省,台州市,汽车服务;洗车场;洗车场,010500,椒江区,0576,千城自助洗车,"121.395388,28.659866",121.395388,28.659866,B0L6TDAATL,121.39095148945427,28.662807783708097
,学院路328号,,330000,331002,浙江省,台州市,汽车服务;汽车服务相关;汽车服务相关,010000,椒江区,0576,德国马牌.小毛轮胎(学院路店),"121.403265,28.665569",121.403265,28.665569,B0K2RHFGQ8,121.39882698168766,28.66850646447675
,白云山西路碧海明珠花园南区32幢11-12号33幢1-2号,,330000,331002,浙江省,台州市,汽车服务;汽车养护/装饰;汽车养护,010400,椒江区,0576,大教练汽车维修养护中心,"121.397612,28.664350",121.397612,28.66435,B0JUY1PE6M,121.39317452244599,28.66728863735948
,葭沚街道颐景名苑(北2门),,330000,331002,浙江省,台州市,汽车服务;充电站;充电站,011100,椒江区,0576,特来电汽车充电站(台州椒江颐景名苑停车场充电站),"121.395860,28.662842",121.39586,28.662842,B0LUSX8L9K,121.39142310330863,28.66578193394655
,学院路与白云山西路交叉口西北100米,,330000,331002,浙江省,台州市,汽车服务;汽车养护/装饰;汽车养护,010400,椒江区,0576,台州经济开发区梓豪汽车装潢服务部,"121.403124,28.665459",121.403124,28.665459,B0L1NLX47O,121.39868598186602,28.668396522981897
,学院路与白云山西路交叉口北100米,,330000,331002,浙江省,台州市,汽车服务;汽车养护/装饰;汽车养护,010400,椒江区,0576,TM车模授权施工中心,"121.403175,28.665486",121.403175,28.665486,B0K1OUYSW3,121.39873698269953,28.66842350914582
B0FFGBHRIH,优加购物广场南2门旁,,330000,331002,浙江省,台州市,汽车服务;汽车养护/装饰;汽车养护,010400,椒江区,0576,威玛汽车养护中心(优加购物广场店),"121.406655,28.664819",121.406655,28.664819,B0FFI4SZYZ,121.40221755293942,28.667757293774386
,碧海明珠花园南区北门西140米,,330000,331002,浙江省,台州市,汽车服务;汽车配件销售;汽车配件销售,010800,椒江区,0576,玛吉斯轮胎(白云山西路店),"121.397289,28.664353",121.397289,28.664353,B0FFFDC33N,121.39285159585279,28.667291704019704
,葭沚街道台州大道珑悦名苑,,330000,331002,浙江省,台州市,汽车服务;充电站;充电站,011100,椒江区,0576,来点电汽车充电站(珑悦超充站),"121.396355,28.664911",121.396355,28.664911,B0JK14J37Q,121.391917793515,28.667849603464557
,葭沚街道明大艺术成长优加购物广场地面停车场,,330000,331002,浙江省,台州市,汽车服务;充电站;充电站,011100,椒江区,0576,特来电汽车充电站(台州三合椒江优加购物广场充电站),"121.407560,28.665525",121.40756,28.665525,B0L2XMXPQF,121.40312273340915,28.66846307579327
,白云山西路980号,,330000,331002,浙江省,台州市,汽车服务;汽车养护/装饰;汽车养护,010400,椒江区,0576,途虎养车工场店(台州白云山西路店),"121.395155,28.664990",121.395155,28.66499,B0HGU5ENKJ,121.39071816098969,28.66792889840036
B0H0MZJ7WU,吴子熊玻璃艺术馆地面停车场,,330000,331002,浙江省,台州市,汽车服务;充电站;充电站,011100,椒江区,0576,特来电充电站(台州吴子熊艺术馆),"121.412536,28.660493",121.412536,28.660493,B0FFLCPAAC,121.40810119094982,28.663435692730474
B0FFGWMIXE,爱华路18号市民广场北停车场,,330000,331002,浙江省,台州市,汽车服务;充电站;充电站,011100,椒江区,0576,特来电汽车充电站(台州椒江市民广场北停车场充电站),"121.413080,28.657670",121.41308,28.65767,B0LANX0BPX,121.40864571796344,28.660614564569926
,葭沚街道栅桥村广场西路栅桥小区66幢6号,,330000,331002,浙江省,台州市,汽车服务;汽车租赁;汽车租赁,010900,椒江区,0576,金豆子叉车吊车租赁(椒江区总店),"121.391224,28.659946",121.391224,28.659946,B0L1BHYVG1,121.38678927392858,28.66288934755903
B024004BRP,广场中路6号海洋广场商务中心F1层,,330000,331002,浙江省,台州市,汽车服务;汽车养护/装饰;汽车养护,010400,椒江区,0576,德驰·汽车养护(海洋广场商务中心店),"121.413132,28.660779",121.413132,28.660779,B0FFH6V512,121.40869750110126,28.663721807920407
,浙江省台州市椒江区栅桥小区8幢3号,,330000,331002,浙江省,台州市,汽车服务;汽车租赁;汽车租赁,010900,椒江区,0576,涵成豪车租赁,"121.391206,28.658108",121.391206,28.658108,B0LRD56Z96,121.3867714292427,28.661052408904435
,白云街道广场中路爱华·新台州大厦,,330000,331002,浙江省,台州市,汽车服务;充电站;充电站,011100,椒江区,0576,理想超级充电站(理想超充站台州爱华新台州大厦),"121.414085,28.659779",121.414085,28.659779,B0LD6YIFM9,121.40965115110146,28.662722862620964
,白云山西路881号,,330000,331002,浙江省,台州市,公司企业;公司;公司|汽车维修;汽车维修;汽车维修|汽车服务;汽车服务相关;汽车服务相关,170200|030000|010000,椒江区,0576,台州宝悦专业宝马服务中心,"121.391683,28.664523",121.391683,28.664523,B0FFKDDMG0,121.38724767273281,28.667463495311853
B02400VMJ3,天和路88号意得广场B2层,,330000,331002,浙江省,台州市,汽车服务;洗车场;洗车场,010500,椒江区,0576,L7 24小时自助洗车(意得广场店),"121.413115,28.653488",121.413115,28.653488,B0KA3SPZX6,121.40868106970599,28.656434959390143
,永宁村53-56号,,330000,331002,浙江省,台州市,汽车服务;汽车养护/装饰;汽车养护,010400,椒江区,0576,车世家汽车美容装潢(永宁店),"121.390331,28.662651",121.390331,28.662651,B0FFGO8MV9,121.38589655122983,28.665593229087385
B0GKOA74BA,欣荣路意得广场东门地下停车场,,330000,331002,浙江省,台州市,汽车服务;充电站;充电站,011100,椒江区,0576,壳牌台州意得广场汽车充电站,"121.413546,28.653577",121.413546,28.653577,B0I29KHND6,121.40911231447808,28.656524120841137
,葭沚街道富强路永宁村商铺朝西商铺57-60号,,330000,331002,浙江省,台州市,汽车服务;汽车配件销售;汽车配件销售|汽车维修;汽车维修;汽车维修,010800|030000,椒江区,0576,邓禄普轮胎(鸣氏汽车租赁服务部),"121.390290,28.662709",121.39029,28.662709,B0FFGWJABD,121.38585557011324,28.665651216516935
B0FFFE1DD3,耀达路352号市民广场东停车场,,330000,331002,浙江省,台州市,汽车服务;充电站;充电站,011100,椒江区,0576,特来电汽车充电站(台州椒江市民广场东停车场充电站),"121.414850,28.655842",121.41485,28.655842,B0LANX0WOH,121.41041695571946,28.658788527277224
B0H37UDMZ3,台州耀达国际酒店停车场,,330000,331002,浙江省,台州市,汽车服务;充电站;充电站,011100,椒江区,0576,中国石化汽车充电站(耀达大酒店充电站),"121.415175,28.656339",121.415175,28.656339,B0K2JBOAUG,121.41074213469416,28.659285428766736
,白云山西路999号一层,,330000,331002,浙江省,台州市,汽车服务;充电站;充电站,011100,椒江区,0576,来点电汽车充电站(永宁1号),"121.390800,28.664555",121.3908,28.664555,B0LAN4RFR8,121.38636513719644,28.667495893571168
B0FFFDD0P3,葭沚街道富强路260号,,330000,331002,浙江省,台州市,生活服务;生活服务场所;生活服务场所|汽车服务;汽车服务相关;汽车服务相关,070000|010000,椒江区,0576,轩寅汽车美容养护,"121.389851,28.663266",121.389851,28.663266,B0FFM7QMYB,121.38541678232365,28.66620812294342
B0FFIDDZVS,葭沚街道富强路新明·半岛,,330000,331002,浙江省,台州市,汽车服务;充电站;充电站,011100,椒江区,0576,来点电汽车充电站(永宁2号),"121.390485,28.664530",121.390485,28.66453,B0JKU4CME1,121.38605031468852,28.66747106445364
,白云街道天和路台州东商务区,,330000,331002,浙江省,台州市,汽车服务;充电站;充电站,011100,椒江区,0576,星星充电汽车充电站(浙江石油台州市东商务区充电站),"121.414318,28.652972",121.414318,28.652972,B0LUAUOGKZ,121.40988483773448,28.655919863542227
B0H37UDMZ3,台州耀达国际酒店地面停车场,,330000,331002,浙江省,台州市,汽车服务;充电站;充电站,011100,椒江区,0576,蔚来能源汽车充电站(台州耀达国际酒店),"121.415710,28.656730",121.41571,28.65673,B0IBGRFYCS,121.411277475186,28.659676519925004
B0H37UDMZ3,白云街道耀达国际酒店地面停车场(入口市府大道),,330000,331002,浙江省,台州市,汽车服务;充电站;充电站,011100,椒江区,0576,小鹏超级充电站(小鹏S4超快充台州耀达国际酒店站),"121.415559,28.655224",121.415559,28.655224,B0IDFHM4X9,121.41112648825973,28.65817128709316
,白云街道祥云路台州市青少年活动中心,,330000,331002,浙江省,台州市,汽车服务;充电站;充电站,011100,椒江区,0576,星星充电汽车充电站(浙江石油台州青少年活动中心充电站),"121.416080,28.662533",121.41608,28.662533,B0LDYSXV71,121.41164728056818,28.665476416192767
,新明·半岛北区南门旁,,330000,331002,浙江省,台州市,汽车服务;汽车租赁;汽车租赁,010900,椒江区,0576,台州乐驾汽车租赁,"121.389475,28.665125",121.389475,28.665125,B0LGL7O24H,121.38504086164127,28.66806624806065
,富强路160-57号,,330000,331002,浙江省,台州市,汽车服务;汽车服务相关;汽车服务相关,010000,椒江区,0576,万家租车(台州站店),"121.387382,28.660031",121.387382,28.660031,B0K1ORYEN0,121.38294964764093,28.662976413691865
B0H14SSLQ6,金顺商务大厦停车场,,330000,331002,浙江省,台州市,汽车服务;充电站;充电站,011100,椒江区,0576,星星充电汽车充电站(中国石油椒江金顺商务大厦充电站),"121.417188,28.653757",121.417188,28.653757,B0L1JK77A4,121.41275681479463,28.656706143693707
,白云街道祥和路地下停车场地下二层F区(靠文化馆一侧),,330000,331002,浙江省,台州市,汽车服务;充电站;充电站,011100,椒江区,0576,特来电汽车充电站(特来电台州三合台州市行政中心地下停车库充电站),"121.418131,28.656934",121.418131,28.656934,B0I25DG3GR,121.41370032662557,28.659881985763423
B0FFJ9BSIU,中心大道555号青悦城B2层,,330000,331002,浙江省,台州市,汽车服务;汽车养护/装饰;汽车养护|汽车服务;洗车场;洗车场,010400|010500,椒江区,0576,洗悦车体护理中心(台州青悦城购物中心店)(暂停营业),"121.410808,28.657577",121.410808,28.657577,B0FFKKEBJ9,121.40637256182042,28.660520643051957
,枫南路45号,,330000,331002,浙江省,台州市,汽车服务;汽车养护/装饰;汽车养护|汽车服务;洗车场;洗车场|汽车服务;汽车配件销售;汽车配件销售|汽车维修;汽车维修;汽车维修,010400|010500|010800|030000,椒江区,0576,吾行养车优选店-台州顾家养车,"121.438384,28.660589",121.438384,28.660589,B0FFF4JU6D,121.4339804183787,28.66355830359852
,海门街道悦耳阁专业采耳枫南小区,,330000,331002,浙江省,台州市,汽车服务;充电站;充电站,011100,椒江区,0576,来点电汽车充电站(枫南小区西边交流桩),"121.440025,28.659030",121.440025,28.65903,B0K6041JSU,121.43562464754974,28.662002862256063
,海门街道悦耳阁专业采耳枫南小区,,330000,331002,浙江省,台州市,汽车服务;充电站;充电站,011100,椒江区,0576,来点电汽车充电站(枫南小区西边直流桩),"121.440094,28.658993",121.440094,28.658993,B0K604YKSR,121.43569378384352,28.6619659978651
B0IGVR3EJ5,海门街道枫南路国商广场,,330000,331002,浙江省,台州市,汽车服务;充电站;充电站,011100,椒江区,0576,特来电汽车充电站(台州椒江国商广场停车场充电站),"121.436351,28.662101",121.436351,28.662101,B0LAPPB98U,121.43194362832867,28.665066286000524
,白云山名苑壹号苑10号107号商铺,,330000,331002,浙江省,台州市,汽车服务;汽车服务相关;汽车服务相关,010000,椒江区,0576,车水马龙汽车服务会所,"121.433146,28.658496",121.433146,28.658496,B0FFIYX5RI,121.42873353314961,28.66145874607636
,白云街道开元小区,,330000,331002,浙江省,台州市,汽车服务;充电站;充电站,011100,椒江区,0576,来点电汽车充电站(开元小区41号楼西面),"121.436110,28.655020",121.43611,28.65502,B0L654F9DU,121.43170276646036,28.657988976636812
,赤山北路,,330000,331002,浙江省,台州市,汽车维修;汽车维修;汽车维修|汽车服务;汽车服务相关;汽车服务相关,030000|010000,椒江区,0576,车点汽车服务,"121.432259,28.658797",121.432259,28.658797,B0FFI7O7N5,121.42784510932557,28.661758374742238
,经中路74-76号,,330000,331002,浙江省,台州市,汽车服务;汽车服务相关;汽车服务相关,010000,椒江区,0576,谢家车行,"121.438864,28.654550",121.438864,28.65455,B0LAPABA49,121.43446179112105,28.65752352025915
,白云街道解放南路69号,,330000,331002,浙江省,台州市,汽车服务;加油站;中国石化,010101,椒江区,0576,中国石化白云山加油站,"121.433780,28.663990",121.43378,28.66399,B0240045R9,121.4293681228166,28.66695046165458
,机场北路44-56号,,330000,331002,浙江省,台州市,汽车服务;汽车服务相关;汽车服务相关,010000,椒江区,0576,容众汽车一站式服务,"121.443887,28.658949",121.443887,28.658949,B0G0HKG5L5,121.43949445737059,28.661928604837318
,机场北路38号,,330000,331002,浙江省,台州市,汽车维修;汽车综合维修;汽车综合维修|汽车服务;汽车养护/装饰;汽车养护,030100|010400,椒江区,0576,一笑·祥龙快修中心,"121.443863,28.659106",121.443863,28.659106,B0FFH8WCDP,121.43947039437644,28.66208547146946
,机场北路44-56号,,330000,331002,浙江省,台州市,汽车服务;汽车养护/装饰;汽车养护,010400,椒江区,0576,合众汽车装潢美容中心,"121.443885,28.658896",121.443885,28.658896,B024005BIG,121.4394924573383,28.661875631572606
B0240045R9,白云街道解放南路69号中国石化白云山加油站,,330000,331002,浙江省,台州市,汽车服务;汽车养护/装饰;汽车养护,010400,椒江区,0576,易捷养车(椒江白云山店),"121.433511,28.664040",121.433511,28.66404,B0L2JZ5RH3,121.42909868175238,28.667000058262502
,机场北路星枫苑,,330000,331002,浙江省,台州市,汽车服务;汽车养护/装饰;汽车养护|汽车维修;汽车维修;汽车维修,010400|030000,椒江区,0576,车饰家汽车专业服务(途虎养车店),"121.443842,28.659460",121.443842,28.65946,B02400TFN9,121.43944932217164,28.662439230583846
,机场北路38号,,330000,331002,浙江省,台州市,汽车服务;汽车配件销售;汽车配件销售,010800,椒江区,0576,普利司通轮胎(机场北路店),"121.443900,28.659068",121.4439,28.659068,B0FFL4Z0YP,121.43950747539118,28.662047560201792
,机场北路100号台州市公安局交通警察局直属一大队,,330000,331002,浙江省,台州市,汽车服务;充电站;充电站,011100,椒江区,0576,来点电汽车充电站(椒江交警直属一大队便民充电站),"121.444240,28.656218",121.44424,28.656218,B0LAY4WD8D,121.43984842018016,28.659199805866347
,枫南路144号,,330000,331002,浙江省,台州市,汽车服务;汽车养护/装饰;汽车养护|汽车服务;洗车场;洗车场|汽车维修;汽车维修;汽车维修,010400|010500|030000,椒江区,0576,京东养车(枫南路),"121.444925,28.661025",121.444925,28.661025,B0JKJHHOWY,121.44053450652741,28.66400531275041
,椒江铭鼎花园小区西北1门西南140米,,330000,331002,浙江省,台州市,汽车服务;汽车养护/装饰;汽车养护,010400,椒江区,0576,邬林霄洗车店,"121.444581,28.661480",121.444581,28.66148,B0FFL348LO,121.44018973182261,28.664459416713974
,海门街道枫南路251-256号,,330000,331002,浙江省,台州市,汽车服务;汽车养护/装饰;汽车养护|汽车维修;汽车综合维修;汽车综合维修,010400|030100,椒江区,0576,铭车之家车友汽车维修中心(枫南分店),"121.445059,28.660530",121.445059,28.66053,B0FFF4JW1H,121.44066883481446,28.663510845628547
,景元花园西门北90米,,330000,331002,浙江省,台州市,汽车服务;汽车配件销售;汽车配件销售,010800,椒江区,0576,米其林轮胎(景元花园店),"121.443847,28.654398",121.443847,28.654398,B0FFH0CAK5,121.43945473239783,28.657380126516315
,建设路123号(铭鼎花园西门口百威轮胎),,330000,331002,浙江省,台州市,汽车服务;汽车养护/装饰;汽车养护|汽车维修;汽车维修;汽车维修,010400|030000,椒江区,0576,百威轮胎补胎四轮定位,"121.445085,28.662333",121.445085,28.662333,B0IA6DCIVK,121.44069474867811,28.66531285573544
B0HKXUS5XY,台州香溢大酒店地下停车场,,330000,331002,浙江省,台州市,汽车服务;充电站;充电站,011100,椒江区,0576,特来电汽车充电站(台州三合台州香溢大酒店充电站),"121.432880,28.652641",121.43288,28.652641,B0JKS738OV,121.42846757257172,28.65560671229882
,枫南路287号,,330000,331002,浙江省,台州市,汽车服务;汽车服务相关;汽车服务相关,010000,椒江区,0576,台州市椒江满车堂汽车装潢中心,"121.445605,28.660533",121.445605,28.660533,B0JKHR2QHK,121.44121602123484,28.66351486256966
,机场北路160号,,330000,331002,浙江省,台州市,汽车服务;汽车配件销售;汽车配件销售,010800,椒江区,0576,华燕轮胎经营部,"121.443847,28.654398",121.443847,28.654398,B02400SMVY,121.43945473239783,28.657380126516315
,枫南路289号,,330000,331002,浙江省,台州市,汽车服务;汽车配件销售;汽车配件销售,010800,椒江区,0576,韩泰轮胎(枫南路店),"121.445634,28.660537",121.445634,28.660537,B0KBNHHFEX,121.44124508431605,28.66351891469436
,建设路123号(铭鼎花园西门口百威轮胎),,330000,331002,浙江省,台州市,汽车服务;汽车养护/装饰;汽车养护,010400,椒江区,0576,台州市椒江古月汽车养护服务部,"121.445079,28.662324",121.445079,28.662324,B0JBMY4L98,121.44068873641486,28.66530384979061
,建设路107号,,330000,331002,浙江省,台州市,汽车服务;汽车养护/装饰;汽车养护,010400,椒江区,0576,车捷饰汽车美容店,"121.445160,28.662576",121.44516,28.662576,B0FFGXJPJR,121.44076989180105,28.665555854843408
B0GUVRV1I6,白云街道书生中学南面停车场,,330000,331002,浙江省,台州市,汽车服务;充电站;充电站,011100,椒江区,0576,特来电汽车充电站(台州椒江书生中学停车场充电站),"121.443160,28.652962",121.44316,28.652962,B0LGJRB300,121.43876640905016,28.655943706589706
,赤山路与米兰路交叉口南60米,,330000,331002,浙江省,台州市,汽车服务;汽车养护/装饰;汽车养护|汽车服务;洗车场;洗车场|汽车维修;汽车维修;汽车维修,010400|010500|030000,椒江区,0576,爱途汽车服务(赤山路店),"121.429372,28.654448",121.429372,28.654448,B0GK793LRB,121.42495416810367,28.65740818512821
,机场路景元假日公寓,,330000,331002,浙江省,台州市,汽车服务;充电站;充电站,011100,椒江区,0576,均悦充汽车充电站(台州椒江区景元假日公寓内部专用),"121.442830,28.652489",121.44283,28.652489,B0JR07RIZK,121.43843576388333,28.655470388119966
,赤山路100号,,330000,331002,浙江省,台州市,汽车服务;汽车配件销售;汽车配件销售,010800,椒江区,0576,威狮轮胎洗车经营部,"121.429163,28.654117",121.429163,28.654117,B0GUGC0L77,121.42474490029268,28.65707712129772
,海门街道枫南路319号、321号、323号,,330000,331002,浙江省,台州市,汽车服务;汽车服务相关;汽车服务相关,010000,椒江区,0576,路驿汽车服务,"121.447029,28.660296",121.447029,28.660296,B0LUTH4V82,121.44264319661735,28.663280708778938
,景元路370号,,330000,331002,浙江省,台州市,汽车服务;汽车服务相关;汽车服务相关,010000,椒江区,0576,铭森汽车服务中心,"121.446146,28.655204",121.446146,28.655204,B0K1KD99U3,121.44175863057656,28.65818992840232
,景元路与富民路交叉口西北100米,,330000,331002,浙江省,台州市,汽车服务;汽车服务相关;汽车服务相关,010000,椒江区,0576,第一间车库,"121.448275,28.656125",121.448275,28.656125,B0LUY6UFPV,121.44389236007204,28.65911452774992
,岭南小区(东大门)斜对面,,330000,331002,浙江省,台州市,汽车服务;汽车配件销售;汽车配件销售,010800,椒江区,0576,小国轮胎维修保养,"121.449409,28.659821",121.449409,28.659821,B0FFGORZQV,121.44502870602926,28.66281067990161
B0IRBHWIXN,海门街道椒东路永安学校,,330000,331002,浙江省,台州市,汽车服务;充电站;充电站,011100,椒江区,0576,特来电汽车充电站(特来电台州三合椒江陶王村公共快充站),"121.449724,28.659846",121.449724,28.659846,B0IKCRRTSB,121.44534444635327,28.66283630297267
,海门街道椒东路台州君爱医院地面停车场9B,,330000,331002,浙江省,台州市,汽车服务;充电站;充电站,011100,椒江区,0576,小桔充电汽车充电站(BP快速充电站台州椒江陶王南苑),"121.450252,28.659223",121.450252,28.659223,B0J3FG0TEZ,121.44587374903793,28.6622147367354
,屷崦路与枫南东路交叉口东南240米,,330000,331002,浙江省,台州市,汽车服务;汽车服务相关;汽车服务相关,010000,椒江区,0576,慕车养护,"121.450083,28.658788",121.450083,28.658788,B0JDAL5URW,121.4457043808285,28.661779640275718
,白云街道白云山中路250号,,330000,331002,浙江省,台州市,汽车服务;加油站;中国石化,010101,椒江区,0576,中国石化台中加油站,"121.423625,28.656923",121.423625,28.656923,B0240045RX,121.41919969548893,28.659875560540094
,白云街道白云山中路250号,,330000,331002,浙江省,台州市,汽车服务;充电站;充电站,011100,椒江区,0576,中国石化汽车充电站(本级台中充电站),"121.423340,28.657090",121.42334,28.65709,B0K22ZDS1P,121.41891436538867,28.660042195054658
,海门街道景元路241号,,330000,331002,浙江省,台州市,汽车服务;汽车服务相关;汽车服务相关,010000,椒江区,0576,师傅来帮(台州椒江店),"121.451308,28.656347",121.451308,28.656347,B0K61ZTLFZ,121.44693251761717,28.659342562895116
B0JB1Z9L0W,海门街道台州第一中学对面停车场,,330000,331002,浙江省,台州市,汽车服务;充电站;充电站,011100,椒江区,0576,特来电超级充电站(椒江城发光储充放充电场站),"121.452124,28.660421",121.452124,28.660421,B0KKJXIEHX,121.44775019220728,28.66341594605855
B0IB3UAO9A,白云街道市政府北侧光伏雨棚地面停车场,,330000,331002,浙江省,台州市,汽车服务;充电站;充电站,011100,椒江区,0576,特来电超级充电站(特来电台州三合台州市人民政府光储充放智能示范站),"121.420406,28.656981",121.420406,28.656981,B0IKFS22IO,121.41597735589602,28.659930686392745
,康平路高园小区-1幢6号北门(西边弄堂),,330000,331002,浙江省,台州市,汽车服务;充电站;充电站,011100,椒江区,0576,小麦电站汽车充电站(高园小区泾边苑1幢6号北面-1幢6号北门西边弄堂),"121.421810,28.652641",121.42181,28.652641,B0L6Y7KLCG,121.41738308858874,28.655594332301348
,安康路3131(岳头大厦停车场内),,330000,331002,浙江省,台州市,汽车服务;洗车场;洗车场,010500,椒江区,0576,千城自助洗车(岳头大厦店),"121.454367,28.657511",121.454367,28.657511,B0LGY78D3O,121.44999904533212,28.66051244297058
,海门街道安康路东泰·文萃园,,330000,331002,浙江省,台州市,汽车服务;充电站;充电站,011100,椒江区,0576,特来电汽车充电站(台州三合椒江岳头大厦充电站),"121.454470,28.657326",121.45447,28.657326,B0LD67JIIF,121.450102322943,28.660327774513867
,高园小区37栋一号,,330000,331002,浙江省,台州市,汽车服务;汽车服务相关;汽车服务相关,010000,椒江区,0576,启奔代驾车售后服务维修中心,"121.420703,28.652958",121.420703,28.652958,B0KA2LI93L,121.41627496004548,28.65591021368585
,安康路599号,,330000,331002,浙江省,台州市,汽车服务;汽车养护/装饰;汽车养护|汽车维修;汽车维修;汽车维修,010400|030000,椒江区,0576,阿宝汽修,"121.454443,28.652365",121.454443,28.652365,B0G33CZ9CP,121.45007564452592,28.655369531969285
,椒江诚诺模具城东南门南50米,,330000,331002,浙江省,台州市,汽车服务;汽车服务相关;汽车服务相关,010000,椒江区,0576,晶丽汽车服务部,"121.492206,28.654913",121.492206,28.654913,B0I0TSQ1DG,121.4879562638702,28.65801715354241
,海门街道椒江智能卫浴小镇台州光电产业创新中心,,330000,331002,浙江省,台州市,汽车服务;充电站;充电站,011100,椒江区,0576,特来电汽车充电站(台州椒江智能卫浴小镇党群服务中心充电站),"121.486640,28.656698",121.48664,28.656698,B0LR05MY0W,121.48237085829453,28.659784643974465
,海门街道枫南东路1289号,,330000,331002,浙江省,台州市,汽车服务;加油站;中国石油,010102,椒江区,0576,中国石油东龙加油站,"121.484178,28.655829",121.484178,28.655829,B0FFG6UWI6,121.47990052789117,28.658908944027377
,海门街道慧谷路21号,,330000,331002,浙江省,台州市,汽车服务;汽车养护/装饰;汽车养护|汽车服务;洗车场;洗车场|汽车维修;汽车维修;汽车维修,010400|010500|030000,椒江区,0576,鑫程汽修,"121.487188,28.658937",121.487188,28.658937,B0GKJZWKQ0,121.48292056497576,28.662023975502557
,聚业路155号地下车库,,330000,331002,浙江省,台州市,汽车服务;充电站;充电站,011100,椒江区,0576,PP充电汽车充电站(椒江区文昌第一学校),"121.481110,28.659033",121.48111,28.659033,B0L3A6PHYM,121.47682194815205,28.662102260692112
,海虹街道东海大道东段993号-5,,330000,331002,浙江省,台州市,汽车服务;汽车养护/装饰;汽车养护,010400,椒江区,0576,靓丽一站式汽车养护中心,"121.496460,28.644134",121.49646,28.644134,B0LAPADIG9,121.49222600744025,28.647256952501596
,海门街道椒金路东丰儿园旁东北边第2-3间,,330000,331002,浙江省,台州市,汽车服务;二手车交易;二手车交易,011000,椒江区,0576,台州市椒江广汇二手车,"121.473741,28.656259",121.473741,28.656259,B0KA2LG6RX,121.46942911414982,28.659309216189946
,椒金路与枫南东路交叉口南120米,,330000,331002,浙江省,台州市,汽车服务;洗车场;洗车场,010500,椒江区,0576,车基地洗车行,"121.473714,28.655811",121.473714,28.655811,B0LU26R189,121.46940206335182,28.65886139755212
,椒金路与枫南东路交叉口南100米,,330000,331002,浙江省,台州市,汽车服务;汽车配件销售;汽车配件销售,010800,椒江区,0576,陈友富轮胎店,"121.473717,28.655965",121.473717,28.655965,B0I6GDD12V,121.46940506084249,28.65901531809883
,民辉村1号(公交综合场站内),,330000,331002,浙江省,台州市,汽车服务;加气站;加气站|汽车服务;加油站;加油站,010300|010100,椒江区,0576,浙江石油综合供能服务站,"121.473848,28.659728",121.473848,28.659728,B0FFJKFAW3,121.46953618315364,28.662776525235476
,椒金路与海韵路交叉口西南160米,,330000,331002,浙江省,台州市,汽车服务;充电站;充电站,011100,椒江区,0576,民辉公交场站充电站,"121.473635,28.659066",121.473635,28.659066,B0L05NSL69,121.4693225576494,28.66211432361109
,海门街道枫南东路,,330000,331002,浙江省,台州市,汽车服务;充电站;充电站,011100,椒江区,0576,小桔充电汽车充电站(台州银河充电站),"121.471146,28.657436",121.471146,28.657436,B0L36N8ZF7,121.46682585697579,28.660478537533624
,椒江区开发区三甲街道高闸村201号,,330000,331002,浙江省,台州市,汽车维修;汽车综合维修;汽车综合维修|汽车服务;汽车服务相关;汽车服务相关,030100|010000,椒江区,0576,台州椒江车美尔汽车服务中心,"121.474818,28.641437",121.474818,28.641437,B0FFM92QLZ,121.47051071159487,28.64449847314468
,椒金路与体育场路(东)交叉口西北400米,,330000,331002,浙江省,台州市,汽车服务;汽车配件销售;汽车配件销售,010800,椒江区,0576,佳安轮胎(椒金路店),"121.475087,28.640588",121.475087,28.640588,B0J6AX7OYB,121.4707806411031,28.64365068137146
,体育场路(东)与经达路交叉口北420米,,330000,331002,浙江省,台州市,汽车服务;汽车养护/装饰;汽车养护,010400,椒江区,0576,小袁汽车养护中心,"121.474954,28.640812",121.474954,28.640812,B0L11AKTE8,121.47064719661631,28.64387419170197
,枫南东路与东太和路交叉口西40米,,330000,331002,浙江省,台州市,汽车服务;汽车服务相关;汽车服务相关,010000,椒江区,0576,想来汽车E族,"121.468798,28.657212",121.468798,28.657212,B0JR3AEE06,121.46447064313003,28.66024845787198
,枫南东路816号韩泰轮胎专卖店,,330000,331002,浙江省,台州市,汽车服务;汽车配件销售;汽车配件销售|汽车服务;汽车救援;汽车救援,010800|010700,椒江区,0576,椒江顺风轮胎经营部,"121.467807,28.657336",121.467807,28.657336,B0FFHER3II,121.46347662858818,28.66036980737942
,东太和路与枫南东路交叉口西150米,,330000,331002,浙江省,台州市,汽车服务;汽车配件销售;汽车配件销售,010800,椒江区,0576,韩泰轮胎(枫南东路店),"121.467680,28.657322",121.46768,28.657322,B0HGJ9L8NB,121.46334924670069,28.660355486555407
,海门街道景元东路225一227,,330000,331002,浙江省,台州市,汽车服务;汽车养护/装饰;汽车养护,010400,椒江区,0576,鑫金汽车服务中心,"121.466911,28.653058",121.466911,28.653058,B0FFMGOTRM,121.46257827236636,28.65609192718965
,群辉新村四幢32号,,330000,331002,浙江省,台州市,购物服务;专卖店;专营店|汽车服务;汽车配件销售;汽车配件销售,061200|010800,椒江区,0576,骆驼蓄电池(智伦汽配),"121.464315,28.658667",121.464315,28.658667,B0FFIA3QIP,121.4599741735885,28.661691159051294
,枫南东路与太和路交叉口西北100米,,330000,331002,浙江省,台州市,汽车服务;汽车服务相关;汽车服务相关,010000,椒江区,0576,智伦汽配,"121.464384,28.658625",121.464384,28.658625,B0GR6O1QXR,121.46004337768993,28.66164935552848
,海门街道疏港大道433号,,330000,331002,浙江省,台州市,汽车服务;加油站;中国石化,010101,椒江区,0576,中国石化港龙加油站,"121.462942,28.660395",121.462942,28.660395,B0240045RS,121.45859707453945,28.663414764520752
,太和路,,330000,331002,浙江省,台州市,汽车服务;加油站;加油站,010100,椒江区,0576,浙江石油加油站,"121.461836,28.648392",121.461836,28.648392,B0G1B19WKE,121.45748887036866,28.651415870271737
,景元东路101号,,330000,331002,浙江省,台州市,汽车服务;汽车服务相关;汽车服务相关,010000,椒江区,0576,汽车换电站(台州椒江景园路),"121.462102,28.653149",121.462102,28.653149,B0LGFRS7DH,121.45775524980179,28.656170839908192
,海门街道景元东路,,330000,331002,浙江省,台州市,汽车服务;充电站;充电站,011100,椒江区,0576,特来电汽车充电站(特来电台州三合椒江景元东路充电站),"121.462080,28.653670",121.46208,28.65367,B0KU9MHAQC,121.4577331465114,28.656691491442725
,海门街道疏港大道433号,,330000,331002,浙江省,台州市,汽车服务;充电站;充电站,011100,椒江区,0576,国家电网汽车充电站(台州市椒江区港龙加油站公共充电站),"121.462906,28.660414",121.462906,28.660414,B0LB3R8G27,121.45856096996572,28.6634336650816
,疏港大道545号,,330000,331002,浙江省,台州市,汽车服务;汽车养护/装饰;汽车养护|汽车服务;洗车场;洗车场|汽车维修;汽车综合维修;汽车综合维修,010400|010500|030100,椒江区,0576,华胜奔驰宝马奥迪专修连锁(台州疏港店),"121.462052,28.658390",121.462052,28.65839,B0H64UKLTR,121.457704696416,28.661408736517473
,景元东路与太和路交叉口西160米,,330000,331002,浙江省,台州市,汽车服务;汽车服务相关;汽车服务相关,010000,椒江区,0576,台州市出租汽车综合服务站,"121.461732,28.653384",121.461732,28.653384,B0L2FD2G1R,121.45738418455097,28.65640480789335
,景元路688号,,330000,331002,浙江省,台州市,汽车服务;汽车服务相关;汽车服务相关,010000,椒江区,0576,曹操出行台州椒江运营中心,"121.461184,28.653748",121.461184,28.653748,B0KGLCXJZB,121.45683461419912,28.65676727763335
,太和路,,330000,331002,浙江省,台州市,汽车服务;充电站;充电站,011100,椒江区,0576,汽车充电站(浙江石油太和路综合供能服务站),"121.461836,28.648737",121.461836,28.648737,B0K2BRGAO1,121.4574888432757,28.651760677054938
,海门街道景元路688号,,330000,331002,浙江省,台州市,汽车服务;汽车服务相关;汽车服务相关,010000,椒江区,0576,出租汽车司机驿站(出租车联合工会爱心驿站),"121.461531,28.653485",121.461531,28.653485,B0L21UTMDK,121.45718260991772,28.656505264006874
B0240045RS,海门街道疏港大道433号中国石化港龙加油站,,330000,331002,浙江省,台州市,汽车服务;洗车场;洗车场,010500,椒江区,0576,台州椒江港龙易捷养车洗车店,"121.462942,28.660395",121.462942,28.660395,B0LBZZOHO2,121.45859707453945,28.663414764520752
,疏港大道与群英路交叉口南100米,,330000,331002,浙江省,台州市,汽车服务;汽车服务相关;汽车服务相关,010000,椒江区,0576,车小二,"121.462925,28.660375",121.462925,28.660375,B0L1Y9F34S,121.45858002742736,28.663394734204637
,枫南东路与疏港大道交叉路口往二桥方向50米,,330000,331002,浙江省,台州市,汽车服务;汽车配件销售;汽车配件销售,010800,椒江区,0576,好运轮胎(疏港路店),"121.462348,28.659850",121.462348,28.65985,B0FFGO194I,121.45800142206384,28.662868621609377
,海门街道疏港大道545号(碧桂园海门公馆),,330000,331002,浙江省,台州市,汽车服务;汽车服务相关;汽车服务相关,010000,椒江区,0576,台州华源汽车服务有限公司,"121.462003,28.658399",121.462003,28.658399,B0HRBZWJI7,121.45765555688826,28.661417612148217
,海门街道富诗曼国际家居大门口停车场,,330000,331002,浙江省,台州市,汽车服务;充电站;充电站,011100,椒江区,0576,特来电汽车充电站(特来电台州三合椒江富诗曼充电站),"121.462200,28.660500",121.4622,28.6605,B0JDLHPWQJ,121.45785295046362,28.663517887170737
,群辉小区东南门东北50米,,330000,331002,浙江省,台州市,汽车服务;汽车配件销售;汽车配件销售|汽车维修;汽车维修;汽车维修,010800|030000,椒江区,0576,朝阳轮胎(疏港大道店),"121.460907,28.658077",121.460907,28.658077,B0FFI30AXO,121.45655649868193,28.661093148120937
,枫南东路459号洗车人家,,330000,331002,浙江省,台州市,汽车服务;洗车场;洗车场,010500,椒江区,0576,洗车人家一站式服务,"121.460643,28.659926",121.460643,28.659926,B0L0D5NBTH,121.45629161685132,28.6629404563607
,台州市四方交通建设工程有限公司西南门旁,,330000,331002,浙江省,台州市,汽车服务;汽车养护/装饰;汽车养护|汽车维修;汽车维修;汽车维修,010400|030000,椒江区,0576,汇狼汽修,"121.460646,28.659914",121.460646,28.659914,B0JDPHKNCH,121.45629462615038,28.662928470424706
,枫南东路459号,,330000,331002,浙江省,台州市,汽车服务;汽车养护/装饰;汽车养护,010400,椒江区,0576,汇狼汽车美容一站式服务,"121.460625,28.659925",121.460625,28.659925,B0L0DSNKS8,121.45627356680079,28.66293941388228
,海门街道疏港大道,,330000,331002,浙江省,台州市,汽车服务;充电站;充电站,011100,椒江区,0576,小桔充电汽车充电站(中国石油椒江星辉充电站),"121.457720,28.651518",121.45772,28.651518,B0KKXGY5DD,121.45336128948867,28.654530378085823
,临水苑北1门旁,,330000,331002,浙江省,台州市,汽车服务;充电站;充电站,011100,椒江区,0576,星星充电汽车充电站(浙江石油台州椒江星辉充电站),"121.457550,28.652386",121.45755,28.652386,B0LBY1WL4B,121.45319076622113,28.65539749751966
,海门街道景元路626-628号,,330000,331002,浙江省,台州市,汽车服务;汽车养护/装饰;汽车养护,010400,椒江区,0576,德瑞汽车美容服务部,"121.457725,28.654525",121.457725,28.654525,B0IGZ5ZF9W,121.45336606639853,28.657535689019692
,百姓家园(景元路)559号,,330000,331002,浙江省,台州市,汽车服务;汽车养护/装饰;汽车养护,010400,椒江区,0576,汤浅汽车养护中心,"121.456929,28.655444",121.456929,28.655444,B0H0JDUE56,121.4525678727026,28.65845234497094
,景元路559号,,330000,331002,浙江省,台州市,汽车服务;汽车配件销售;汽车配件销售|购物服务;专卖店;专营店,010800|061200,椒江区,0576,汤浅蓄电池,"121.456889,28.655458",121.456889,28.655458,B0G1PSMI9L,121.45252776562313,28.65846624598594
,疏港大道与市府大道(东)交叉口南20米,,330000,331002,浙江省,台州市,汽车服务;洗车场;洗车场,010500,椒江区,0576,青苔快洗,"121.457352,28.647854",121.457352,28.647854,B0L6L5BXAA,121.4529925940566,28.65086759031324
,枫南东路与环山路交叉口东100米,,330000,331002,浙江省,台州市,汽车服务;汽车服务相关;汽车服务相关,010000,椒江区,0576,御一汽车服务,"121.457818,28.660702",121.457818,28.660702,B0H1S5JJHC,121.45345882992594,28.663709375185658
,海门街道枫南东路18-20号,,330000,331002,浙江省,台州市,汽车服务;汽车养护/装饰;汽车养护,010400,椒江区,0576,车色彩天明汽车美容装潢,"121.457547,28.660787",121.457547,28.660787,B0FFGEZYQE,121.45318709737464,28.663793702893916
,海门街道金地中城广场,,330000,331002,浙江省,台州市,汽车服务;充电站;充电站,011100,椒江区,0576,开迈斯汽车充电站(台州市金地中城广场站),"121.455580,28.648228",121.45558,28.648228,B0JUMH5OBB,121.45121589990805,28.651237374229602
,枫南路479号,,330000,331002,浙江省,台州市,汽车服务;汽车养护/装饰;汽车养护|汽车维修;汽车维修;汽车维修,010400|030000,椒江区,0576,天猫养车(金泰华庭店),"121.455858,28.660308",121.455858,28.660308,B0IB2SUG05,121.45149367320842,28.66331114603849
,百姓家园北区西门旁,,330000,331002,浙江省,台州市,汽车服务;汽车养护/装饰;汽车养护,010400,椒江区,0576,三只小猪高端汽车美容旗舰店,"121.455077,28.656719",121.455077,28.656719,B0FFLJ88UC,121.45071092931921,28.659722459419175
,枫南东路5号,,330000,331002,浙江省,台州市,汽车服务;汽车服务相关;汽车服务相关,010000,椒江区,0576,蓝邦便民自助洗车(锦悦购物广场店),"121.456175,28.661775",121.456175,28.661775,B0KRVSI8RJ,121.4518113869367,28.66477801420031
,海门街道枫南东路526号锦悦购物广场,,330000,331002,浙江省,台州市,汽车服务;充电站;充电站,011100,椒江区,0576,国家电网汽车充电站(台州市椒江区锦悦广场充电站),"121.455956,28.661234",121.455956,28.661234,B0L3TR82GL,121.45159185625516,28.664236833402544
,安康路与景辉路交叉口东北60米,,330000,331002,浙江省,台州市,汽车服务;汽车配件销售;汽车配件销售|汽车维修;汽车维修;汽车维修,010800|030000,椒江区,0576,椒江区谷建龙轮胎经营部,"121.454657,28.653939",121.454657,28.653939,B0FFL9D7G5,121.45029006821773,28.656943111907136
,群辉小区北门旁,,330000,331002,浙江省,台州市,汽车服务;汽车养护/装饰;汽车养护,010400,椒江区,0576,祥龙专业贴膜(一中店),"121.455036,28.659694",121.455036,28.659694,B0GUXZ8ZE2,121.45066958938547,28.66269566727059
,疏港大道1688号(东海大道与交叉路口),,330000,331002,浙江省,台州市,汽车服务;加油站;加油站,010100,椒江区,0576,中国海油东海大道加油站,"121.455861,28.639746",121.455861,28.639746,B0IBGDC2S8,121.45149829890728,28.64276070479313
,海虹街道疏港大道1688/2号加油站内,,330000,331002,浙江省,台州市,汽车服务;汽车养护/装饰;汽车养护|汽车维修;汽车维修;汽车维修,010400|030000,椒江区,0576,全诺轮胎(四根毛养车椒江店)【24小时】,"121.455690,28.639812",121.45569,28.639812,B0LDHUJTOT,121.4513268480841,28.64282628573784
,海门街道中国海油东海大道加油站,,330000,331002,浙江省,台州市,汽车服务;充电站;充电站,011100,椒江区,0576,蔚来能源超级充电站(台州中国海油充电站),"121.455785,28.639569",121.455785,28.639569,B0LGUSE5HA,121.45142211463227,28.642583631697253
,椒江区海门街道疏港大道1688号(东海大道与疏港大道交叉路口),,330000,331002,浙江省,台州市,汽车服务;汽车服务相关;汽车服务相关,010000,椒江区,0576,蔚来换电站(台州中国海油加油站 东海大道站),"121.455665,28.639618",121.455665,28.639618,B0LACSD3GB,121.45130179828685,28.642632336360567
,星明路121号,,330000,331002,浙江省,台州市,汽车服务;汽车租赁;汽车租赁还车,010901,椒江区,0576,好易通租车,"121.421376,28.678144",121.421376,28.678144,B02400URMB,121.41694662617671,28.681082153316446
,工人西路491号,,330000,331002,浙江省,台州市,汽车服务;汽车配件销售;汽车配件销售|汽车维修;汽车维修;汽车维修,010800|030000,椒江区,0576,韩泰轮胎(开君轮胎店),"121.418128,28.680240",121.418128,28.68024,B0HA5CP33R,121.41369547528419,28.683174365372942
,地面停车场,,330000,331002,浙江省,台州市,汽车服务;充电站;充电站,011100,椒江区,0576,特来电汽车充电站(台州三合椒江桔园充电站),"121.417640,28.679458",121.41764,28.679458,B0JDFRQ5AR,121.41320713632209,28.682392492673333
,桔园路,,330000,331002,浙江省,台州市,汽车服务;汽车服务相关;汽车服务相关,010000,椒江区,0576,蔚来换电站(椒江葭沚桔园站),"121.417559,28.679366",121.417559,28.679366,B0JRO7WBO4,121.4131260782605,28.682300492201836
,华鸿公馆北门西200米,,330000,331002,浙江省,台州市,汽车服务;汽车养护/装饰;汽车养护,010400,椒江区,0576,嘉实多护车保养站(华鸿公馆店),"121.418074,28.680264",121.418074,28.680264,B0IASCLBDB,121.4136414283936,28.683198312853445
,工人西路493号至495号,,330000,331002,浙江省,台州市,汽车服务;汽车服务相关;汽车服务相关,010000,椒江区,0576,君跃汽车服务,"121.417942,28.680326",121.417942,28.680326,B0HDSU7ZDZ,121.4135093141467,28.683260183028654
,工人西路与星明北路交叉口西南40米,,330000,331002,浙江省,台州市,汽车服务;汽车配件销售;汽车配件销售,010800,椒江区,0576,远路轮胎,"121.421438,28.680393",121.421438,28.680393,B0LBNLTDSR,121.41700851005132,28.68332986362274
,桔园路183号,,330000,331002,浙江省,台州市,汽车服务;洗车场;洗车场,010500,椒江区,0576,蓝邦科技便民自助洗车广场,"121.417394,28.677852",121.417394,28.677852,B0K62S6I9B,121.41296106632556,28.68078728296663
,星明路71号,,330000,331002,浙江省,台州市,汽车服务;汽车租赁;汽车租赁,010900,椒江区,0576,通达租车(星明路店),"121.421367,28.676693",121.421367,28.676693,B0FFFZGPX0,121.41693773225681,28.679632008772483
,工人西路与星明北路交叉口西北20米,,330000,331002,浙江省,台州市,汽车服务;洗车场;洗车场,010500,椒江区,0576,阿海洗车,"121.422211,28.680306",121.422211,28.680306,B0LU9PBL53,121.41778231036746,28.683243591324683
,葭沚街道工人西路279号,,330000,331002,浙江省,台州市,汽车维修;汽车综合维修;汽车综合维修|汽车服务;汽车养护/装饰;汽车养护,030100|010400,椒江区,0576,吴洪汽车修理厂,"121.423258,28.679889",121.423258,28.679889,B0FFF2JTYR,121.41883046733831,28.682827798453115
,工人西路303号,,330000,331002,浙江省,台州市,汽车服务;汽车配件销售;汽车配件销售,010800,椒江区,0576,锐科途轮胎,"121.422934,28.677986",121.422934,28.677986,B0KRKD5HBX,121.41850626444297,28.680925632253487
,葭沚街道杨家桥1号,,330000,331002,浙江省,台州市,汽车服务;汽车养护/装饰;汽车养护|汽车服务;洗车场;洗车场|汽车服务;汽车租赁;汽车租赁|汽车维修;汽车维修;汽车维修,010400|010500|010900|030000,椒江区,0576,思明汽车美容养护中心,"121.417592,28.675054",121.417592,28.675054,B0FFH1H0AN,121.41315944703645,28.67799107869102
,工人西路与岩屿北路交叉口东北20米,,330000,331002,浙江省,台州市,汽车服务;汽车配件销售;汽车配件销售,010800,椒江区,0576,小胖轮胎商行,"121.424417,28.680129",121.424417,28.680129,B0FFL7YJS2,121.41999075832243,28.683068772199114
,葭沚街道杨家桥1号,,330000,331002,浙江省,台州市,汽车服务;汽车租赁;汽车租赁,010900,椒江区,0576,台州凯运商旅汽车服务有限公司,"121.417592,28.675054",121.417592,28.675054,B0J2AS5DP5,121.41315944703645,28.67799107869102
,岩屿路184号,,330000,331002,浙江省,台州市,汽车服务;汽车配件销售;汽车配件销售,010800,椒江区,0576,小李开锁维修各类高档汽车遥控钥匙(岩屿路店),"121.424796,28.677283",121.424796,28.677283,B0FFK1UUKK,121.42037042738447,28.680224847797405
,工人西路274号(星明路北口),,330000,331002,浙江省,台州市,生活服务;维修站点;维修站点|汽车服务;汽车配件销售;汽车配件销售,071200|010800,椒江区,0576,朝阳轮胎(岩屿路店),"121.425069,28.679573",121.425069,28.679573,B0FFHRPDVA,121.42064356972209,28.682513759302793
,中山西路与扬广路交叉口东北60米,,330000,331002,浙江省,台州市,汽车服务;汽车养护/装饰;汽车养护,010400,椒江区,0576,吾行养车,"121.417525,28.674825",121.417525,28.674825,B0LUK7VMUJ,121.41309241128717,28.677762168530524
,白云街道泰隆银行台州椒江支行多功能健身广场,,330000,331002,浙江省,台州市,汽车服务;充电站;充电站,011100,椒江区,0576,特来电汽车充电站(台州椒江星明路泰隆银行停车场充电站),"121.421490,28.674145",121.42149,28.674145,B0LUG7MYHA,121.41706105809351,28.67708562379094
B0H3R5GY3P,葭沚街道椒江体育馆,,330000,331002,浙江省,台州市,汽车服务;充电站;充电站,011100,椒江区,0576,特来电目的地充电站(特来电台州三合椒江体育馆充电站),"121.420411,28.673425",121.420411,28.673425,B0IKKDSLXK,121.4159810566156,28.67636514815355
,,,330000,331002,浙江省,台州市,汽车服务;充电站;充电站,011100,椒江区,0576,特来电汽车充电站(特来电台州三合椒江岩屿村充电站),"121.424097,28.674596",121.424097,28.674596,B0FFHJJ5SR,121.41967082850626,28.67753874874013
,星明路5-6号,,330000,331002,浙江省,台州市,汽车服务;汽车服务相关;汽车服务相关,010000,椒江区,0576,台州市新利汽车服务有限公司,"121.421448,28.672020",121.421448,28.67202,B0240038JK,121.41701918430597,28.67496184093211
B024005ITR,云健小区西2门北80米,,330000,331002,浙江省,台州市,汽车服务;汽车配件销售;汽车配件销售,010800,椒江区,0576,米其林轮胎(云健小区店),"121.421425,28.672135",121.421425,28.672135,B0IAF9ALI4,121.41699615204107,28.675076753546165
,星明路与云西路交叉口北220米,,330000,331002,浙江省,台州市,汽车服务;汽车服务相关;汽车服务相关,010000,椒江区,0576,台州市星利汽车服务部,"121.421448,28.672052",121.421448,28.672052,B0LUYLYBUE,121.41701918176796,28.674993822100415
,工人西路65-67号,,330000,331002,浙江省,台州市,购物服务;专卖店;专营店|汽车服务;汽车服务相关;汽车服务相关,061200|010000,椒江区,0576,中海润滑油供应站,"121.428044,28.679411",121.428044,28.679411,B02400474B,121.42362235952952,28.68235508236892
,中山西路636号,,330000,331002,浙江省,台州市,汽车服务;汽车租赁;汽车租赁,010900,椒江区,0576,圣丰汽车租赁,"121.413825,28.673775",121.413825,28.673775,B0J2U5W8HB,121.40938988014976,28.67671057928491
,中山西路638号,,330000,331002,浙江省,台州市,汽车服务;汽车配件销售;汽车配件销售,010800,椒江区,0576,实力达挖机配件,"121.413552,28.673693",121.413552,28.673693,B0FFF4JT0E,121.40911672202674,28.676628489122233
,中山西路650-652号,,330000,331002,浙江省,台州市,汽车服务;汽车配件销售;汽车配件销售,010800,椒江区,0576,万好轮胎店,"121.413352,28.673706",121.413352,28.673706,B0FFF4JT0I,121.40891660285135,28.67664138205429
,中山西路650号-654号,,330000,331002,浙江省,台州市,汽车服务;汽车配件销售;汽车配件销售,010800,椒江区,0576,普利司通轮胎店(中山西路店),"121.413303,28.673695",121.413303,28.673695,B0FFJ2ZPQY,121.40886757509719,28.67663036447356
,云西路277号,,330000,331002,浙江省,台州市,汽车服务;汽车配件销售;汽车配件销售,010800,椒江区,0576,高锋汽配,"121.419085,28.671172",121.419085,28.671172,B0FFFWB3HH,121.41465401718746,28.674112439281195
,星明路5号(鑫烽租车),,330000,331002,浙江省,台州市,汽车服务;汽车租赁;汽车租赁,010900,椒江区,0576,台州鑫烽汽车租赁有限公司,"121.421388,28.671191",121.421388,28.671191,B0KD0C315G,121.41695918973808,28.67413327701446
,星明路3号,,330000,331002,浙江省,台州市,汽车服务;汽车租赁;汽车租赁,010900,椒江区,0576,国平汽车租赁,"121.421515,28.670570",121.421515,28.67057,B0FFI058IY,121.41708636688124,28.67351275049802
,中山支路与轮渡路交叉口西80米,,330000,331002,浙江省,台州市,汽车服务;汽车养护/装饰;汽车养护,010400,椒江区,0576,红旗停车场洗车店,"121.428785,28.674641",121.428785,28.674641,B0H0M1NWOR,121.42436474830123,28.677588781810083
,云健4区西1门旁,,330000,331002,浙江省,台州市,汽车服务;汽车服务相关;汽车服务相关,010000,椒江区,0576,全通二手车服务中心,"121.421551,28.670263",121.421551,28.670263,B0IAVHHIA7,121.41712242763326,28.673205961569135
,白云街道云西路185号,,330000,331002,浙江省,台州市,汽车服务;汽车养护/装饰;汽车养护|汽车服务;洗车场;洗车场|汽车维修;汽车维修;汽车维修,010400|010500|030000,椒江区,0576,星星汽车改装,"121.422093,28.670017",121.422093,28.670017,B0FFGWJ6ID,121.41766500333824,28.6729605794696
,中山支路与轮渡路交叉口西80米,,330000,331002,浙江省,台州市,汽车服务;汽车养护/装饰;汽车养护,010400,椒江区,0576,红旗汽车美容、装潢、养护中心,"121.428699,28.674450",121.428699,28.67445,B0FFFYYKM3,121.42427864471152,28.677397793257555
,台绣艺术馆西南门西60米,,330000,331002,浙江省,台州市,汽车服务;汽车配件销售;汽车配件销售,010800,椒江区,0576,优科豪马轮胎(云西路店),"121.422044,28.670017",121.422044,28.670017,B0FFL3785V,121.41761595243004,28.672960536104657
,白云街道中盛·悦江府,,330000,331002,浙江省,台州市,汽车服务;充电站;充电站,011100,椒江区,0576,特来电汽车充电站(台州椒江悦江府停车场充电站),"121.430176,28.682160",121.430176,28.68216,B0LGJ7S5GL,121.42575712460419,28.68510498723173
,云西路149号,,330000,331002,浙江省,台州市,汽车服务;汽车养护/装饰;汽车养护,010400,椒江区,0576,一笑汽车美容装饰(云西路店),"121.423974,28.669486",121.423974,28.669486,B024005DF8,121.41954809340311,28.672431636303727
,白云街道红旗新村55幢496号202室,,330000,331002,浙江省,台州市,汽车服务;汽车服务相关;汽车服务相关,010000,椒江区,0576,博升叉车吊车租赁(红旗店),"121.427950,28.671808",121.42795,28.671808,B0L1B70017,121.42352883589245,28.67475648097163
,云西路153号,,330000,331002,浙江省,台州市,汽车服务;汽车养护/装饰;汽车养护,010400,椒江区,0576,精一门膜业(椒江店),"121.423659,28.669559",121.423659,28.669559,B0K12UA7TU,121.41923273194044,28.67250429020043
,82省道与葭中路交叉口东180米,,330000,331002,浙江省,台州市,汽车服务;充电站;充电站,011100,椒江区,0576,蔚来换电站,"121.409884,28.673429",121.409884,28.673429,B0LB7RV8OE,121.40544690740063,28.676363108825363
,七星镇江南新家园白云坊102、109、110幢,,330000,331002,浙江省,台州市,汽车服务;充电站;充电站,011100,椒江区,0576,云快充目的地充电站(云居江南新家园白云坊充电站),"121.430565,28.674730",121.430565,28.67473,B0L0AGBFHF,121.42614728224721,28.677679902823673
B0FFMC6SFS,葭沚街道星洲社区黄海公路5号台州椒江宝龙城,,330000,331002,浙江省,台州市,汽车服务;汽车养护/装饰;汽车养护,010400,椒江区,0576,传奇赛道汽车美容连锁,"121.409090,28.673778",121.40909,28.673778,B0L6TDWAOY,121.40465257443195,28.67671164999376
,云西路与岩屿路交叉口西北40米,,330000,331002,浙江省,台州市,汽车服务;汽车配件销售;汽车配件销售,010800,椒江区,0576,椒江小张汽车玻璃店,"121.424759,28.669313",121.424759,28.669313,B0J0GAF0HB,121.4203340156835,28.672259512779956
,云西路135号,,330000,331002,浙江省,台州市,汽车服务;汽车配件销售;汽车配件销售,010800,椒江区,0576,椒江福耀汽车玻璃(长人店),"121.425521,28.669135",121.425521,28.669135,B024005OOT,121.42109694198614,28.67208239560864
,白云山庄对面云西小区南大门门口,,330000,331002,浙江省,台州市,汽车服务;汽车养护/装饰;汽车养护|汽车维修;汽车维修;汽车维修,010400|030000,椒江区,0576,力源汽修服务中心云西店,"121.427095,28.668906",121.427095,28.668906,B0FFK1A2JZ,121.42267293838302,28.671855219336184
,云西路113号,,330000,331002,浙江省,台州市,汽车服务;汽车配件销售;汽车配件销售,010800,椒江区,0576,福星汽车配件,"121.426361,28.668873",121.426361,28.668873,B024002WPB,121.42193800275452,28.671821437025773
B024004077,云西小区西南门旁,,330000,331002,浙江省,台州市,汽车服务;二手车交易;二手车交易|购物服务;购物相关场所;购物相关场所,011000|060000,椒江区,0576,华诚二手车(云西小区店),"121.426833,28.668802",121.426833,28.668802,B0FFHXJSKG,121.4224106085703,28.671750991287325
,云西路83-3号,,330000,331002,浙江省,台州市,汽车服务;汽车配件销售;汽车配件销售,010800,椒江区,0576,米其林轮胎,"121.427075,28.668775",121.427075,28.668775,B0LAM7DQNI,121.42265292283564,28.671724273773204
,云西路87号,,330000,331002,浙江省,台州市,汽车服务;汽车养护/装饰;汽车养护,010400,椒江区,0576,信诚汽车装潢(名豪白云山庄西北),"121.426847,28.668813",121.426847,28.668813,B0FFHFQTGN,121.42242462567413,28.671762000214898
,中山西路与凤凰西路交叉口西南20米,,330000,331002,浙江省,台州市,汽车服务;汽车服务相关;汽车服务相关,010000,椒江区,0576,货郎先生(椒江旗舰店),"121.432733,28.675456",121.432733,28.675456,B0KUSRVZ8S,121.428318533704,28.678408305543986
,云西路83-2号,,330000,331002,浙江省,台州市,汽车服务;二手车交易;二手车交易,011000,椒江区,0576,小波二手车事务所,"121.427146,28.668803",121.427146,28.668803,B02400TERB,121.42272401275629,28.671752336140035
,葭沚街道葭西路6-8号,,330000,331002,浙江省,台州市,汽车服务;汽车服务相关;汽车服务相关,010000,椒江区,0576,京东养车(德邻北苑店),"121.405818,28.675392",121.405818,28.675392,B0JG21JEXM,121.40137953248514,28.678323951489375
,沚京街与黄海公路交叉口南80米,,330000,331002,浙江省,台州市,汽车服务;汽车配件销售;汽车配件销售,010800,椒江区,0576,朝阳轮胎(沚京街店),"121.407954,28.671951",121.407954,28.671951,B0I04RUTSP,121.40351633952844,28.674885414429653
,白云街道白云山庄名豪白云山庄停车场,,330000,331002,浙江省,台州市,汽车服务;充电站;充电站,011100,椒江区,0576,特来电汽车充电站(台州椒江白云山庄充电站),"121.427110,28.668232",121.42711,28.668232,B0LR05N5HI,121.42268801125553,28.67118162982448
,银河东巷与中山西路交叉口南120米地面停车场,,330000,331002,浙江省,台州市,汽车服务;充电站;充电站,011100,椒江区,0576,特来电充电站(台州椒江凤凰山西侧停车场),"121.433902,28.674663",121.433902,28.674663,B0J21XH0IF,121.42948947734035,28.677617385970965
,东平路445号,,330000,331002,浙江省,台州市,汽车服务;汽车服务相关;汽车服务相关,010000,椒江区,0576,广丰汽车服务中心,"121.410612,28.668946",121.410612,28.668946,B0FFI7011B,121.40617557188125,28.671882999131846
,白云街道银河东巷白云街道社区卫生服务中心对面,,330000,331002,浙江省,台州市,汽车服务;充电站;充电站,011100,椒江区,0576,小桔充电汽车充电站(中国石油椒江中山广场充电站),"121.434140,28.675003",121.43414,28.675003,B0LA4Y72ZP,121.42972784157986,28.6779575198374
,中山西路99号,,330000,331002,浙江省,台州市,汽车服务;洗车场;洗车场,010500,椒江区,0576,蓝邦科技便民自助洗车广场(银河商城店),"121.434629,28.675059",121.434629,28.675059,B0KG7Z968L,121.43021764953727,28.67801418268104
,轮渡路与云西路交叉口东北20米,,330000,331002,浙江省,台州市,汽车服务;二手车交易;二手车交易,011000,椒江区,0576,李焕二手车行,"121.429358,28.668365",121.429358,28.668365,B0L6L7GJZF,121.42493904611354,28.67131715590412
B0HR35BX99,中心大道183号酒店停车场,,330000,331002,浙江省,台州市,汽车服务;充电站;充电站,011100,椒江区,0576,特来电汽车充电站(台州新港大酒店),"121.411255,28.667186",121.411255,28.667186,B0FFIQWA1K,121.40681900706642,28.670124273069103
,云西路与联谊南路交叉口西北60米,,330000,331002,浙江省,台州市,汽车服务;二手车交易;二手车交易,011000,椒江区,0576,全世界二手车,"121.430048,28.667901",121.430048,28.667901,B02400SQ69,121.42563006879705,28.67085427027136
,学院北路184号,,330000,331002,浙江省,台州市,汽车服务;汽车配件销售;汽车配件销售,010800,椒江区,0576,好运轮胎豫皖轮胎店,"121.403296,28.680413",121.403296,28.680413,B0LB31C2YN,121.39885680524667,28.68334171393917
,江滨路681号,,330000,331002,浙江省,台州市,汽车服务;汽车配件销售;汽车配件销售,010800,椒江区,0576,跃龙轮胎店,"121.436009,28.681808",121.436009,28.681808,B0KGSA71RI,121.43159947080947,28.6847611783364
,新明·丽江东门旁,,330000,331002,浙江省,台州市,汽车服务;汽车服务相关;汽车服务相关,010000,椒江区,0576,万佳汽配,"121.403288,28.680560",121.403288,28.68056,B0FFLICBOL,121.39884879304836,28.683488625629227
,新明国际商场2号楼114-118号,,330000,331002,浙江省,台州市,汽车服务;汽车养护/装饰;汽车养护,010400,椒江区,0576,美孚1号车养护(台州铭车之家铭孚店),"121.402311,28.677571",121.402311,28.677571,B0KAUDFYO4,121.39787199077512,28.680501389197307
B0IG7SOT50,解放南路与桥闸路交叉口西140米,,330000,331002,浙江省,台州市,汽车服务;充电站;充电站,011100,椒江区,0576,国家电网汽车充电站(浙江省台州市椒江区凤凰山庄停车场充电站),"121.434870,28.670172",121.43487,28.670172,B0HA957XLG,121.43045944105472,28.67313040879284
B0FFIDDHG2,葭沚街道汽车客运总站,,330000,331002,浙江省,台州市,汽车服务;充电站;充电站,011100,椒江区,0576,特来电汽车充电站(台州力电超级液冷充电站),"121.403201,28.671353",121.403201,28.671353,B0K2MXXG7R,121.3987625185669,28.674287082889713
,葭沚街道汽车客运总站旁停车场,,330000,331002,浙江省,台州市,汽车服务;充电站;充电站,011100,椒江区,0576,小鹏超级充电站(小鹏S4超快充台州市汽车客运总站),"121.403399,28.671232",121.403399,28.671232,B0LD06AAVU,121.39896054124546,28.674166162447072
,葭芷街道学院路115号,,330000,331002,浙江省,台州市,汽车服务;洗车场;洗车场,010500,椒江区,0576,甄快全自动洗车,"121.403978,28.670245",121.403978,28.670245,B0KGD6J3PQ,121.39953966929689,28.67317977641255
,和润锦园西门北60米,,330000,331002,浙江省,台州市,汽车服务;汽车租赁;汽车租赁,010900,椒江区,0576,喜乐租车坊,"121.404007,28.670310",121.404007,28.67031,B0J157XPWV,121.39956866707642,28.673244740423847
,葭沚街道和合社区学院路81弄1号,,330000,331002,浙江省,台州市,汽车服务;汽车养护/装饰;汽车养护,010400,椒江区,0576,极净汽车美容,"121.404181,28.670628",121.404181,28.670628,B0LUR75055,121.39974266037149,28.673562567419488
,文明路与学院北路交叉口西240米,,330000,331002,浙江省,台州市,汽车服务;汽车服务相关;汽车服务相关,010000,椒江区,0576,台州市利谷汽车服务有限公司,"121.401425,28.677625",121.401425,28.677625,B0L3M7M257,121.39698599244551,28.68055537500395
,解放南路与桥闸路交叉口西南200米,,330000,331002,浙江省,台州市,汽车服务;充电站;充电站,011100,椒江区,0576,来点电汽车充电站(环翠停车场),"121.434667,28.668812",121.434667,28.668812,B0KGT4997P,121.43025620765486,28.671770912809908
,学院路与东平路交叉口北160米,,330000,331002,浙江省,台州市,汽车服务;洗车场;洗车场,010500,椒江区,0576,坐山狼全自动洗车,"121.403975,28.670275",121.403975,28.670275,B0KRKDC040,121.39953666661381,28.673209758603996
,白云街道解放南路281号中国银行(分行),,330000,331002,浙江省,台州市,汽车服务;充电站;充电站,011100,椒江区,0576,特来电汽车充电站(台州椒江解放南路道台里充电站),"121.438330,28.675037",121.43833,28.675037,B0LRD770DG,121.43392517566718,28.677997788124138
,文明路与台州大道辅路交叉口东220米,,330000,331002,浙江省,台州市,汽车服务;汽车服务相关;汽车服务相关,010000,椒江区,0576,豹力充,"121.400586,28.678387",121.400586,28.678387,B0LBXKF0M8,121.39614697416535,28.68131696985789
,解放南路214-1号,,330000,331002,浙江省,台州市,汽车服务;汽车养护/装饰;汽车养护,010400,椒江区,0576,途虎养车工场店(台州解放南路店),"121.438782,28.674830",121.438782,28.67483,B0L0KHPYTA,121.43437803382221,28.67779163249819
,京街364号,,330000,331002,浙江省,台州市,汽车服务;汽车配件销售;汽车配件销售,010800,椒江区,0576,德国马牌轮胎(小毛轮胎店),"121.407560,28.666071",121.40756,28.666071,B0L6GBE5AP,121.40312269007522,28.66900875855786
,文明路与台州大道辅路交叉口东240米,,330000,331002,浙江省,台州市,汽车服务;洗车场;洗车场,010500,椒江区,0576,嗨洗帮上门洗车,"121.400846,28.678330",121.400846,28.67833,B0K2YAEC84,121.39640696180982,28.681259985465346
,椒兰汇3幢103室蓝电工作室(肯德基后面),,330000,331002,浙江省,台州市,汽车服务;汽车养护/装饰;汽车养护,010400,椒江区,0576,蓝电LIGHTNING汽车工作室(台州MAX店),"121.403108,28.670225",121.403108,28.670225,B0JKRHYIY8,121.39866960265995,28.673159741635747
,学院路与东平路交叉口北160米,,330000,331002,浙江省,台州市,汽车服务;充电站;充电站,011100,椒江区,0576,星星充电汽车充电站(星星充电-台州九记椒兰汇充电站),"121.402758,28.670210",121.402758,28.67021,B0FFHKC3C3,121.39831958728143,28.673144741137857
,中山东路419号,,330000,331002,浙江省,台州市,公司企业;公司;冶金化工|生活服务;生活服务场所;生活服务场所|汽车服务;汽车服务相关;汽车服务相关,170205|070000|010000,椒江区,0576,中国石化台州石油分公司加油卡销售服务中心,"121.439268,28.676232",121.439268,28.676232,B0FFI62P61,121.43486483881493,28.679193587052737
,解放南路与桥闸路交叉口西南160米,,330000,331002,浙江省,台州市,汽车服务;汽车服务相关;汽车服务相关,010000,椒江区,0576,速衡汽车,"121.435303,28.668887",121.435303,28.668887,B0I0NH5J8R,121.43089327691136,28.671846790301192
,葭沚街道学院北路178-36店铺,,330000,331002,浙江省,台州市,汽车服务;汽车租赁;汽车租赁,010900,椒江区,0576,轩辕租车(学院北路店),"121.400352,28.680196",121.400352,28.680196,B0G0DS8W3R,121.39591284862661,28.683124908857327
,椒兰汇地下负一层,,330000,331002,浙江省,台州市,汽车服务;汽车服务相关;汽车服务相关,010000,椒江区,0576,TMSC高端汽车服务中心,"121.402699,28.670134",121.402699,28.670134,B0JAFZMC43,121.39826059113496,28.67306878465776
,黄海公路565弄78-82号,,330000,331002,浙江省,台州市,汽车服务;汽车服务相关;汽车服务相关,010000,椒江区,0576,港湾汽车生活馆,"121.400302,28.675477",121.400302,28.675477,B0FFFVCGP5,121.3958632275406,28.67840872259091
,椒兰汇3幢103(肯德基后面),,330000,331002,浙江省,台州市,汽车服务;汽车服务相关;汽车服务相关,010000,椒江区,0576,蓝电汽车工作室,"121.403120,28.670236",121.40312,28.670236,B0JKA98JTP,121.39868160246537,28.673170735600483
,学院北路341号,,330000,331002,浙江省,台州市,汽车服务;汽车服务相关;汽车服务相关,010000,椒江区,0576,星骋名车,"121.400492,28.682944",121.400492,28.682944,B0JKXUMPKW,121.39605261924254,28.68587124918478
B024002W7U,客运中心对面(黄海公路521-525号),,330000,331002,浙江省,台州市,购物服务;专卖店;专营店|汽车服务;汽车服务相关;汽车服务相关,061200|010000,椒江区,0576,台州市椒江周伟建筑机械设备总汇(都市丽景店),"121.401332,28.673039",121.401332,28.673039,B0FFLFGEDM,121.3968933594777,28.675972095519967
,东平路椒兰汇3栋1004室,,330000,331002,浙江省,台州市,汽车服务;汽车救援;汽车救援,010700,椒江区,0576,宇衡汽车拖车服务部,"121.403164,28.669430",121.403164,28.66943,B0JK4HEZK1,121.39872566899696,28.672365209367204
,黄海公路565弄50号,,330000,331002,浙江省,台州市,汽车服务;汽车租赁;汽车租赁,010900,椒江区,0576,鑫立租车,"121.400119,28.674886",121.400119,28.674886,B0LRNCKYXC,121.39568029099705,28.67781808953227
,西大街309号,,330000,331002,浙江省,台州市,汽车服务;充电站;充电站,011100,椒江区,0576,便民充电站,"121.400162,28.677134",121.400162,28.677134,B0KGJZVSTO,121.39572310848162,28.680064751954596
,葭沚街道黄海公路565弄65-67号,,330000,331002,浙江省,台州市,汽车服务;汽车租赁;汽车租赁,010900,椒江区,0576,网约车就业中心,"121.400363,28.674618",121.400363,28.674618,B0J1F7CG3D,121.39592429060056,28.677550225827595
,章安路与通衢路交叉口东北20米,,330000,331002,浙江省,台州市,汽车服务;充电站;充电站,011100,椒江区,0576,均悦充汽车充电站(台州椒江区振兴小区内部专用),"121.439514,28.680958",121.439514,28.680958,B0JR07U3B9,121.43511093283954,28.683917170368957
,台州大道16附近,,330000,331002,浙江省,台州市,汽车服务;汽车配件销售;汽车配件销售,010800,椒江区,0576,椒江小张轮胎服务中心,"121.400160,28.675294",121.40016,28.675294,B0FFJRSBDJ,121.39572125475422,28.678225844034554
,台州大道辅路与屿山路交叉口东240米,,330000,331002,浙江省,台州市,汽车服务;汽车配件销售;汽车配件销售,010800,椒江区,0576,韩泰轮胎(飞霞港湾店),"121.400188,28.675329",121.400188,28.675329,B0FFL0DDOW,121.39574924939406,28.67826082066408
,西大街3号新明国际商场停车场内,,330000,331002,浙江省,台州市,汽车服务;汽车服务相关;汽车服务相关,010000,椒江区,0576,蓝邦科技便民自助洗车广场(新明国际商场店),"121.399254,28.677781",121.399254,28.677781,B0JRYHCJAL,121.39481516205359,28.68071147098591
,葭芷街道西大街323-327号,,330000,331002,浙江省,台州市,汽车服务;汽车养护/装饰;汽车养护,010400,椒江区,0576,连胜极致汽车养护专家,"121.399207,28.677142",121.399207,28.677142,B0LDM16IZD,121.39476821934403,28.680072857471362
,葭沚街道东平路859号,,330000,331002,浙江省,台州市,汽车服务;加油站;中国石化,010101,椒江区,0576,中国石化客运中心加油站,"121.401782,28.669237",121.401782,28.669237,B0FFF9JTH9,121.39734365118221,28.672172313578155
B0K62Z4LGW,台州一鼎豪生大酒店停车场,,330000,331002,浙江省,台州市,汽车服务;充电站;充电站,011100,椒江区,0576,中国石化汽车充电站(一鼎大酒店充电站),"121.434530,28.666452",121.43453,28.666452,B0KKPB8EIW,121.43011916541924,28.6694120930374
,台州大道辅路与工人西路交叉口南280米,,330000,331002,浙江省,台州市,汽车服务;汽车租赁;汽车租赁,010900,椒江区,0576,信旺租车,"121.399744,28.679935",121.399744,28.679935,B0L6TD9NM2,121.39530492925634,28.68286412553665
,黄海公路553号,,330000,331002,浙江省,台州市,汽车服务;汽车服务相关;汽车服务相关,010000,椒江区,0576,何灵斌建筑机械大卖场(都市丽景店),"121.400504,28.673153",121.400504,28.673153,B0LBUD41ZM,121.396065395746,28.676086079460234
,青年路155号第三幢,,330000,331002,浙江省,台州市,汽车服务;汽车养护/装饰;汽车养护|汽车服务;洗车场;洗车场|汽车维修;汽车维修;汽车维修,010400|010500|030000,椒江区,0576,椒江知心汽修厂,"121.438651,28.671384",121.438651,28.671384,B0LDHSLNVX,121.43424706143028,28.674347454814363
,台州大道辅路与屿山路交叉口东240米,,330000,331002,浙江省,台州市,汽车服务;汽车配件销售;汽车配件销售,010800,椒江区,0576,玛吉斯轮胎,"121.400075,28.674675",121.400075,28.674675,B0LAK6F0AG,121.39563631197518,28.677607218679178
B0FFG94EJW,城市发展中心停车楼,,330000,331002,浙江省,台州市,汽车服务;充电站;充电站,011100,椒江区,0576,星星充电汽车充电站(城市发展中心停车楼),"121.440440,28.677130",121.44044,28.67713,B0LGTKWD8C,121.43603902219374,28.68009298722114
B024005LX3,黄海公路571号,,330000,331002,浙江省,台州市,汽车服务;汽车养护/装饰;汽车养护|汽车维修;汽车维修;汽车维修,010400|030000,椒江区,0576,骆驼蓄电池(台州分公司),"121.399701,28.673313",121.399701,28.673313,B0LGHLTZKD,121.39526245995108,28.67624606322462
,葭沚街道明珠社区东平路796、798、800号,,330000,331002,浙江省,台州市,汽车服务;汽车服务相关;汽车服务相关,010000,椒江区,0576,启典汽车服务中心(椒江鸿景店),"121.402269,28.668662",121.402269,28.668662,B0K2KAYGJV,121.39783069743721,28.67159764333778
,葭沚街道综合行政执法队,,330000,331002,浙江省,台州市,汽车服务;汽车租赁;汽车租赁,010900,椒江区,0576,速邦租车,"121.398965,28.676957",121.398965,28.676957,B0KGCH4QDC,121.39452626953579,28.679888001653136
,江滨路591号,,330000,331002,浙江省,台州市,汽车服务;汽车配件销售;汽车配件销售,010800,椒江区,0576,宝石王轮胎,"121.440093,28.682067",121.440093,28.682067,B0LGYH5U9G,121.43569095753762,28.68502645939259
,江滨东路200号,,330000,331002,浙江省,台州市,汽车服务;汽车服务相关;汽车服务相关,010000,椒江区,0576,Mobil美孚(江滨路店),"121.440264,28.682224",121.440264,28.682224,B0FFH0TT0F,121.43586227666394,28.685183649491343
,黄海公路583号,,330000,331002,浙江省,台州市,汽车服务;汽车服务相关;汽车服务相关,010000,椒江区,0576,柒乘车房,"121.399330,28.673382",121.39933,28.673382,B0LGM9FHOF,121.3948915009293,28.676315068071364
,东平路859号,,330000,331002,浙江省,台州市,汽车服务;充电站;充电站,011100,椒江区,0576,中国石化汽车充电站(本级客运中心充电站),"121.401317,28.669131",121.401317,28.669131,B0J2KS5AGP,121.39687867021694,28.672066391497328
,海门街道椒江商务中心2号楼酒店北门地下停车场右手边,,330000,331002,浙江省,台州市,汽车服务;充电站;充电站,011100,椒江区,0576,特来电汽车充电站(台州三合椒江水墨兰亭度假酒店充电站),"121.436620,28.668268",121.43662,28.668268,B0K3OXTXIN,121.43221261475804,28.671230113848942
B0FFF9JTH9,葭沚街道东平路859号中国石化客运中心加油站,,330000,331002,浙江省,台州市,汽车服务;汽车服务相关;汽车服务相关,010000,椒江区,0576,台州椒江客运中心易捷养车洗车店,"121.401779,28.669224",121.401779,28.669224,B0LGH5M54K,121.39734065224759,28.672159321257052
,鸿景名苑东2门南130米,,330000,331002,浙江省,台州市,汽车服务;汽车服务相关;汽车服务相关,010000,椒江区,0576,哪吒汽车用户中心,"121.403301,28.666268",121.403301,28.666268,B0KRS5B9RN,121.39886292855437,28.669205059758404
,葭沚街道学府水岸小区21幢5-14号,,330000,331002,浙江省,台州市,汽车服务;洗车场;洗车场,010500,椒江区,0576,嗨洗AI智能洗车店(学府水岸店),"121.397472,28.676278",121.397472,28.676278,B0L1LSE915,121.39303360699095,28.679209671829362
,葭芷街道台州大道5-9/5-14学府水岸东面商铺,,330000,331002,浙江省,台州市,汽车服务;汽车租赁;汽车租赁,010900,椒江区,0576,圣庭豪车,"121.397481,28.676402",121.397481,28.676402,B0KANU1JG4,121.39304259510598,28.679333596331357
,学府水岸南门东80米,,330000,331002,浙江省,台州市,汽车服务;汽车租赁;汽车租赁,010900,椒江区,0576,锦途汽车租赁,"121.397305,28.675748",121.397305,28.675748,B0L2YZV5QP,121.39286668766145,28.678680022023237
B0IB1SEO88,枫山路2号(德信影院南边区域),,330000,331002,浙江省,台州市,汽车服务;充电站;充电站,011100,椒江区,0576,中国石化汽车充电站(老粮坊文创园充电站),"121.437190,28.665878",121.43719,28.665878,B0K1CBJBWX,121.43278382037974,28.66884237770384
B0I6HZ0CEM,青少年宫停车场,,330000,331002,浙江省,台州市,汽车服务;充电站;充电站,011100,椒江区,0576,特来电汽车充电站(椒江区青少年宫充电场站),"121.441585,28.673578",121.441585,28.673578,B0LGZXWW76,121.43718656732307,28.67654503403483
,学院路与白云山西路交叉口北120米,,330000,331002,浙江省,台州市,汽车服务;汽车服务相关;汽车服务相关,010000,椒江区,0576,小毛汽车一站式服务,"121.403231,28.665690",121.403231,28.66569,B0KKLGRAYF,121.39879296992923,28.668627392823883
B0G39SMTBI,枫山路5路地面停车场,,330000,331002,浙江省,台州市,汽车服务;充电站;充电站,011100,椒江区,0576,特来电充电站(台州老粮坊文创园站),"121.438693,28.667425",121.438693,28.667425,B0FFIVXIC4,121.43428945298179,28.67039083957229
B0L115LDBI,海龙路60-62号,,330000,331002,浙江省,台州市,汽车服务;充电站;充电站,011100,椒江区,0576,汽车充电站(公交TOD大厦),"121.400604,28.667747",121.400604,28.667747,B0K1RLPETD,121.39616581756302,28.670683242739788
B0FFI2YYY0,中山东路259号,,330000,331002,浙江省,台州市,购物服务;专卖店;自行车专卖店|汽车服务;汽车配件销售;汽车配件销售,061208|010800,椒江区,0576,椒江飞达车辆配件商店(海尔波大楼店),"121.443136,28.677334",121.443136,28.677334,B024002ZYA,121.43874043395465,28.680301522710096
,,,330000,331002,浙江省,台州市,汽车服务;汽车配件销售;汽车配件销售,010800,椒江区,0576,椒江小邵汽配经营部,"121.397965,28.670071",121.397965,28.670071,B0FFHDDRVX,121.39352699383036,28.673006234084827
,区府东巷与青年路交叉口西北80米,,330000,331002,浙江省,台州市,汽车服务;充电站;充电站,011100,椒江区,0576,汽车充电站(特来电台州椒江区政府南面停车场站),"121.442859,28.673334",121.442859,28.673334,B0KK07BLUB,121.4384631770162,28.67630340067165
,葭沚街道东平路诚丰·椒兰郡,,330000,331002,浙江省,台州市,汽车服务;充电站;充电站,011100,椒江区,0576,特来电汽车充电站(台州椒江椒兰郡西侧停车场充电站),"121.397617,28.669677",121.397617,28.669677,B0K1X7363A,121.39317909858322,28.67261253354038
,枫山路与沙门路交叉口东20米,,330000,331002,浙江省,台州市,汽车服务;洗车场;洗车场,010500,椒江区,0576,阿德洗车店,"121.438328,28.665720",121.438328,28.66572,B0KR7RIUNR,121.4339239088977,28.668686249621317
,海门街道区政府南面停车场,,330000,331002,浙江省,台州市,汽车服务;充电站;充电站,011100,椒江区,0576,特来电汽车充电站(台州椒江区政府南面停车场充电站限时开放),"121.443150,28.672531",121.44315,28.672531,B0LA6XD56N,121.43875484256051,28.675501390765334
,海门街道育才路工商银行停车场,,330000,331002,浙江省,台州市,汽车服务;充电站;充电站,011100,椒江区,0576,特来电汽车充电站(椒江剧院充电场站),"121.444496,28.678314",121.444496,28.678314,B0LG3XGBP0,121.4401032204779,28.68128339697474
,东升街190-192号,,330000,331002,浙江省,台州市,汽车服务;汽车配件销售;汽车配件销售,010800,椒江区,0576,台州市椒江阿友轮胎店,"121.444567,28.681656",121.444567,28.681656,B0L6LS6Z1O,121.4401741082248,28.68462352908027
,海门街道老年公园,,330000,331002,浙江省,台州市,汽车服务;充电站;充电站,011100,椒江区,0576,特来电汽车充电站(台州椒江老年公园停车场充电站),"121.443535,28.670130",121.443535,28.67013,B0LUXLSI9N,121.43914083473997,28.67310249042628
,东平路1108号,,330000,331002,浙江省,台州市,汽车服务;汽车养护/装饰;汽车养护,010400,椒江区,0576,今夕汽车美容,"121.396547,28.668776",121.396547,28.668776,B0G0XAZ830,121.39210943355026,28.671712304171372
,繁荣家园,,330000,331002,浙江省,台州市,汽车服务;充电站;充电站,011100,椒江区,0576,中国石化汽车充电站(台州椒江繁荣家园),"121.393560,28.671032",121.39356,28.671032,B0L1VBBDY4,121.38912328691865,28.673967918801427
,东升街与新堂路交叉口西50米,,330000,331002,浙江省,台州市,汽车服务;汽车配件销售;汽车配件销售,010800,椒江区,0576,刚头轮胎商行,"121.447172,28.681525",121.447172,28.681525,B0FFFYZ1BT,121.44278484283184,28.68449752078022
,东升街35号,,330000,331002,浙江省,台州市,汽车服务;汽车养护/装饰;汽车养护,010400,椒江区,0576,益车之风美容会馆,"121.447557,28.681566",121.447557,28.681566,B0FFF4JRPL,121.4431707108078,28.684539244047752
,东升街与新堂路交叉口东南40米,,330000,331002,浙江省,台州市,汽车服务;汽车配件销售;汽车配件销售,010800,椒江区,0576,佳通轮胎,"121.447205,28.681516",121.447205,28.681516,B0FFLC679B,121.4428179179662,28.684488590062525
,城隍浦社区邻里中心停车场,,330000,331002,浙江省,台州市,汽车服务;充电站;充电站,011100,椒江区,0576,国家电网汽车充电站(浙江省台州市椒江区城隍浦社区充电站),"121.448260,28.680720",121.44826,28.68072,B0KRKN1E8T,121.44387538490786,28.68369513080747
,光明路251至253号,,330000,331002,浙江省,台州市,汽车服务;汽车养护/装饰;汽车养护,010400,椒江区,0576,东山汽车美容服务,"121.448119,28.681067",121.448119,28.681067,B02400TFB1,121.44373403343636,28.684041644756075
,建设路49号附近,,330000,331002,浙江省,台州市,汽车服务;充电站;充电站,011100,椒江区,0576,均悦充汽车充电站(台州建设新村北村),"121.446754,28.670275",121.446754,28.670275,B0JR07QGFB,121.44236679248728,28.67325338731071
,建设路93号(菜市场对面),,330000,331002,浙江省,台州市,汽车服务;汽车服务相关;汽车服务相关,010000,椒江区,0576,沃而德汽车服务中心(建设路店),"121.446599,28.668543",121.446599,28.668543,B0FFI1G642,121.44221158313783,28.671522104111034
,建设路99号,,330000,331002,浙江省,台州市,汽车服务;汽车配件销售;汽车配件销售,010800,椒江区,0576,固特异轮胎(建设路店),"121.447155,28.668110",121.447155,28.66811,B0IUHSPRD5,121.44276886355723,28.671090426902843
,建设路99号,,330000,331002,浙江省,台州市,汽车服务;汽车配件销售;汽车配件销售,010800,椒江区,0576,台州市椒江小丰轮胎店(旗舰店),"121.447149,28.668176",121.447149,28.668176,B024005QX8,121.44276284482767,28.671156376759836
,江滨路5号(中石化椒江江滨加油站隔壁),,330000,331002,浙江省,台州市,汽车服务;充电站;充电站,011100,椒江区,0576,中国石化汽车充电站(椒江江滨路海门库充电站),"121.450320,28.681900",121.45032,28.6819,B0L3U4GMV4,121.44594012287614,28.684878571035462
B024005Q1F,中山东路与光明路交叉口东约100米,,330000,331002,浙江省,台州市,汽车服务;汽车租赁;汽车租赁,010900,椒江区,0576,卿诺婚礼,"121.449465,28.679502",121.449465,28.679502,B0HKDR4RTS,121.44508328520725,28.682480266634105
,建设路与长岙路交叉口西北60米,,330000,331002,浙江省,台州市,汽车服务;汽车养护/装饰;汽车养护,010400,椒江区,0576,鼎尚VIP汽车会所,"121.446850,28.667843",121.44685,28.667843,B0JDDHXYY3,121.44246319932577,28.670822994411594
,海门街道椒江南门小区,,330000,331002,浙江省,台州市,汽车服务;充电站;充电站,011100,椒江区,0576,特来电汽车充电站(台州椒江太和山绿道停车场充电站),"121.449670,28.673450",121.44967,28.67345,B0LAYX0Q96,121.44528924586855,28.676432275000256
,东平路与富强路交叉口西北120米,,330000,331002,浙江省,台州市,汽车服务;汽车养护/装饰;汽车养护,010400,椒江区,0576,丑夫美车汽车贴膜,"121.390010,28.669931",121.39001,28.669931,B0L1GA9UE9,121.38557515972458,28.6728691606441
,海门街道江滨路5号,,330000,331002,浙江省,台州市,汽车服务;加油站;中国石化,010101,椒江区,0576,中国石化江滨加油站,"121.451474,28.682120",121.451474,28.68212,B02400SPF6,121.44709688950068,28.685100829255298
B0FFFE86H2,东山游乐园停车场,,330000,331002,浙江省,台州市,汽车服务;充电站;充电站,011100,椒江区,0576,特来电汽车充电站(台州椒江东山公园停车场充电站),"121.450870,28.680372",121.45087,28.680372,B0LRAP0G3X,121.44649156339447,28.683352619995617
,黄海公路986号,,330000,331002,浙江省,台州市,汽车服务;加气站;加气站,010300,椒江区,0576,台州燃气LPG加气站,"121.387590,28.673395",121.38759,28.673395,B0GUMS54DR,121.38315644141429,28.676332505111066
,葭沚街道东平路,,330000,331002,浙江省,台州市,汽车服务;充电站;充电站,011100,椒江区,0576,理想超级充电站(理想超充站台州椒江东平路),"121.389150,28.669493",121.38915,28.669493,B0LDTDVUUJ,121.38471571648812,28.672431881184774
,葭沚街道富强路275-279号,,330000,331002,浙江省,台州市,汽车服务;汽车养护/装饰;汽车养护,010400,椒江区,0576,梵星汽车美容,"121.390782,28.666322",121.390782,28.666322,B0JANANMO5,121.38634700693092,28.669261876532424
,葭沚街道东平路,,330000,331002,浙江省,台州市,汽车服务;充电站;充电站,011100,椒江区,0576,特来电汽车充电站(台州三合椒江东平路快充站),"121.389404,28.669240",121.389404,28.66924,B0LD9P0NBQ,121.38496957879282,28.672178889114083
,富强路273号,,330000,331002,浙江省,台州市,汽车服务;汽车租赁;汽车租赁,010900,椒江区,0576,壹品租车,"121.390793,28.666422",121.390793,28.666422,B0I295KW4C,121.3863579929442,28.66936181296672
B0LRFH7JFO,华东师范大学附属台州学校北侧停车场,,330000,331002,浙江省,台州市,汽车服务;充电站;充电站,011100,椒江区,0576,特来电汽车充电站(华师大附属台州学校北充电场站),"121.386690,28.681711",121.38669,28.681711,B0LANX0WO8,121.38225642930387,28.68464413039696
,青年路与戚继光路交叉口东北40米,,330000,331002,浙江省,台州市,汽车服务;汽车配件销售;汽车配件销售,010800,椒江区,0576,SAILUN轿车轮胎(青年路店),"121.452740,28.676238",121.45274,28.676238,B0FFMAD4SF,121.44836647018693,28.679225016874454
,海门街道外沙路老码头公园,,330000,331002,浙江省,台州市,汽车服务;充电站;充电站,011100,椒江区,0576,特来电汽车充电站(台州椒江老码头公园停车场充电站),"121.482020,28.670317",121.48202,28.670317,B0LRN7KZXS,121.47773411500042,28.673382330911892
,浙江省台州市椒江区台州市椒江前所船舶修造厂(前松线西) 椒江区前松线,,330000,331002,浙江省,台州市,汽车服务;充电站;充电站,011100,椒江区,0576,力氪汽车充电站(畅鑫运输有限公司充电站),"121.476098,28.691603",121.476098,28.691603,B0LUURK3BO,121.47179091195312,28.694638826982874
,台州天达环保建材有限公司东南侧210米,,330000,331002,浙江省,台州市,汽车服务;充电站;充电站,011100,椒江区,0576,力氪汽车充电站(椒江欧玮),"121.475530,28.691242",121.47553,28.691242,B0L2T94J98,121.47122110526846,28.69427647391411
,台州富京机械有限公司(前松线西),,330000,331002,浙江省,台州市,汽车服务;汽车配件销售;汽车配件销售|汽车维修;汽车维修;汽车维修,010800|030000,椒江区,0576,亿嘉轮胎店流动补胎换胎,"121.474470,28.691669",121.47447,28.691669,B0KATHNUR2,121.47015766779444,28.694700293223093
,海门街道疏港大道288号,,330000,331002,浙江省,台州市,汽车服务;汽车服务相关;汽车服务相关,010000,椒江区,0576,台州市椒江一新汽车服务有限公司,"121.465979,28.670521",121.465979,28.670521,B0LAN5NWPJ,121.46164212845092,28.67354248289652
,青年路海门天后宫北,,330000,331002,浙江省,台州市,汽车维修;汽车综合维修;汽车综合维修|汽车服务;汽车服务相关;汽车服务相关,030100|010000,椒江区,0576,老司机汽车修理厂,"121.455685,28.677843",121.455685,28.677843,B0FFKWKIO8,121.45131884159306,28.680835501289177
B0G1TLXRHY,台州湾大道777号,,330000,331002,浙江省,台州市,汽车服务;充电站;充电站,011100,椒江区,0576,国家电网汽车充电站(浙江省台州市集聚区动物园充电站),"121.534181,28.652027",121.534181,28.652027,B0HA957XMV,121.53007379270512,28.655253657011688
,章安街道谢洋村二居2号,,330000,331002,浙江省,台州市,汽车服务;汽车服务相关;汽车服务相关,010000,椒江区,0576,老杨网约车销售点,"121.455112,28.723259",121.455112,28.723259,B0KGC53767,121.45074077540207,28.726222008768254
,湖角村卫生室东侧,,330000,331002,浙江省,台州市,汽车服务;汽车配件销售;汽车配件销售,010800,椒江区,0576,邓禄普轮胎专卖店,"121.448348,28.730804",121.448348,28.730804,B0HBRP4LXV,121.44395963055943,28.733747899248588
,章安镇湖角村,,330000,331002,浙江省,台州市,汽车服务;汽车租赁;汽车租赁,010900,椒江区,0576,阿长婚车租赁,"121.449135,28.731012",121.449135,28.731012,B0H26X4OUQ,121.44474844235594,28.733957331909437
,前所街道北轮渡路与前杜路口50米,,330000,331002,浙江省,台州市,汽车维修;汽车综合维修;汽车综合维修|汽车服务;汽车养护/装饰;汽车养护,030100|010400,椒江区,0576,阿顺汽车修理厂,"121.448199,28.705767",121.448199,28.705767,B0IAZ5U6JV,121.4438122664951,28.708726652304566
,北轮渡路与前杜路交叉口西220米,,330000,331002,浙江省,台州市,汽车服务;汽车配件销售;汽车配件销售,010800,椒江区,0576,佳通轮胎,"121.446512,28.706338",121.446512,28.706338,B0J2LRW2GH,121.4421214037827,28.709294017655694
,章安街道杨司村152幢3号,,330000,331002,浙江省,台州市,汽车服务;汽车服务相关;汽车服务相关,010000,椒江区,0576,老杨定做改装,"121.440754,28.731114",121.440754,28.731114,B0KKFHI9J3,121.43634936426085,28.734043764708833
,前所街道椒北新村168号,,330000,331002,浙江省,台州市,汽车服务;汽车租赁;汽车租赁,010900,椒江区,0576,小敏汽车租赁,"121.447560,28.700937",121.44756,28.700937,B0KG45G75L,121.44317218763699,28.70389841582048
,前章路63号,,330000,331002,浙江省,台州市,汽车服务;汽车养护/装饰;汽车养护,010400,椒江区,0576,鑫君汽车养护,"121.445218,28.701271",121.445218,28.701271,B0FFKOI9LK,121.44082496043845,28.704227744823736
,前章路华山新村,,330000,331002,浙江省,台州市,汽车服务;汽车养护/装饰;汽车养护,010400,椒江区,0576,车友汽车装饰美容中心(华山街店),"121.445159,28.701301",121.445159,28.701301,B02400SIL0,121.44076583016657,28.704257616405148
,沿江路与北轮渡路交叉口西北80米,,330000,331002,浙江省,台州市,汽车服务;汽车配件销售;汽车配件销售,010800,椒江区,0576,威狮轮胎(沿江路店),"121.442579,28.702481",121.442579,28.702481,B0H1O1W2YT,121.43818029664216,28.705432213802315
,前章路与华山街交叉口东南60米,,330000,331002,浙江省,台州市,汽车服务;汽车配件销售;汽车配件销售,010800,椒江区,0576,朝阳轮胎,"121.445125,28.701325",121.445125,28.701325,B0LDC5TV7Y,121.44073175463424,28.704281538284135
,前所下浦,,330000,331002,浙江省,台州市,汽车服务;汽车服务相关;汽车服务相关|汽车维修;汽车维修;汽车维修,010000|030000,椒江区,0576,好运轮胎(沿江路店),"121.442232,28.702164",121.442232,28.702164,B0FFFDC2XV,121.43783261306044,28.705114803553332
,S225下浦幼儿园东侧约130米,,330000,331002,浙江省,台州市,汽车服务;洗车场;洗车场,010500,椒江区,0576,四条胎汽车美容,"121.440572,28.702918",121.440572,28.702918,B0HRHG05M8,121.43616923995904,28.70586549138415
,前所街道新建街42号(前所文化公园边),,330000,331002,浙江省,台州市,汽车服务;充电站;充电站,011100,椒江区,0576,中国石化汽车充电站(椒江前所文化公园充电站),"121.447080,28.698692",121.44708,28.698692,B0KKTBQRQ1,121.44269127957884,28.701653877648084
,前所街道横蒋村,,330000,331002,浙江省,台州市,汽车服务;加油站;中国石化,010101,椒江区,0576,中国石化椒江顺风加油站,"121.478003,28.726617",121.478003,28.726617,B0FFG7HQ1C,121.47369937950042,28.729636058343353
,前章路(新民小学西北侧约50米),,330000,331002,浙江省,台州市,汽车服务;加油站;中国石化,010101,椒江区,0576,中国石化台州椒江东路加油站,"121.436379,28.704148",121.436379,28.704148,B0240045R6,121.43196834895622,28.70708804167153
,垦荒大道1288号,,330000,331002,浙江省,台州市,汽车服务;加油站;中化道达尔,010112,椒江区,0576,中化道达尔前川加油站,"121.475855,28.706596",121.475855,28.706596,B0IRY5BHSW,121.4715459523454,28.7096218590655
,椒北大街与新建街交叉口东40米,,330000,331002,浙江省,台州市,汽车服务;汽车养护/装饰;汽车养护,010400,椒江区,0576,早安汽车美容中心,"121.445515,28.698441",121.445515,28.698441,B0FFINBDAJ,121.44112283032943,28.701400055941757
,前所街道办事处对面,,330000,331002,浙江省,台州市,汽车服务;汽车服务相关;汽车服务相关,010000,椒江区,0576,7号车库(前所店),"121.446533,28.698039",121.446533,28.698039,B0I6A724WV,121.44214310645734,28.70100023078853
,杜桥镇胜利村,,330000,331082,浙江省,台州市,汽车服务;汽车服务相关;汽车服务相关,010000,临海市,0576,临海市杜桥镇万顺叫车服务点(南大路店),"121.477566,28.728296",121.477566,28.728296,B0HKMZ7JEV,121.47326081660266,28.731312738681165
,前所街道外西村委会大楼,,330000,331002,浙江省,台州市,汽车服务;汽车养护/装饰;汽车养护|汽车服务;洗车场;洗车场|汽车维修;汽车维修;汽车维修,010400|010500|030000,椒江区,0576,车妈妈汽车美容(二桥店),"121.476909,28.707814",121.476909,28.707814,B0H1ZR7P6O,121.47260327614494,28.710842024742796
,椒北大街与新建街交叉口西40米,,330000,331002,浙江省,台州市,汽车服务;汽车养护/装饰;汽车养护|汽车服务;洗车场;洗车场,010400|010500,椒江区,0576,前所洗车店,"121.444781,28.698557",121.444781,28.698557,B0FFH23AOW,121.44038723136502,28.701514619909354
,007乡道与沿江路交叉口北260米,,330000,331002,浙江省,台州市,汽车服务;二手车交易;二手车交易,011000,椒江区,0576,阿新二手车,"121.433318,28.707014",121.433318,28.707014,B0LU6LOGG3,121.42890196610689,28.709947828132382
,胜利村顺丰速运旁边,,330000,331082,浙江省,台州市,汽车服务;汽车养护/装饰;汽车养护|汽车维修;汽车维修;汽车维修,010400|030000,临海市,0576,阳光轮胎汽车养护,"121.478575,28.729894",121.478575,28.729894,B0HKL5U1H3,121.47427300271535,28.732912533912835
,前所街道外西村站牌北面新房东灿,,330000,331002,浙江省,台州市,汽车服务;汽车服务相关;汽车服务相关,010000,椒江区,0576,车雅氏汽车养护馆,"121.479184,28.708739",121.479184,28.708739,B0FFKQVZL6,121.47488566670599,28.711772839531836
,前杜路与沿港路交叉口北100米,,330000,331002,浙江省,台州市,汽车服务;汽车服务相关;汽车服务相关,010000,椒江区,0576,长城尊龙润滑油,"121.448575,28.696375",121.448575,28.696375,B0L14N04HT,121.44418987595418,28.699341239475793
,前滨路40号,,330000,331002,浙江省,台州市,汽车服务;汽车养护/装饰;汽车养护,010400,椒江区,0576,鑫隆眼镜厂,"121.450436,28.695282",121.450436,28.695282,B0KGSDIG8D,121.44605534418734,28.698252674446778
,杜桥镇胜利村5-6,,330000,331082,浙江省,台州市,汽车服务;汽车养护/装饰;汽车养护|汽车服务;洗车场;洗车场|汽车维修;汽车维修;汽车维修,010400|010500|030000,临海市,0576,台州顺德汽服,"121.480520,28.733526",121.48052,28.733526,B0KDGUO0IL,121.47622416043558,28.736547673989346
,杜桥镇汾东村华贸园区内,,330000,331082,浙江省,台州市,汽车服务;充电站;充电站,011100,临海市,0576,云快充汽车充电站(绿群汽车超充电站),"121.480444,28.735020",121.480444,28.73502,B0KD0H1R77,121.47614779042526,28.738040474150587
,南大路与沿汾路交叉口西20米,,330000,331082,浙江省,台州市,汽车服务;充电站;充电站,011100,临海市,0576,绿群汽车充电站,"121.480508,28.734973",121.480508,28.734973,B0KDV7O29J,121.47621200724991,28.73799368772421
,杜桥互通与南大路交叉口东200米,,330000,331082,浙江省,台州市,汽车服务;洗车场;洗车场,010500,临海市,0576,小马洗车,"121.482079,28.733340",121.482079,28.73334,B0LGFDRG4B,121.47778839096254,28.736366264543996
,杜桥镇汾东村杜桥镇汾东村10-47号,,330000,331082,浙江省,台州市,汽车服务;加油站;中国石油,010102,临海市,0576,中国石油临海杜桥加油站(大汾站),"121.481876,28.736855",121.481876,28.736855,B0240045R5,121.4775844344047,28.739878364938143
,沿汾路与南大路交叉口东南220米,,330000,331082,浙江省,台州市,汽车服务;汽车服务相关;汽车服务相关,010000,临海市,0576,华锦眼镜脚套,"121.482464,28.733598",121.482464,28.733598,B0J2AC73X3,121.4781746656409,28.73662520409358
,杜桥镇汾东村10一53号(泰锋眼镜内1号楼),,330000,331082,浙江省,台州市,汽车服务;汽车养护/装饰;汽车养护|汽车服务;洗车场;洗车场|汽车维修;汽车综合维修;汽车综合维修,010400|010500|030100,临海市,0576,聚车汇汽车维修中心,"121.480507,28.737010",121.480507,28.73701,B0GDSHQKG6,121.47621084453526,28.74002934101468
,朝西村村民委员会西侧,,330000,331002,浙江省,台州市,汽车服务;二手车交易;二手车交易,011000,椒江区,0576,鑫悦二手车,"121.486588,28.711760",121.486588,28.71176,B0JU7DIK9Q,121.48231439011272,28.714813310247713
,南大路与沿海大道交叉口西北140米,,330000,331082,浙江省,台州市,汽车服务;汽车服务相关;汽车服务相关,010000,临海市,0576,金冷润滑油,"121.480521,28.737012",121.480521,28.737012,B0LGMUAZXV,121.47622489101575,28.740031379648578
,章前路58号,,330000,331002,浙江省,台州市,汽车服务;汽车养护/装饰;汽车养护|汽车服务;洗车场;洗车场|汽车维修;汽车维修;汽车维修,010400|010500|030000,椒江区,0576,赛宝利汽车美容会所,"121.422092,28.709012",121.422092,28.709012,B0FFFSXUYK,121.41766090775674,28.711931839064675
,安海路258号,,330000,331002,浙江省,台州市,汽车服务;充电站;充电站,011100,椒江区,0576,海螺货车商用大功率充电站,"121.471847,28.693270",121.471847,28.69327,B0LRBDLURN,121.46752623834611,28.69629318901527
,章安街道长汇村189号,,330000,331002,浙江省,台州市,汽车服务;汽车租赁;汽车租赁,010900,椒江区,0576,汇平汽车租赁服务部,"121.420869,28.725207",121.420869,28.725207,B0FFMDA3LI,121.41643538730136,28.72811542916421
,章安街道沿江东路48幢,,330000,331002,浙江省,台州市,汽车服务;汽车配件销售;汽车配件销售,010800,椒江区,0576,正新轮胎店(沿江路店),"121.421923,28.709486",121.421923,28.709486,B0FFL0XJBR,121.41749169500758,28.71240539080507
,陶家村175号,,330000,331002,浙江省,台州市,汽车服务;洗车场;洗车场|生活服务;生活服务场所;生活服务场所,010500|070000,椒江区,0576,陶家汽美座套脚垫,"121.491044,28.712970",121.491044,28.71297,B0HK5AIU86,121.48678569990032,28.71603572387974
,章安街道章安办事处停车场,,330000,331002,浙江省,台州市,汽车服务;充电站;充电站,011100,椒江区,0576,特来电汽车充电站(台州椒江章安街道办事处充电场站),"121.419930,28.706596",121.41993,28.706596,B0L1X1RY2N,121.4154969711682,28.709515549264868
,章安街道新堂街(办事处对面里停车场),,330000,331002,浙江省,台州市,汽车服务;充电站;充电站,011100,椒江区,0576,特来电汽车充电站(台州三合椒江章安充电站),"121.419950,28.706226",121.41995,28.706226,B0LUJ7BDGG,121.41551701913318,28.709145797417552
,沿汾路与保视路交叉口西北100米,,330000,331002,浙江省,台州市,汽车服务;汽车养护/装饰;汽车养护|汽车服务;洗车场;洗车场|汽车维修;汽车维修;汽车维修,010400|010500|030000,椒江区,0576,车网联盟一站式汽车服务,"121.492614,28.717079",121.492614,28.717079,B0G3JZ567P,121.48836085655489,28.720146787474697
,临海市滨海路1215号,,330000,331082,浙江省,台州市,汽车服务;汽车养护/装饰;汽车养护|汽车维修;汽车维修;汽车维修,010400|030000,临海市,0576,车亚汽修,"121.483691,28.740733",121.483691,28.740733,B0KDRA4QIY,121.47940525164704,28.743759037054787
,沿汾路与保视路交叉口西北60米,,330000,331002,浙江省,台州市,汽车服务;汽车养护/装饰;汽车养护,010400,椒江区,0576,途虎养车认证店(台州椒江区沿汾路店),"121.492785,28.716897",121.492785,28.716897,B0G33UXUHA,121.48853246845961,28.71996541495739
,杜桥镇大芬滨海路1215号,,330000,331082,浙江省,台州市,汽车服务;汽车养护/装饰;汽车养护,010400,临海市,0576,奔洋汽车美容养护中心,"121.483627,28.740719",121.483627,28.740719,B0KDLCPYV2,121.47934103597962,28.743744860748556
,章安街道章安消防站停车场,,330000,331002,浙江省,台州市,汽车服务;充电站;充电站,011100,椒江区,0576,特来电汽车充电站(椒江区章安街道沿江路充电场站),"121.417520,28.709934",121.41752,28.709934,B0LR0UM8YM,121.41308461958495,28.712849675283827
,建电路与沿汾路交叉口西140米,,330000,331002,浙江省,台州市,汽车服务;汽车服务相关;汽车服务相关,010000,椒江区,0576,奔宝,"121.492880,28.713999",121.49288,28.713999,B0K6LUJZ5W,121.48862802609227,28.717069547904195
,前所街道台州壹奇塑业有限公司名大眼镜有限公司,,330000,331002,浙江省,台州市,汽车服务;充电站;充电站,011100,椒江区,0576,特来电汽车充电站(台州椒江前所利民路名大眼镜充电站),"121.485847,28.697654",121.485847,28.697654,B0K227EE4G,121.48157195263461,28.70071397049133
,灯头路与沿海大道交叉口西300米,,330000,331082,浙江省,台州市,汽车服务;汽车服务相关;汽车服务相关,010000,临海市,0576,张星眼镜脚套,"121.485587,28.739611",121.485587,28.739611,B0JRTS1YRJ,121.48130778996118,28.74264330480592
,前所街道利民路139号,,330000,331002,浙江省,台州市,汽车服务;充电站;充电站,011100,椒江区,0576,云快充汽车充电站(浙江台州名大充电站),"121.485794,28.697547",121.485794,28.697547,B0L6YOO3CZ,121.4815187797939,28.700606881488877
,杜桥镇滨海西路1209号3-6室,,330000,331082,浙江省,台州市,汽车服务;汽车养护/装饰;汽车养护,010400,临海市,0576,曹师傅科学养车(汽车大灯维修·汽车大灯升级),"121.485347,28.742082",121.485347,28.742082,B0L1GUANDR,121.48106677741245,28.7451119607837
,沿江路与沿江西路交叉口东160米,,330000,331002,浙江省,台州市,汽车服务;汽车配件销售;汽车配件销售,010800,椒江区,0576,陈露汽配,"121.416054,28.708723",121.416054,28.708723,B02400U49R,121.41161759460562,28.711638490551987
,沿海大道与灯头路交叉口东北120米,,330000,331082,浙江省,台州市,汽车服务;汽车配件销售;汽车配件销售,010800,临海市,0576,浙永成汽车玻璃(沿海大道店),"121.489414,28.740501",121.489414,28.740501,B0FFLHZJNQ,121.48514789322138,28.743543985947394
,章安街道沿江路漫悦湾,,330000,331002,浙江省,台州市,汽车服务;充电站;充电站,011100,椒江区,0576,特来电汽车充电站(台州椒江章安漫悦湾充电站),"121.412470,28.708654",121.41247,28.708654,B0L0PZ04O3,121.40803133097305,28.711567622039986
,章安街道漫悦湾沿江西路47号,,330000,331002,浙江省,台州市,汽车服务;汽车养护/装饰;汽车养护,010400,椒江区,0576,小陈汽车装璜,"121.412375,28.708625",121.412375,28.708625,B0KKM19KVV,121.40793628224176,28.711538597527166
,,,330000,331002,浙江省,台州市,汽车服务;充电站;充电站,011100,椒江区,0576,特来电汽车充电站(台州椒江章安山前村充电站),"121.408268,28.721071",121.408268,28.721071,B0L6TP6XJE,121.4038265351491,28.723975204703862
,楼下村村委会北侧130米,,330000,331082,浙江省,台州市,汽车服务;二手车交易;二手车交易,011000,临海市,0576,宏建二手车,"121.493319,28.741511",121.493319,28.741511,B0G2OAFOB2,121.48906642107718,28.744564948471734
,沿江路与章梓路交叉口东60米,,330000,331002,浙江省,台州市,汽车服务;汽车配件销售;汽车配件销售|汽车维修;汽车维修;汽车维修,010800|030000,椒江区,0576,椒北顺利轮胎商行,"121.409131,28.709476",121.409131,28.709476,B02400TNSW,121.40469075365999,28.71238784313582
,杜桥镇沿海大道2-110,,330000,331082,浙江省,台州市,汽车服务;汽车服务相关;汽车服务相关,010000,临海市,0576,速提车(杜桥店),"121.493663,28.741735",121.493663,28.741735,B0LGFAPY8N,121.48941160844058,28.74478982905508
,杜桥镇横楼村1-146号,,330000,331082,浙江省,台州市,汽车服务;汽车服务相关;汽车服务相关,010000,临海市,0576,撩车汽车销售,"121.496142,28.743103",121.496142,28.743103,B0JGJR42GG,121.49189920647824,28.74616435406116
,章安街道回浦村椒北大街888号,,330000,331002,浙江省,台州市,汽车服务;汽车服务相关;汽车服务相关,010000,椒江区,0576,驱6车行,"121.407739,28.705524",121.407739,28.705524,B0J22CMO85,121.40329860838374,28.708437952271606
,杜南大道,,330000,331082,浙江省,台州市,汽车服务;二手车交易;二手车交易,011000,临海市,0576,瓜子二手车,"121.496018,28.742909",121.496018,28.742909,B0GRDDFUHA,121.49177478536403,28.745970110888425
,炳炬汽修东北门旁,,330000,331002,浙江省,台州市,汽车服务;汽车服务相关;汽车服务相关,010000,椒江区,0576,美孚1号车养护(台州椒北炳炬店),"121.404519,28.709324",121.404519,28.709324,B0KKHD3B7W,121.40007762686861,28.71223502012083
,章安街道建设村中元小区1006号,,330000,331002,浙江省,台州市,汽车服务;汽车养护/装饰;汽车养护|汽车维修;汽车维修;汽车维修,010400|030000,椒江区,0576,好运轮胎(中策车空间中元小区店),"121.402946,28.710140",121.402946,28.71014,B0FFHBOJGU,121.3985044234297,28.713050407479425
,杜桥镇横楼村1-81号(横楼菜市场对面),,330000,331082,浙江省,台州市,汽车服务;汽车养护/装饰;汽车养护,010400,临海市,0576,锦辉汽修美容装潢,"121.497471,28.745634",121.497471,28.745634,B0HASC79MV,121.49323268897788,28.74869765835376
,章安街道湖巉村358号,,330000,331002,浙江省,台州市,汽车服务;加油站;中国石油,010102,椒江区,0576,中国石油章安加油站,"121.401537,28.725540",121.401537,28.72554,B0FFG8WAG0,121.39709418170165,28.72844054978767
,章安街道建设村中元小区1006号,,330000,331002,浙江省,台州市,汽车服务;汽车配件销售;汽车配件销售|汽车维修;汽车维修;汽车维修,010800|030000,椒江区,0576,朱氏补轮胎,"121.403033,28.710145",121.403033,28.710145,B0FFFRGBD9,121.39859142739898,28.713055406842003
,杜桥镇横楼村3-68号,,330000,331082,浙江省,台州市,汽车服务;汽车养护/装饰;汽车养护,010400,临海市,0576,车博士汽车装饰,"121.498736,28.744261",121.498736,28.744261,B0FFFRXFXA,121.49450225525244,28.74732938346021
,杜桥镇杜南大道横楼村2-35,,330000,331082,浙江省,台州市,汽车服务;汽车服务相关;汽车服务相关|汽车销售;汽车销售;汽车销售,010000|020000,临海市,0576,泓顺汽贸,"121.499142,28.744058",121.499142,28.744058,B0FFI70E45,121.4949097031459,28.747127741293568
,杜南大道金榜幼儿园西北侧50米,,330000,331082,浙江省,台州市,汽车服务;汽车配件销售;汽车配件销售,010800,临海市,0576,朝阳轮胎(杜南大道店),"121.500958,28.742233",121.500958,28.742233,B0FFMC13LT,121.49673225330457,28.74530942616434
,建电路东南侧,,330000,331002,浙江省,台州市,汽车服务;汽车养护/装饰;汽车养护,010400,椒江区,0576,礁贝洗车场,"121.508538,28.721498",121.508538,28.721498,B0GKM6MNFD,121.50434054421073,28.72461075259483
,前所街道王瞧村59号,,330000,331002,浙江省,台州市,汽车服务;汽车服务相关;汽车服务相关,010000,椒江区,0576,年喜轮胎店,"121.509205,28.722267",121.509205,28.722267,B0FFJYA3WG,121.50500981923201,28.725381242993745
,章安街道中元小区,,330000,331002,浙江省,台州市,汽车服务;充电站;充电站,011100,椒江区,0576,蔚景云汽车充电站(爱优电动汽车台北农家菜馆充电站),"121.400085,28.710641",121.400085,28.710641,B0G1RBZ3B5,121.3956434537968,28.713551192665115
,章安街道台北农家菜馆中元小区,,330000,331002,浙江省,台州市,汽车服务;充电站;充电站,011100,椒江区,0576,蔚景云汽车充电站(爱优电动汽车台北农家菜馆充电东站),"121.400085,28.710642",121.400085,28.710642,B0JARL44Y3,121.3956434537173,28.71355219203246
,章安街道建设中元小区3002号,,330000,331002,浙江省,台州市,汽车服务;充电站;充电站|餐饮服务;餐饮相关场所;餐饮相关,011100|050000,椒江区,0576,台北农家菜馆(爱优电动汽车超级充电站),"121.400112,28.710362",121.400112,28.710362,B0FFI8ZLCK,121.39567047338188,28.71327236649978
,章安街道柏加王村1085号,,330000,331002,浙江省,台州市,汽车服务;加油站;中国石化,010101,椒江区,0576,中国石化黄礁加油站,"121.393501,28.710957",121.393501,28.710957,B02400TO47,121.3890611410624,28.713868568965218
,台州宁兴特钢贸易有限公司,,330000,331002,浙江省,台州市,汽车服务;充电站;充电站,011100,椒江区,0576,力氪汽车充电站(浙江诺特重卡充电站),"121.508759,28.692875",121.508759,28.692875,B0LDGCC21T,121.50456452942517,28.696006411865067
B02400TO47,章安街道柏加王村1085号中国石化黄礁加油站,,330000,331002,浙江省,台州市,汽车服务;汽车服务相关;汽车服务相关,010000,椒江区,0576,台州椒江黄礁易捷养车洗车店,"121.393705,28.710874",121.393705,28.710874,B0LBZHOJIE,121.38926506273685,28.713785545104223
,章安街道柏加王村小将轮胎店,,330000,331002,浙江省,台州市,汽车服务;汽车配件销售;汽车配件销售,010800,椒江区,0576,金宇轮胎小将轮胎店,"121.391896,28.711038",121.391896,28.711038,B0LU99DBIA,121.38745687249458,28.713950179032505
,中国石化黄礁加油站西侧150米,,330000,331002,浙江省,台州市,汽车服务;汽车配件销售;汽车配件销售,010800,椒江区,0576,海大轮胎,"121.391975,28.711175",121.391975,28.711175,B0L3ASTI8E,121.38753582240678,28.714087057245845
,东海第四大道61号,,330000,331082,浙江省,台州市,公司企业;公司;公司|汽车服务;汽车服务相关;汽车服务相关,170200|010000,临海市,0576,台州市繁林车辆配件有限公司,"121.598464,28.713857",121.598464,28.713857,B0FFKJ9PVN,121.59446165928667,28.717132995515016
,南洋七路与东海第四大道交叉口北120米,,330000,331082,浙江省,台州市,汽车服务;汽车配件销售;汽车配件销售,010800,临海市,0576,浙江俊宇汽车零部件有限公司,"121.591017,28.712704",121.591017,28.712704,B0LANRXUV9,121.58701211757447,28.715979762159517
,上盘镇甲石头村228国道旁,,330000,331082,浙江省,台州市,汽车服务;加油站;加油站,010100,临海市,0576,浙江石油甲石头综合供能服务加油站,"121.601638,28.733002",121.601638,28.733002,B0IDA71FO1,121.59763450773026,28.736265285049132
,1号路与2号路交叉口东南300米,,330000,331082,浙江省,台州市,汽车服务;汽车服务相关;汽车服务相关,010000,临海市,0576,油泵油嘴服务部,"121.614032,28.730898",121.614032,28.730898,B0LR37EDH7,121.61002529518522,28.734157310331437
,东海第三大道,,330000,331082,浙江省,台州市,汽车服务;汽车服务相关;汽车服务相关,010000,临海市,0576,临海市诚信挖机修理厂,"121.623957,28.721004",121.623957,28.721004,B0GU6HA8PV,121.61994353172449,28.724261116230632
,东海第三大道与沙达路交叉口东320米,,330000,331082,浙江省,台州市,汽车服务;汽车服务相关;汽车服务相关,010000,临海市,0576,三一挖掘机,"121.623697,28.721139",121.623697,28.721139,B0KKG7AZZ8,121.61968376827636,28.724396300129207
,上盘边防派出所北溪68m,,330000,331082,浙江省,台州市,汽车服务;充电站;充电站,011100,临海市,0576,云快充超级充电站(上盘联强充电站),"121.607691,28.743780",121.607691,28.74378,B0LAXX4NMO,121.60368592578183,28.747034322547403
,银山街与228国道交叉口西260米,,330000,331082,浙江省,台州市,汽车服务;汽车养护/装饰;汽车养护,010400,临海市,0576,HANKOOK,"121.604217,28.744093",121.604217,28.744093,B0L0HZQ2TQ,121.60021255313094,28.747348349704637
,杜桥镇南工业城东海第二大道29号,,330000,331082,浙江省,台州市,汽车服务;汽车养护/装饰;汽车养护|汽车服务;洗车场;洗车场|汽车维修;汽车维修;汽车维修,010400|010500|030000,临海市,0576,临海市德臻汽车维修中心,"121.553870,28.710798",121.55387,28.710798,B0LRDA54FW,121.54981132011834,28.71403345500043
,杜桥镇南洋2路6号,,330000,331082,浙江省,台州市,汽车服务;充电站;充电站,011100,临海市,0576,清悦·酒店(台州临海杜桥店),"121.551859,28.709632",121.551859,28.709632,B0J2OAJLH0,121.54779566512842,28.712864303445652
B0FFL9K80T,杜桥镇南洋二路路商生活广场2幢111号,,330000,331082,浙江省,台州市,汽车服务;汽车服务相关;汽车服务相关,010000,临海市,0576,小姆子2号店,"121.553054,28.709461",121.553054,28.709461,B0IA1HUYM9,121.54899351717373,28.712695740630586
,康居路与滨海第一大道交叉口东南80米,,330000,331082,浙江省,台州市,汽车服务;汽车养护/装饰;汽车养护|汽车服务;洗车场;洗车场|汽车维修;汽车维修;汽车维修,010400|010500|030000,临海市,0576,车工匠,"121.636746,28.726566",121.636746,28.726566,B0I199X5GZ,121.63271703993655,28.72980354291271
,上盘镇康居路49号,,330000,331082,浙江省,台州市,汽车服务;充电站;充电站,011100,临海市,0576,小桔充电汽车充电站(临海头门社区充电站),"121.638790,28.725910",121.63879,28.72591,B0L356D04P,121.63475820072551,28.729144980840946
,024乡道与新湖一路(闸头)交叉口西南160米,,330000,331082,浙江省,台州市,生活服务;维修站点;维修站点|汽车服务;汽车服务相关;汽车服务相关,071200|010000,临海市,0576,奔宝电动车维修,"121.549819,28.726971",121.549819,28.726971,B0J2D5X1S5,121.54574936417514,28.730188089119274
,地面停车场,,330000,331082,浙江省,台州市,汽车服务;充电站;充电站,011100,临海市,0576,特来电汽车充电站(特来电台州临海市头门港海望家园1号充电站),"121.639160,28.727464",121.63916,28.727464,B0JGDRNSHT,121.63512754735507,28.730697418136863
,228国道南侧,,330000,331082,浙江省,台州市,汽车服务;加油站;中国石油,010102,临海市,0576,中国石油台州中胜四份加油站,"121.546771,28.714696",121.546771,28.714696,B0K6KU32K4,121.54269454880279,28.717914592841414
,湾经济技术开发区海望家园94-5-6号,,330000,331082,浙江省,台州市,汽车服务;汽车养护/装饰;汽车养护|汽车服务;洗车场;洗车场|汽车维修;汽车维修;汽车维修,010400|010500|030000,临海市,0576,V车之家快修保养,"121.641323,28.726289",121.641323,28.726289,B0K1A7WE0N,121.6372874327776,28.729519886749383
,市场监督管理局头门港分局南滨海第一大道东,,330000,331082,浙江省,台州市,汽车服务;汽车服务相关;汽车服务相关,010000,临海市,0576,临海市路安汽车检测有限公司,"121.636245,28.740200",121.636245,28.7402,B0JK7AN3J4,121.63221569553822,28.743429298755704
,康居路与吉祥路交叉口西60米,,330000,331082,浙江省,台州市,汽车服务;汽车服务相关;汽车服务相关,010000,临海市,0576,车之家,"121.641494,28.726365",121.641494,28.726365,B0K1MLFQIM,121.63745816851859,28.729595572074604
,北洋十路5号东门,,330000,331082,浙江省,台州市,汽车服务;汽车配件销售;汽车配件销售,010800,临海市,0576,台州孚陆汽车配件有限公司,"121.639237,28.734581",121.639237,28.734581,B0G2VCKOYM,121.63520389533389,28.737809642983837
,工业大道与双屿路交叉口西280米,,330000,331082,浙江省,台州市,汽车服务;汽车配件销售;汽车配件销售,010800,临海市,0576,杰诚联合汽车配件有限公司,"121.640279,28.732330",121.640279,28.73233,B0JGKOU479,121.63624453602003,28.73555854700078
,周路1-127号,,330000,331082,浙江省,台州市,汽车服务;汽车养护/装饰;汽车养护,010400,临海市,0576,灵鹏汽车美容,"121.544217,28.723321",121.544217,28.723321,B0LB16TOOE,121.54013312490795,28.726528447333454
,上盘镇头门港大道金色悦府308,,330000,331082,浙江省,台州市,汽车服务;汽车配件销售;汽车配件销售,010800,临海市,0576,头门港通顺轮胎,"121.644175,28.728892",121.644175,28.728892,B0KKCCN264,121.64013482906553,28.73211668071033
,头门港新区头门大道,,330000,331082,浙江省,台州市,汽车服务;汽车服务相关;汽车服务相关,010000,临海市,0576,骆驼蓄电池(汽车电路电瓶空调维修),"121.644328,28.729089",121.644328,28.729089,B0K3AU9V1Z,121.64028757220073,28.73231330509021
,头门大道328号,,330000,331082,浙江省,台州市,汽车服务;汽车配件销售;汽车配件销售,010800,临海市,0576,临海市聚丰汽车配件经营部,"121.644854,28.728891",121.644854,28.728891,B0HA2DSALE,121.64081275148823,28.732114581190878
,金色悦府北门322-326号,,330000,331082,浙江省,台州市,汽车服务;汽车服务相关;汽车服务相关,010000,临海市,0576,华运通轮胎店,"121.644783,28.728870",121.644783,28.72887,B0J11SAB3K,121.64074186626483,28.732093710387176
,杜桥镇戴家村5-79,,330000,331082,浙江省,台州市,汽车服务;汽车养护/装饰;汽车养护|汽车服务;洗车场;洗车场|汽车维修;汽车维修;汽车维修,010400|010500|030000,临海市,0576,领驰汽车维修养护中心,"121.537537,28.721523",121.537537,28.721523,B0LAPRKU12,121.53343447032302,28.724715946915637
,川南乡戴家村5-71号,,330000,331082,浙江省,台州市,汽车服务;汽车养护/装饰;汽车养护,010400,临海市,0576,小灰灰汽车美容,"121.538244,28.722102",121.538244,28.722102,B0LGBS016E,121.53414348575252,28.725296295306972
,杜桥镇杜下浦红绿灯朝阳轮胎,,330000,331082,浙江省,台州市,汽车服务;汽车配件销售;汽车配件销售|汽车维修;汽车维修;汽车维修,010800|030000,临海市,0576,朝阳轮胎,"121.537210,28.713096",121.53721,28.713096,B0FFI6K2M5,121.53310715636513,28.716293539570025
,228国道与杜川路交叉口西南20米,,330000,331082,浙江省,台州市,汽车服务;汽车服务相关;汽车服务相关,010000,临海市,0576,中策车空间,"121.537074,28.713216",121.537074,28.713216,B0I3FLXDX8,121.53297074778673,28.71641312914895
,上盘镇浙江头门港投资开发有限公司,,330000,331082,浙江省,台州市,汽车服务;充电站;充电站,011100,临海市,0576,特来电目的地充电站(浙江头门港投资开发有限公司停车场充电站),"121.649060,28.735851",121.64906,28.735851,B0LRX5YVKH,121.64501132279325,28.73906299421816
,杜川路与228国道交叉口北260米,,330000,331082,浙江省,台州市,汽车服务;汽车养护/装饰;汽车养护,010400,临海市,0576,吾行养车,"121.536725,28.715675",121.536725,28.715675,B0L1CL65FI,121.53262053222639,28.718869702912134
,杜川路与228国道交叉口北240米,,330000,331082,浙江省,台州市,汽车服务;洗车场;洗车场|汽车服务;汽车养护/装饰;汽车养护,010500|010400,临海市,0576,正鑫汽车洗美坊,"121.536675,28.715625",121.536675,28.715625,B0LBO1AE1H,121.53257038851132,28.71881961134675
,杜川路与228国道交叉口北260米,,330000,331082,浙江省,台州市,汽车服务;汽车服务相关;汽车服务相关,010000,临海市,0576,圣保路润滑油(杜川路店),"121.536685,28.715746",121.536685,28.715746,B0LRHA7RTX,121.53258040877587,28.718940558811067
,杜川路戴家村老闸桥旁边,,330000,331082,浙江省,台州市,汽车服务;洗车场;洗车场,010500,临海市,0576,天宇洗车,"121.532622,28.726089",121.532622,28.726089,B0JULAH4GQ,121.52850437730243,28.729266636222555
,上盘北洋吉利大道207号,,330000,331082,浙江省,台州市,汽车服务;汽车养护/装饰;汽车养护|汽车维修;汽车维修;汽车维修,010400|030000,临海市,0576,韩泰轮胎卡客车轮胎,"121.650777,28.742308",121.650777,28.742308,B0KRNB851Y,121.64672491315436,28.74551275359708
,戴家村村民委员会西北侧180米,,330000,331082,浙江省,台州市,汽车服务;汽车服务相关;汽车服务相关,010000,临海市,0576,奥博,"121.532261,28.726850",121.532261,28.72685,B0L3ASRO6L,121.52814220824462,28.730026208744963
,杜桥镇杜川路川南小学东40米,,330000,331082,浙江省,台州市,汽车服务;汽车服务相关;汽车服务相关,010000,临海市,0576,铭车汇汽车维修中心,"121.529973,28.730566",121.529973,28.730566,B0GRPNKD2Q,121.52584680061143,28.733733796690007
,杜川路与建电路交叉口东南380米,,330000,331082,浙江省,台州市,汽车服务;汽车配件销售;汽车配件销售,010800,临海市,0576,全诺轮胎,"121.530073,28.730523",121.530073,28.730523,B0LGTX0JU4,121.52594711813931,28.733691089211774
,淡竹乡大源村沙湾78号,,330000,331082,浙江省,台州市,汽车服务;充电站;充电站,011100,临海市,0576,蔚景云汽车充电站(仙居县淡水充电站)(暂停营业),"121.631000,28.719300",121.631,28.7193,B0K3Y1CN8M,121.62697903982844,28.722550029032213
,杜桥镇章溪线,,330000,331082,浙江省,台州市,汽车服务;充电站;充电站,011100,临海市,0576,蔚景云汽车充电站(临海章溪线金家大院停车场充电站),"121.412330,28.761690",121.41233,28.76169,B0KKGK7SSQ,121.40788703685342,28.76456863633183
,南大路西50米,,330000,331082,浙江省,台州市,汽车服务;汽车配件销售;汽车配件销售,010800,临海市,0576,小奚轮胎店,"121.483188,28.746380",121.483188,28.74638,B0FFFXUFPD,121.47890010834963,28.74940081077635
,杜桥镇松中村,,330000,331082,浙江省,台州市,汽车服务;汽车配件销售;汽车配件销售,010800,临海市,0576,福耀汽车玻璃,"121.483159,28.746443",121.483159,28.746443,B0H33HUSWT,121.47887100543032,28.749463684634758
,小奚轮胎店西南侧,,330000,331082,浙江省,台州市,汽车服务;汽车配件销售;汽车配件销售,010800,临海市,0576,全诺轮胎,"121.483138,28.746347",121.483138,28.746347,B0LAX73OZS,121.47884994198483,28.749367688225544
,百和陶瓷(75省道北),,330000,331082,浙江省,台州市,汽车服务;汽车配件销售;汽车配件销售,010800,临海市,0576,三角轮胎(南大路店),"121.485741,28.750121",121.485741,28.750121,B0FFLGIXQT,121.4814614953815,28.753146726818592
,松中村1-153号,,330000,331082,浙江省,台州市,汽车服务;汽车服务相关;汽车服务相关,010000,临海市,0576,福建双利汽车用品,"121.485845,28.749655",121.485845,28.749655,B0FFJ2N49D,121.48156588744538,28.752681345204408
,杜桥镇杜南大道松山公园,,330000,331082,浙江省,台州市,汽车服务;充电站;充电站,011100,临海市,0576,特来电汽车充电站(台州临海杜桥镇松山公园停车场充电站),"121.486824,28.756763",121.486824,28.756763,B0L0GC3XWX,121.48254768775834,28.759787404454404
,南大路与杜南大道交叉口西南280米,,330000,331082,浙江省,台州市,汽车服务;二手车交易;二手车交易,011000,临海市,0576,本地人二手市场,"121.488025,28.752075",121.488025,28.752075,B0LBD9YR27,121.48375318768382,28.755106120952497
,南大路与杜南大道交叉口西南200米,,330000,331082,浙江省,台州市,汽车服务;汽车配件销售;汽车配件销售,010800,临海市,0576,临海市王德普轮胎店,"121.488569,28.752157",121.488569,28.752157,B0H33HTIFK,121.48429905963003,28.755189672415174
,杜桥镇杜前路85号倍耐力轮胎店,,330000,331082,浙江省,台州市,汽车服务;汽车配件销售;汽车配件销售,010800,临海市,0576,"倍耐力轮胎店(轮胎,保养,美容)","121.488663,28.752101",121.488663,28.752101,B0H25RN1VA,121.48439338892396,28.755133988219736
,南大路与杜南大道交叉口西南200米,,330000,331082,浙江省,台州市,汽车服务;汽车养护/装饰;汽车养护,010400,临海市,0576,阿特拉斯轮胎,"121.488621,28.752069",121.488621,28.752069,B0G0RZCWVJ,121.48435124622952,28.755101885649346
,杜桥镇松中村2-125号,,330000,331082,浙江省,台州市,汽车服务;汽车租赁;汽车租赁,010900,临海市,0576,临茂汽车租赁(豪派深度养护杜桥店),"121.489075,28.749856",121.489075,28.749856,B0J2XCNAVT,121.48480698941364,28.752891722476335
,杜川路与新兴路交叉口东南40米,,330000,331082,浙江省,台州市,汽车服务;汽车配件销售;汽车配件销售,010800,临海市,0576,韩泰轮胎(杜川路店),"121.506091,28.752376",121.506091,28.752376,B0FFLLE2MO,121.50188256433782,28.755461041460357
,杜桥镇杜川路2-1号,,330000,331082,浙江省,台州市,汽车服务;汽车服务相关;汽车服务相关,010000,临海市,0576,台州网约车司机服务中心(杜桥镇杜川路店),"121.505946,28.752561",121.505946,28.752561,B0KAYC27D1,121.50173703987261,28.755645481956154
,杜桥镇杜川路649号,,330000,331082,浙江省,台州市,汽车服务;充电站;充电站,011100,临海市,0576,特来电汽车充电站(特来电台州临海杜桥龙浦湖公园充电站),"121.506350,28.753570",121.50635,28.75357,B0J2TPV10P,121.50214238279894,28.756655008944193
,杜桥镇下八年村新兴路1-141号,,330000,331082,浙江省,台州市,汽车服务;汽车养护/装饰;汽车养护,010400,临海市,0576,车美饰汽车美容会所,"121.504725,28.751815",121.504725,28.751815,B0FFLA3HA8,121.5005117984493,28.754896324625467
,新兴路与杜川路交叉口西南180米,,330000,331082,浙江省,台州市,汽车服务;汽车服务相关;汽车服务相关,010000,临海市,0576,佳豪眼镜脚套,"121.504136,28.751838",121.504136,28.751838,B0KRKD9A3L,121.49992072080347,28.75491754052806
,新兴路与杜川路交叉口西南220米,,330000,331082,浙江省,台州市,汽车服务;汽车服务相关;汽车服务相关,010000,临海市,0576,指南针豪车,"121.503926,28.751380",121.503926,28.75138,B0J14PVKJI,121.49971001594017,28.75445921905042
,下八年杜上线与杜川路交叉口东260米,,330000,331082,浙江省,台州市,汽车服务;汽车租赁;汽车租赁,010900,临海市,0576,临海市晓莉叉车租赁服务部,"121.511351,28.750690",121.511351,28.75069,B0JU1ALCXK,121.50716110973244,28.75379184553258
,环城东路411号,,330000,331082,浙江省,台州市,汽车服务;汽车养护/装饰;汽车养护,010400,临海市,0576,爱车汽车美容养护中心,"121.510500,28.755495",121.5105,28.755495,B0IUPCNCC7,121.50630677349471,28.758591072832267
,沿海大道14号,,330000,331082,浙江省,台州市,汽车服务;洗车场;洗车场,010500,临海市,0576,自助洗车,"121.503322,28.747458",121.503322,28.747458,B0J0NUCLPP,121.49910419000669,28.750538044599
,杜桥镇富沈村5-65号,,330000,331082,浙江省,台州市,汽车服务;汽车配件销售;汽车配件销售,010800,临海市,0576,广东小李汽车用品,"121.500178,28.749586",121.500178,28.749586,B0FFL4D6YP,121.49594892950788,28.75265515263712
,百岁老年公寓对面,,330000,331082,浙江省,台州市,汽车服务;洗车场;洗车场,010500,临海市,0576,洗刷刷自助洗车(风火轮杜桥站),"121.501225,28.757875",121.501225,28.757875,B0L0NCS0MZ,121.49699898152151,28.760941688414636
,富南路税务大楼(吉祥路)南侧约200米,,330000,331082,浙江省,台州市,汽车服务;汽车养护/装饰;汽车养护,010400,临海市,0576,御车坊汽车美容服务,"121.502358,28.758468",121.502358,28.758468,B0HBORM05A,121.49813593462476,28.761537693766165
,杜桥镇富南路188号,,330000,331082,浙江省,台州市,汽车服务;汽车配件销售;汽车配件销售,010800,临海市,0576,临海市杜桥武军轮胎服务中心,"121.503372,28.759022",121.503372,28.759022,B0FFHQXPAD,121.49915346946018,28.76209436517021
,富南路113-115号,,330000,331082,浙江省,台州市,汽车服务;汽车租赁;汽车租赁,010900,临海市,0576,嘉贝豪车,"121.504020,28.759197",121.50402,28.759197,B0H1D7P001,121.49980374119404,28.762271192998604
,环城东路与新兴路交叉口西北180米,,330000,331082,浙江省,台州市,汽车服务;汽车养护/装饰;汽车养护|汽车服务;洗车场;洗车场|汽车维修;汽车维修;汽车维修,010400|010500|030000,临海市,0576,浪头汽修,"121.512088,28.758248",121.512088,28.758248,B0JDXZH84W,121.50790008752318,28.761346895784087
,杜桥镇吉祥路停车场,,330000,331082,浙江省,台州市,汽车服务;充电站;充电站,011100,临海市,0576,速电新能源汽车快充站,"121.503210,28.759200",121.50321,28.7592,B0I3153YK1,121.49899088417028,28.762271756608552
,杜桥镇富洋村富南路410号,,330000,331082,浙江省,台州市,汽车服务;充电站;充电站,011100,临海市,0576,云快充超级充电站(绿群汽车液冷超充杜桥宝龙站),"121.498940,28.755777",121.49894,28.755777,B0KKUR4URU,121.49470608005869,28.75883823693166
,杜桥镇滨海路619号,,330000,331082,浙江省,台州市,汽车服务;充电站;充电站,011100,临海市,0576,国家电网汽车充电站(浙江省临海市杜桥镇滨海路充电站),"121.497929,28.751398",121.497929,28.751398,B0IBO5GACJ,121.4936918550719,28.75445916048668
,富南路323号,,330000,331082,浙江省,台州市,汽车服务;洗车场;洗车场,010500,临海市,0576,绿群24小时自助洗车,"121.498732,28.755535",121.498732,28.755535,B0L6FAVG5J,121.49449736513156,28.758595775220698
,环城东路与杜上线交叉口西北60米,,330000,331082,浙江省,台州市,汽车服务;汽车配件销售;汽车配件销售,010800,临海市,0576,亦龙轮胎(轿车补胎)补胎换胎修胎,"121.515712,28.753973",121.515712,28.753973,B0JKXRQEQD,121.51153692677948,28.757085421192123
,滨海路619号,,330000,331082,浙江省,台州市,汽车服务;充电站;充电站,011100,临海市,0576,国家电网汽车充电站(台州市临海市杜桥镇滨海路停车场公共充电站),"121.497430,28.751324",121.49743,28.751324,B0K6ALRG3C,121.49319110217435,28.754383709166714
,杜桥镇滨海路623号国威大厦,,330000,331082,浙江省,台州市,汽车服务;充电站;充电站,011100,临海市,0576,星星充电汽车充电站(国威大厦),"121.497553,28.751294",121.497553,28.751294,B0IADDV79B,121.49331453792652,28.75435409943363
,杜桥镇站东路78-80号,,330000,331082,浙江省,台州市,汽车服务;汽车服务相关;汽车服务相关,010000,临海市,0576,快准车服(杜桥站),"121.497096,28.753197",121.497096,28.753197,B0FFL43PNM,121.49285577986524,28.756254438208114
,水洋路57号,,330000,331082,浙江省,台州市,汽车服务;汽车租赁;汽车租赁,010900,临海市,0576,小蔡汽车租赁,"121.496933,28.752848",121.496933,28.752848,B0FFKXGR4M,121.49269223290788,28.75590518427551
,杜桥镇新兴路5-81号附近,,330000,331082,浙江省,台州市,汽车服务;汽车配件销售;汽车配件销售|汽车维修;汽车维修;汽车维修,010800|030000,临海市,0576,上官汽配汽修,"121.497832,28.748324",121.497832,28.748324,B0FFHEYTIV,121.4935947520943,28.751386939744194
,杜桥镇站东路40号,,330000,331082,浙江省,台州市,汽车服务;汽车养护/装饰;汽车养护,010400,临海市,0576,杜桥保镖(BOP)贴膜旗舰店,"121.496133,28.754599",121.496133,28.754599,B0LU1HFKX4,121.49188928061437,28.757652593225316
,富南路377号红色门头悦腾养车,,330000,331082,浙江省,台州市,汽车服务;汽车养护/装饰;汽车养护,010400,临海市,0576,悦腾养车(杜桥旗舰店),"121.496010,28.754296",121.49601,28.754296,B0KR0NHBEJ,121.49176587146367,28.757349429198854
,后地村3-130,,330000,331082,浙江省,台州市,汽车服务;汽车服务相关;汽车服务相关,010000,临海市,0576,正统蓄电池服务部,"121.517931,28.753966",121.517931,28.753966,B0FFKON18C,121.51376350064183,28.757084846451505
,杜桥镇杜南大道新兴路交叉路口,,330000,331082,浙江省,台州市,汽车服务;汽车服务相关;汽车服务相关,010000,临海市,0576,小姆子汽车美容养护中心,"121.496936,28.747802",121.496936,28.747802,B0FFIIUQGV,121.49269563585871,28.750862595373622
,站东路与富南路交叉口西北40米,,330000,331082,浙江省,台州市,汽车服务;汽车养护/装饰;汽车养护,010400,临海市,0576,凇凇保镖贴膜,"121.495975,28.754775",121.495975,28.754775,B0L309MQM2,121.4917307110756,28.757827999122977
,富南路377号从东到西第四间,,330000,331082,浙江省,台州市,汽车服务;汽车服务相关;汽车服务相关,010000,临海市,0576,KICKS劲氪膜垫工场(杜桥店),"121.496010,28.754296",121.49601,28.754296,B0LAXC1GXJ,121.49176587146367,28.757349429198854
,富南路与站东路交叉口西20米,,330000,331082,浙江省,台州市,汽车服务;二手车交易;二手车交易,011000,临海市,0576,椒江全世界二手车行,"121.496063,28.754547",121.496063,28.754547,B0JK94CCO4,121.491819038385,28.757600418187415
,富南路与站东路交叉口西南60米,,330000,331082,浙江省,台州市,汽车服务;汽车服务相关;汽车服务相关,010000,临海市,0576,宏一车贷,"121.495831,28.754209",121.495831,28.754209,B0L3ASUMPW,121.4915862486264,28.75726195049407
,杜桥镇富南路387号,,330000,331082,浙江省,台州市,汽车服务;汽车租赁;汽车租赁,010900,临海市,0576,art豪车租赁,"121.495341,28.753898",121.495341,28.753898,B0I3LMYBVZ,121.49109455015463,28.756949689990375
,杜南大道与新兴路交叉路口,,330000,331082,浙江省,台州市,汽车服务;汽车养护/装饰;汽车养护|购物服务;购物相关场所;购物相关场所,010400|060000,临海市,0576,群音汇汽车养护,"121.496895,28.747293",121.496895,28.747293,B0FFG0GF6W,121.49265453105383,28.750353813863388
,杜桥镇富南路490号,,330000,331082,浙江省,台州市,汽车服务;汽车养护/装饰;汽车养护,010400,临海市,0576,益东汽车用品批发,"121.495226,28.754042",121.495226,28.754042,B0FFK0UN4H,121.49097913483165,28.75709324720802
,富南路与站东路交叉口西南100米,,330000,331082,浙江省,台州市,汽车服务;二手车交易;二手车交易,011000,临海市,0576,新车二手车销售,"121.495456,28.753951",121.495456,28.753951,B0JUMUE1GV,121.49120995021765,28.757002999300088
,万邦·国际星城东北门北100米,,330000,331082,浙江省,台州市,汽车服务;汽车服务相关;汽车服务相关,010000,临海市,0576,万融汽车服务,"121.495222,28.752545",121.495222,28.752545,B0KRYO09WF,121.49097523728169,28.755597248875613
,杜桥镇站东路30号,,330000,331082,浙江省,台州市,汽车服务;汽车配件销售;汽车配件销售,010800,临海市,0576,小平汽配·汽车深度养护中心,"121.495415,28.755325",121.495415,28.755325,B0GRPNJ25K,121.4911686991789,28.758375944019118
,富南路与嵩山路交叉口东北100米,,330000,331082,浙江省,台州市,汽车服务;二手车交易;二手车交易,011000,临海市,0576,豫车汇二手车,"121.495294,28.753891",121.495294,28.753891,B0LU2UV8DF,121.49104738553028,28.756942553654888
,杜南大道759号,,330000,331082,浙江省,台州市,汽车服务;汽车养护/装饰;汽车养护,010400,临海市,0576,途虎养车工场店(临海杜南大道店),"121.495707,28.748098",121.495707,28.748098,B0LU9D9AH1,121.4914622880273,28.751154703172062
,杜桥镇环城南路546号,,330000,331082,浙江省,台州市,购物服务;家居建材市场;建材五金市场|汽车服务;汽车服务相关;汽车服务相关,060603|010000,临海市,0576,老葛农机轴承螺丝三角带油封,"121.496826,28.758105",121.496826,28.758105,B0FFFDC11K,121.49258444721572,28.76115829163657
,杜桥滨海西路万邦国际星城南门对面,,330000,331082,浙江省,台州市,汽车服务;汽车养护/装饰;汽车养护,010400,临海市,0576,车爵士汽车美容装潢(都军杰店),"121.495038,28.749736",121.495038,28.749736,B0FFFDCKT9,121.49079080947322,28.752789592826606
,杜桥镇横楼村1-69号,,330000,331082,浙江省,台州市,汽车服务;汽车服务相关;汽车服务相关,010000,临海市,0576,富豪汽车真皮内饰,"121.497090,28.746040",121.49709,28.74604,B0FFK0FYJW,121.4928503152216,28.74910224047785
,杜桥镇富南路500号,,330000,331082,浙江省,台州市,汽车服务;汽车服务相关;汽车服务相关,010000,临海市,0576,临海市骏昇汽车服务有限公司,"121.494814,28.753819",121.494814,28.753819,B0LDHMJJAW,121.49056570500903,28.756869162147588
,富南路与嵩山路交叉口东北40米,,330000,331082,浙江省,台州市,汽车服务;汽车服务相关;汽车服务相关,010000,临海市,0576,骏捷汽车服务有限公司,"121.494740,28.753770",121.49474,28.75377,B0I13MSJCT,121.49049144899767,28.756819973391302
,滨海路与杜南大道交叉口东北100米,,330000,331082,浙江省,台州市,汽车服务;汽车服务相关;汽车服务相关,010000,临海市,0576,吾行养车(台州店),"121.495067,28.749796",121.495067,28.749796,B0J1GLFG3C,121.4908199066702,28.75284963942539
,杜桥镇横楼村1-69号,,330000,331082,浙江省,台州市,汽车服务;汽车服务相关;汽车服务相关,010000,临海市,0576,富豪汽车真皮座椅,"121.496986,28.746186",121.496986,28.746186,B0FFIL6UVV,121.49274593758896,28.749247829906203
,杜桥镇后地村2-45前门,,330000,331082,浙江省,台州市,汽车服务;充电站;充电站,011100,临海市,0576,能效邻里共享汽车充电站(云能共享快充桩60kva超充),"121.518930,28.749640",121.51893,28.74964,B0LBTC4KM5,121.51476621889404,28.752764636948406
,杜桥镇富洋工业小区(富南路409号),,330000,331082,浙江省,台州市,汽车服务;汽车服务相关;汽车服务相关,010000,临海市,0576,车骑士汽车美容会所,"121.494227,28.753215",121.494227,28.753215,B0JRKZ5D2N,121.48997669190777,28.756263811265857
,杜南大道与新兴路交叉口东南160米,,330000,331082,浙江省,台州市,汽车服务;汽车服务相关;汽车服务相关,010000,临海市,0576,汽车顶棚翻新,"121.497021,28.745978",121.497021,28.745978,B0KRCU6SFQ,121.49278107702371,28.74904007451361
,富南路与嵩山路交叉口东北40米,,330000,331082,浙江省,台州市,汽车服务;汽车服务相关;汽车服务相关,010000,临海市,0576,三合汽车服务部,"121.494725,28.753775",121.494725,28.753775,B0LDV97BHZ,121.49047639594511,28.756824925014307
,杜桥镇横楼村1一50号,,330000,331082,浙江省,台州市,汽车服务;汽车服务相关;汽车服务相关,010000,临海市,0576,佳通轮胎(新兴路店),"121.496177,28.746913",121.496177,28.746913,B0FFI6OY3V,121.49193403330284,28.749971910664705
,杜桥富南路409号幼儿园对面,,330000,331082,浙江省,台州市,汽车服务;汽车养护/装饰;汽车养护,010400,临海市,0576,车翼阁汽车精洗养护,"121.493866,28.752944",121.493866,28.752944,B0L21UU8VW,121.48961444715059,28.755991913138033
,滨海西路666号万斯国际酒店(杜桥店)地面停车场/入口滨海路,,330000,331082,浙江省,台州市,汽车服务;充电站;专用充电站,011103,临海市,0576,特斯拉超级充电站(台州市杜桥万斯酒店),"121.493740,28.751125",121.49374,28.751125,B0J2473V0L,121.48948814718047,28.75417376524805
,杜桥镇万邦·国际星城,,330000,331082,浙江省,台州市,汽车服务;充电站;充电站,011100,临海市,0576,理想超级充电站(理想超充站临海万斯国际酒店临海杜桥店),"121.493510,28.751429",121.49351,28.751429,B0L06MNE7X,121.48925731768037,28.75447687140725
,杜桥镇环城南路351号,,330000,331082,浙江省,台州市,汽车服务;充电站;充电站,011100,临海市,0576,台运临海杜桥客运中心充电站,"121.493727,28.756389",121.493727,28.756389,B0JDRZGPEI,121.489474691688,28.759434159511883
,杜桥镇杜南大道1003号(金鼎会KTV旁),,330000,331082,浙江省,台州市,汽车服务;汽车配件销售;汽车配件销售|汽车维修;汽车维修;汽车维修,010800|030000,临海市,0576,飞驰汽车轮胎商行,"121.492835,28.751289",121.492835,28.751289,B0FFGPQ5E9,121.48857996587931,28.75433494675374
,杜桥镇南大路,,330000,331082,浙江省,台州市,汽车服务;加油站;中国石化,010101,临海市,0576,中国石化杜桥加油站,"121.492430,28.755331",121.49243,28.755331,B024004XNZ,121.48817323500263,28.758372999503504
,杜南大道与富南路交叉口东南80米,,330000,331082,浙江省,台州市,汽车服务;汽车配件销售;汽车配件销售,010800,临海市,0576,路极轮胎(临海宏阁商务宾馆店),"121.492664,28.751320",121.492664,28.75132,B0JD5A8WLJ,121.48840836546378,28.754365414717807
,杜桥镇中国工商银行(临海杜桥支行),,330000,331082,浙江省,台州市,汽车服务;充电站;充电站,011100,临海市,0576,特来电汽车充电站(特来电临海市杜桥镇刺绣服装厂停车场充电站),"121.492150,28.754665",121.49215,28.754665,B0KK47UHT4,121.48789230872428,28.757706615489376
,南大路与嵩山路交叉口南160米,,330000,331082,浙江省,台州市,汽车服务;汽车配件销售;汽车配件销售,010800,临海市,0576,爱分享汽配直营连锁(杜桥仓),"121.492190,28.754425",121.49219,28.754425,B0KKX7GOW1,121.48793246712596,28.75746689770617
,杜桥镇杜南大道东方会对面,,330000,331082,浙江省,台州市,汽车服务;汽车租赁;汽车租赁,010900,临海市,0576,阿长婚车租赁杜桥总店,"121.491896,28.752237",121.491896,28.752237,B0HGJXLJEX,121.48763761117449,28.755279501924516
,杜前路166号,,330000,331082,浙江省,台州市,汽车服务;汽车配件销售;汽车配件销售,010800,临海市,0576,汇原汽车影音,"121.491794,28.755521",121.491794,28.755521,B0FFF00KPA,121.48753499928442,28.75856097206643
,南大路与嵩山路交叉口西80米,,330000,331082,浙江省,台州市,汽车服务;二手车交易;二手车交易,011000,临海市,0576,百友汽车中介公司(都市果品大楼西南),"121.491794,28.755521",121.491794,28.755521,B0FFHUCAC9,121.48753499928442,28.75856097206643
,杜桥镇杜前路168号,,330000,331082,浙江省,台州市,汽车服务;汽车配件销售;汽车配件销售,010800,临海市,0576,福耀汽车玻璃(杜前路店),"121.491545,28.755319",121.491545,28.755319,B0FFF00KPB,121.48728514647314,28.758358366771553
,杜桥镇欣菲特大酒店,,330000,331082,浙江省,台州市,汽车服务;充电站;充电站,011100,临海市,0576,小桔充电汽车充电站(公牛欣菲特大酒店充电站),"121.491670,28.756454",121.49167,28.756454,B0L69YJQ1O,121.48741049395566,28.75949296803819
,杜前路190号,,330000,331082,浙江省,台州市,汽车服务;汽车服务相关;汽车服务相关,010000,临海市,0576,老严汽车中介,"121.491438,28.755231",121.491438,28.755231,B0FFFDCIWG,121.48717778026861,28.758270107598566
,杜前路与杜南大道交叉口东南60米,,330000,331082,浙江省,台州市,汽车服务;汽车租赁;汽车租赁,010900,临海市,0576,万圃豪车租赁,"121.490924,28.753733",121.490924,28.753733,B0K65LKF0C,121.4866621064324,28.756771592775948
,杜桥镇杜前路220号,,330000,331082,浙江省,台州市,汽车服务;二手车交易;二手车交易,011000,临海市,0576,百丰二手车,"121.490812,28.754469",121.490812,28.754469,B0JGYL1QSZ,121.48654965920602,28.75750676050381
,杜桥镇杜南大道与杜前路交叉口东南角,,330000,331082,浙江省,台州市,汽车服务;汽车租赁;汽车租赁,010900,临海市,0576,万和豪车租赁,"121.490793,28.753717",121.490793,28.753717,B0KGRDG329,121.48653065171808,28.75675521375836
,杜桥镇嵩山路624号,,330000,331082,浙江省,台州市,汽车服务;汽车租赁;汽车租赁还车,010901,临海市,0576,方军汽车租赁服务部,"121.491753,28.758111",121.491753,28.758111,B0FFFTT1P4,121.48749365434692,28.761149087112997
,杜前路与杜南大道交叉口东北100米,,330000,331082,浙江省,台州市,汽车服务;汽车配件销售;汽车配件销售,010800,临海市,0576,瓦尔塔蓄电池(杜前路店),"121.490948,28.754839",121.490948,28.754839,B0KRKD75VE,121.48668610375431,28.757876914233567
,杜桥镇杜前路216号,,330000,331082,浙江省,台州市,购物服务;专卖店;专营店|汽车服务;汽车服务相关;汽车服务相关,061200|010000,临海市,0576,老潘电瓶批发(杜桥专卖店),"121.490658,28.754488",121.490658,28.754488,B02400VSXT,121.48639512188889,28.757525289455156
,杜桥镇杜前小学西南门南60米,,330000,331082,浙江省,台州市,汽车服务;汽车租赁;汽车租赁,010900,临海市,0576,派豪车租赁,"121.491629,28.758425",121.491629,28.758425,B0JD9A2SE6,121.48736919730011,28.761462503198977
,嵩山路与下周路交叉口西北20米,,330000,331082,浙江省,台州市,汽车服务;汽车租赁;汽车租赁,010900,临海市,0576,零度豪车租赁,"121.491596,28.758461",121.491596,28.758461,B0K3M6GV6J,121.48733607939722,28.761498380252082
,紫荆家园东南侧230米,,330000,331082,浙江省,台州市,汽车服务;汽车服务相关;汽车服务相关,010000,临海市,0576,汽车消保服务部,"121.490654,28.746911",121.490654,28.746911,B0KD5ANM62,121.4863916987222,28.749953388778412
,杜前路11号,,330000,331082,浙江省,台州市,汽车服务;汽车养护/装饰;汽车养护|汽车服务;洗车场;洗车场|汽车维修;汽车维修;汽车维修,010400|010500|030000,临海市,0576,德国马牌轮胎(杜桥锦俊店)(暂停营业),"121.491400,28.754638",121.4914,28.754638,B0KRKD9PFC,121.48713969403009,28.757677396843405
,杜南大道698号,,330000,331082,浙江省,台州市,汽车服务;充电站;充电站,011100,临海市,0576,蔚来换电站(临海杜桥眼镜城),"121.475322,28.768379",121.475322,28.768379,B0J3NCTYCB,121.47100638893508,28.771362557928164
,地下停车场379,,330000,331082,浙江省,台州市,汽车服务;充电站;充电站,011100,临海市,0576,特来电目的地充电站(台州杜桥眼镜城充电站2号站),"121.475311,28.768495",121.475311,28.768495,B0JUB6CVRE,121.47099534439691,28.771478447333113
B0J2DAXWVR,杜桥镇浙江眼镜城东门左转100米地面停车场,,330000,331082,浙江省,台州市,汽车服务;充电站;充电站,011100,临海市,0576,特来电汽车充电站(台州杜桥眼镜城充电站3号站),"121.477186,28.767543",121.477186,28.767543,B0JDJLUVHJ,121.4728764991082,28.770532315679883
,杜桥恒湖电商创业园(眼镜市场对面),,330000,331082,浙江省,台州市,汽车服务;充电站;充电站,011100,临海市,0576,云快充汽车充电站(大谷超级充电站),"121.478319,28.770367",121.478319,28.770367,B0LUBR9MY0,121.47401298947126,28.773357541437964
,杜桥镇杜南大道碧桂园·天玺华府,,330000,331082,浙江省,台州市,汽车服务;充电站;充电站,011100,临海市,0576,世动云充汽车充电站(临海市杜桥镇天玺华府充电站),"121.483417,28.767497",121.483417,28.767497,B0L2DP7ONQ,121.47912823103002,28.77050410116312
B0LDTMZ25J,碧桂园天玺华府停车场,,330000,331082,浙江省,台州市,汽车服务;充电站;充电站,011100,临海市,0576,新电途充电站(临海市天玺华府充电站),"121.483010,28.768592",121.48301,28.768592,B0LGPPJ2YC,121.47871976951737,28.771597166358085
,杜桥镇杜南大道与杜北路交叉口,,330000,331082,浙江省,台州市,汽车服务;汽车养护/装饰;汽车养护|汽车服务;洗车场;洗车场|汽车维修;汽车维修;汽车维修,010400|010500|030000,临海市,0576,宝冠汽车服务,"121.484456,28.766933",121.484456,28.766933,B0G39HOBQ5,121.48017079960918,28.769943507631456
,杜南大道与沿河路交叉口东北40米,,330000,331082,浙江省,台州市,汽车服务;汽车配件销售;汽车配件销售,010800,临海市,0576,昌建轮胎,"121.484694,28.765231",121.484694,28.765231,B0KB199J1K,121.48040974243419,28.768243374098585
,杜桥镇杜北路702号,,330000,331082,浙江省,台州市,政府机构及社会团体;交通车辆管理;验车场|汽车服务;汽车服务相关;汽车服务相关,130603|010000,临海市,0576,临海市吉达汽车检测有限公司,"121.485094,28.767764",121.485094,28.767764,B0G11RDS9M,121.48081090720717,28.770775793263297
,杜桥镇阿虎物流横路村,,330000,331082,浙江省,台州市,汽车服务;汽车养护/装饰;汽车养护,010400,临海市,0576,车之友贴膜美容,"121.485123,28.763708",121.485123,28.763708,B0FFG6Z009,121.48084032322159,28.766722672852207
,环城北路与嵩山路交叉口西140米,,330000,331082,浙江省,台州市,汽车维修;汽车综合维修;汽车综合维修|公司企业;公司;公司|汽车服务;汽车养护/装饰;汽车养护,030100|170200|010400,临海市,0576,华利汽车维修服务有限公司,"121.484210,28.771750",121.48421,28.77175,B02400TUWG,121.47992358678655,28.774756456399526
,杜南大道599号,,330000,331082,浙江省,台州市,汽车服务;汽车养护/装饰;汽车养护,010400,临海市,0576,车之翼汽车美容(前王路店),"121.485536,28.762862",121.485536,28.762862,B02400T5GX,121.48125479912781,28.76587846042642
,环城北路与嵩山路交叉口西140米,,330000,331082,浙江省,台州市,汽车服务;汽车服务相关;汽车服务相关,010000,临海市,0576,利豪汽车服务有限公司,"121.484227,28.771750",121.484227,28.77175,B0HB2DWVVW,121.47994064453262,28.774756505827305
,杜桥镇环城北路,,330000,331082,浙江省,台州市,汽车服务;汽车配件销售;汽车配件销售|公司企业;公司;公司,010800|170200,临海市,0576,金鑫汽车配件有限公司,"121.484167,28.771769",121.484167,28.771769,B024004XQ1,121.47988043925693,28.7747753181935
,杜南大道与前王路交叉口北120米,,330000,331082,浙江省,台州市,汽车服务;汽车养护/装饰;汽车养护,010400,临海市,0576,爱车中心,"121.485532,28.762876",121.485532,28.762876,B0K111GW5D,121.48125078436759,28.765892439121437
,杜南大道与前王路交叉口北60米,,330000,331082,浙江省,台州市,汽车服务;汽车配件销售;汽车配件销售,010800,临海市,0576,玲珑卡友之家,"121.485590,28.762423",121.48559,28.762423,B0IAC7SQAU,121.48130901795324,28.765439919561466
,杜南大道与前王路交叉口北60米,,330000,331082,浙江省,台州市,汽车服务;汽车配件销售;汽车配件销售,010800,临海市,0576,玲珑轮胎(杜南大道店),"121.485588,28.762256",121.485588,28.762256,B0I29LLWP4,121.48130702417139,28.76527302825267
,杜南大道与前王路交叉口北60米,,330000,331082,浙江省,台州市,汽车服务;汽车配件销售;汽车配件销售,010800,临海市,0576,建华轮胎商行,"121.485651,28.762319",121.485651,28.762319,B0K3M6G1QS,121.48137023456299,28.765336169317973
,时代名邸西南门南330米,,330000,331082,浙江省,台州市,汽车服务;二手车交易;二手车交易,011000,临海市,0576,速邦车服,"121.487062,28.768201",121.487062,28.768201,B0FFLKLGFW,121.4827856120374,28.771218257790117
,杜桥镇嵩山路309号,,330000,331082,浙江省,台州市,汽车服务;汽车养护/装饰;汽车养护,010400,临海市,0576,车航汽车美容服务部,"121.487057,28.768216",121.487057,28.768216,B0GUBOR221,121.48278059367651,28.771233232712845
,前王路与杜南大道交叉口东120米,,330000,331082,浙江省,台州市,汽车服务;汽车服务相关;汽车服务相关,010000,临海市,0576,速提车,"121.486611,28.762274",121.486611,28.762274,B0LR3CE080,121.48233352603933,28.765294013834378
,嵩山路与杜北路交叉口北40米,,330000,331082,浙江省,台州市,汽车服务;汽车服务相关;汽车服务相关,010000,临海市,0576,小潘汽车,"121.487208,28.767704",121.487208,28.767704,B0LRMSXL7C,121.48293215292725,28.77072203083856
,杜桥镇环城北路700号,,330000,331082,浙江省,台州市,汽车服务;汽车养护/装饰;汽车养护,010400,临海市,0576,OG汽车灯光升级,"121.486290,28.772493",121.48629,28.772493,B0K36ZETHN,121.48201062656447,28.775505014309452
,杜桥镇环城北路702号,,330000,331082,浙江省,台州市,汽车服务;汽车配件销售;汽车配件销售,010800,临海市,0576,玲珑养车驿站,"121.486170,28.772502",121.48617,28.772502,B0LRCUGQ9G,121.4818902146572,28.775513656206385
,杜桥镇环城北路371号-373号,,330000,331082,浙江省,台州市,汽车服务;汽车服务相关;汽车服务相关,010000,临海市,0576,大洲挖掘机配件,"121.486795,28.772020",121.486795,28.77202,B0FFKPXOHE,121.48251739618081,28.775033825579598
,环城北路与嵩山路交叉口东120米,,330000,331082,浙江省,台州市,汽车服务;汽车租赁;汽车租赁|生活服务;生活服务场所;生活服务场所,010900|070000,临海市,0576,盛世·小马婚车,"121.486762,28.772568",121.486762,28.772568,B0HA5CPI7Q,121.48248424002645,28.775581347643627
,临海市杜桥镇环城北路343号,,330000,331082,浙江省,台州市,汽车服务;汽车养护/装饰;汽车养护|汽车维修;汽车维修;汽车维修,010400|030000,临海市,0576,东强汽车维修中心·嘉实多保养站,"121.487719,28.772081",121.487719,28.772081,B0HBPRB3HH,121.48344457040136,28.77509750276698
B0H025HDPB,杜桥镇牌门路2号(天上人间酒店停车场内),,330000,331082,浙江省,台州市,汽车服务;充电站;充电站,011100,临海市,0576,中国石化汽车充电站(临海杜桥镇牌门路2号充电站),"121.489445,28.766932",121.489445,28.766932,B0L15BZ9K4,121.48517693868698,28.769957171958545
,杜桥镇牌门路242号,,330000,331082,浙江省,台州市,汽车服务;汽车养护/装饰;汽车养护|汽车维修;汽车维修;汽车维修,010400|030000,临海市,0576,小朱汽车养护中心,"121.489004,28.769338",121.489004,28.769338,B0FFGBP7EE,121.4847342232057,28.772360202119714
,牌门路198-200号,,330000,331082,浙江省,台州市,汽车服务;汽车配件销售;汽车配件销售,010800,临海市,0576,小宋汽配,"121.488676,28.770227",121.488676,28.770227,B0FFFTJNQZ,121.48440501898096,28.77324761559839
,杜桥镇牌门路138号,,330000,331082,浙江省,台州市,汽车服务;汽车养护/装饰;汽车养护|汽车服务;洗车场;洗车场|汽车维修;汽车维修;汽车维修,010400|010500|030000,临海市,0576,鹏达车管家(杜桥总店),"121.488253,28.771552",121.488253,28.771552,B0I0SHCU13,121.48398045385576,28.77457044600984
,牌门路252号,,330000,331082,浙江省,台州市,汽车服务;汽车养护/装饰;汽车养护|汽车服务;洗车场;洗车场|汽车维修;汽车维修;汽车维修,010400|010500|030000,临海市,0576,时代汽车装璜,"121.489244,28.768614",121.489244,28.768614,B0HR5N7NIA,121.484975110847,28.771637414004484
,杜桥镇嵩山路华海家园c1-1号,,330000,331082,浙江省,台州市,汽车服务;汽车租赁;汽车租赁,010900,临海市,0576,强顺租车,"121.488917,28.762242",121.488917,28.762242,B0FFJQUPEI,121.48464747602364,28.765268834733533
,牌门路与杜北路交叉口西北200米,,330000,331082,浙江省,台州市,汽车服务;汽车养护/装饰;汽车养护,010400,临海市,0576,吾行养车·朱师傅名车工坊,"121.488904,28.769596",121.488904,28.769596,B0J3DMBUMI,121.48463385695307,28.772617727427434
,杜桥镇嵩山路138号临海市学海中学斜对面,,330000,331082,浙江省,台州市,汽车服务;洗车场;洗车场,010500,临海市,0576,老长洗车,"121.489169,28.762320",121.489169,28.76232,B0FFFYYAGJ,121.48490034232907,28.76534752737396
,牌门路与杜北路交叉口西北240米,,330000,331082,浙江省,台州市,汽车服务;汽车养护/装饰;汽车养护,010400,临海市,0576,车友汇,"121.488825,28.769875",121.488825,28.769875,B0L3JPCSSL,121.48455456182322,28.77289630034666
,解放街455-459号,,330000,331082,浙江省,台州市,汽车服务;洗车场;洗车场|汽车服务;汽车养护/装饰;汽车养护|汽车服务;汽车配件销售;汽车配件销售|汽车维修;汽车维修;汽车维修,010500|010400|010800|030000,临海市,0576,倍耐力轮胎经营部,"121.488974,28.760031",121.488974,28.760031,B0FFHWWF0Q,121.48470484585359,28.763059517378995
,杜桥镇环城东路55号,,330000,331082,浙江省,台州市,汽车服务;汽车服务相关;汽车服务相关,010000,临海市,0576,临海市中孚汽车服务有限公司,"121.505825,28.765925",121.505825,28.765925,B0K33A4K8M,121.5016145784336,28.768999992999316
,环城东路与府前街交叉口北20米,,330000,331082,浙江省,台州市,汽车服务;汽车服务相关;汽车服务相关,010000,临海市,0576,晓峰汽配,"121.506170,28.765099",121.50617,28.765099,B0FFK511CR,121.50196085639898,28.768175595593423
,杜桥镇环城东路238号杜桥质量技术监督所,,330000,331082,浙江省,台州市,汽车服务;充电站;充电站,011100,临海市,0576,特来电汽车充电站(特来电台州临海杜桥镇环城东路充电站),"121.505905,28.764967",121.505905,28.764967,B0J3Z7QYUE,121.50169493423383,28.768042892630906
,杜桥镇环城东路55号(交警队旁边),,330000,331082,浙江省,台州市,汽车服务;汽车服务相关;汽车服务相关|汽车销售;汽车销售;汽车销售,010000|020000,临海市,0576,博汇车业销售有限公司,"121.505415,28.766160",121.505415,28.76616,B0I244CYLP,121.50120311685662,28.76923360195536
,杜桥镇环城东路55号(车之佳),,330000,331082,浙江省,台州市,汽车服务;汽车服务相关;汽车服务相关,010000,临海市,0576,临海市鑫美汽车服务部,"121.505391,28.766182",121.505391,28.766182,B0KR4ZSM48,121.50117903063943,28.769255514818255
,杜桥镇大世界边上150米,,330000,331082,浙江省,台州市,汽车服务;汽车养护/装饰;汽车养护|汽车维修;汽车维修;汽车维修,010400|030000,临海市,0576,临海市王涛轮胎店,"121.509491,28.763496",121.509491,28.763496,B0FFFDCLLB,121.50529363082855,28.7665836108682
,杜桥镇娄下村金港商务宾馆对面,,330000,331082,浙江省,台州市,汽车服务;汽车服务相关;汽车服务相关,010000,临海市,0576,东伽车体护理,"121.509491,28.763496",121.509491,28.763496,B0FFJPV0K6,121.50529363082855,28.7665836108682
,小杜线与学前路交叉口西160米,,330000,331082,浙江省,台州市,汽车服务;汽车配件销售;汽车配件销售,010800,临海市,0576,固特异轮胎(小杜线店),"121.509592,28.763503",121.509592,28.763503,B0G1Z60CPO,121.50539498339849,28.766590906321994
,小杜线与学前路交叉口西140米,,330000,331082,浙江省,台州市,汽车服务;洗车场;洗车场|汽车服务;汽车养护/装饰;汽车养护|汽车维修;汽车维修;汽车维修,010500|010400|030000,临海市,0576,朝阳轮胎(杜桥店),"121.509673,28.763253",121.509673,28.763253,B0JGML9P9B,121.50547628587366,28.766341318790992
,杜桥镇小杜线路,,330000,331082,浙江省,台州市,汽车服务;汽车养护/装饰;汽车养护,010400,临海市,0576,途虎养车(杜北路店),"121.509803,28.763223",121.509803,28.763223,B0H1JZP3R8,121.50560674248744,28.766311725666036
,杜桥镇康波眼镜贸易部(现代家具对面巷子走到底),,330000,331082,浙江省,台州市,汽车服务;充电站;充电站,011100,临海市,0576,特来电汽车充电站(台州森邦眼镜充电站),"121.509090,28.762726",121.50909,28.762726,B0L6TXRNDU,121.50489128767886,28.765812946660077
,金港宾馆对面,,330000,331082,浙江省,台州市,汽车服务;汽车养护/装饰;汽车养护,010400,临海市,0576,洗车人家(杜桥店),"121.509694,28.763288",121.509694,28.763288,B0H3H50A1E,121.50549735656031,28.766376357160443
,"小杜线与环城东路交叉处东行,杜桥第二小学附近",,330000,331082,浙江省,台州市,汽车服务;加油站;中国石化,010101,临海市,0576,中国石化杜桥大通道加油站,"121.510904,28.763630",121.510904,28.76363,B024004Y01,121.50671155272526,28.766721711810835
,府前街杜桥建材市场,,330000,331082,浙江省,台州市,汽车服务;汽车租赁;汽车租赁,010900,临海市,0576,鑫泰婚车租赁,"121.503625,28.763525",121.503625,28.763525,B0FFI54II8,121.49940701252498,28.7665950416306
,杜桥环城南路100号,,330000,331082,浙江省,台州市,汽车服务;汽车服务相关;汽车服务相关,010000,临海市,0576,剪叉升降机出租,"121.505209,28.762400",121.505209,28.7624,B0FFFDBV7J,121.50099668290564,28.765475570052146
,杜桥镇娄下村391号,,330000,331082,浙江省,台州市,汽车服务;汽车养护/装饰;汽车养护,010400,临海市,0576,车艺轩汽车美容改装,"121.510426,28.763482",121.510426,28.763482,B0K0TKR0TU,121.5062318975908,28.766572396960523
,环城南路与下街交叉口东北20米,,330000,331082,浙江省,台州市,汽车服务;二手车交易;二手车交易,011000,临海市,0576,航祥二手车,"121.504773,28.762210",121.504773,28.76221,B0LGYY2ENW,121.50055916169848,28.76528439217877
,杜桥镇娄下村400号,,330000,331082,浙江省,台州市,汽车服务;汽车服务相关;汽车服务相关,010000,临海市,0576,倍斯特润滑油有限公司,"121.510890,28.763186",121.51089,28.763186,B0FFFDCMEW,121.50669753828367,28.766277975344497
,杜桥镇富南路19号,,330000,331082,浙江省,台州市,汽车服务;汽车养护/装饰;汽车养护,010400,临海市,0576,索美汽车美容会所,"121.507676,28.761453",121.507676,28.761453,B0FFLIR5LH,121.50347243063368,28.764536603712763
,娄下村加油站对面,,330000,331082,浙江省,台州市,汽车服务;汽车配件销售;汽车配件销售,010800,临海市,0576,回力轮胎店,"121.510872,28.763187",121.510872,28.763187,B0FFL6DGGN,121.50667947548361,28.766278921350057
,富南路与下街交叉口东北80米,,330000,331082,浙江省,台州市,汽车服务;汽车租赁;汽车租赁,010900,临海市,0576,融信汽车租赁,"121.506610,28.761032",121.50661,28.761032,B0JRTZXUB4,121.50240271888914,28.76411270521377
,杜桥镇环城东路1-2号(自主申报),,330000,331082,浙江省,台州市,汽车服务;二手车交易;二手车交易,011000,临海市,0576,好车惠二手车,"121.504387,28.770973",121.504387,28.770973,B0J2SHSB6R,121.50017112164846,28.774040187671712
,杜桥镇娄下村266号,,330000,331082,浙江省,台州市,汽车服务;充电站;充电站,011100,临海市,0576,汽车充电站(达克云联强充电站),"121.513025,28.763720",121.513025,28.76372,B0J674OA4X,121.50883991385923,28.76681790929725
,杜桥娄下村文化礼堂,,330000,331082,浙江省,台州市,汽车服务;充电站;充电站,011100,临海市,0576,中国石化汽车充电站(临海大通道充电站),"121.513420,28.763311",121.51342,28.763311,B0KR7BH8BH,121.50923631232595,28.76641035086215
B0240039FW,滨海路116耀达杜桥商城F1,,330000,331082,浙江省,台州市,汽车服务;汽车养护/装饰;汽车养护|汽车服务;洗车场;洗车场|汽车维修;汽车维修;汽车维修,010400|010500|030000,临海市,0576,台州小朱汽服店,"121.509915,28.760113",121.509915,28.760113,B0FFLIU9KI,121.50571937438974,28.763204189506258
,万邦·国际名城附近,,330000,331082,浙江省,台州市,汽车服务;汽车服务相关;汽车服务相关,010000,临海市,0576,临海市滨海路116耀达杜桥商城F2小朱汽服bop保镖杜桥店,"121.509865,28.760120",121.509865,28.76012,B0LR75J4BS,121.50566919918806,28.7632110362153
,杜桥镇下街路125号,,330000,331082,浙江省,台州市,汽车服务;汽车服务相关;汽车服务相关,010000,临海市,0576,启诚充电桩,"121.507492,28.759375",121.507492,28.759375,B0K04HOIQ8,121.50328794573525,28.762459475605546
,下街278-280号,,330000,331082,浙江省,台州市,汽车服务;汽车服务相关;汽车服务相关,010000,临海市,0576,铭硕汽车服务中心,"121.507072,28.759470",121.507072,28.75947,B0IU2SJPI6,121.50286646346422,28.76255315545058
B0240039FW,滨海路116号耀达杜桥商城,,330000,331082,浙江省,台州市,汽车服务;汽车服务相关;汽车服务相关,010000,临海市,0576,车鼎红精品二手车行,"121.509038,28.759467",121.509038,28.759467,B0J6PR848I,121.50483935792613,28.762556023357813
,环城南路250号,,330000,331082,浙江省,台州市,汽车服务;汽车配件销售;汽车配件销售,010800,临海市,0576,阿杰轮胎,"121.501963,28.760696",121.501963,28.760696,B0H31AXADM,121.49773936755871,28.76376298297222
,杜桥镇蟾洋村滨海路175号177号,,330000,331082,浙江省,台州市,汽车服务;二手车交易;二手车交易,011000,临海市,0576,耀敏二手车有限公司,"121.511365,28.760264",121.511365,28.760264,B0K0BHHV2U,121.50717441830861,28.763359383501626
,万邦·国际名城东南门东南50米,,330000,331082,浙江省,台州市,汽车服务;汽车服务相关;汽车服务相关,010000,临海市,0576,凌峰汽车抵押,"121.511377,28.760273",121.511377,28.760273,B0KD77BQA0,121.50718645937106,28.763368412830566
,杜桥镇吉祥路与富南路交叉口往西18米停车场,,330000,331082,浙江省,台州市,汽车服务;充电站;充电站,011100,临海市,0576,特来电汽车充电站(吉祥路站),"121.503136,28.759218",121.503136,28.759218,B0I306F607,121.4989166217087,28.762289521825465
,府前街243号,,330000,331082,浙江省,台州市,汽车服务;汽车养护/装饰;汽车养护,010400,临海市,0576,遇见魔姐贴膜一站式,"121.499422,28.761379",121.499422,28.761379,B0L0ZRGAQM,121.49518934537213,28.76443786590059
,杜桥镇杜北路100号,,330000,331082,浙江省,台州市,汽车服务;汽车养护/装饰;汽车养护,010400,临海市,0576,尚洁汽车美容会所,"121.498600,28.770293",121.4986,28.770293,B0J3H5MTC5,121.49436375221948,28.77334324787857
,杜川路与长乐三巷交叉口东北80米,,330000,331082,浙江省,台州市,汽车服务;汽车养护/装饰;汽车养护,010400,临海市,0576,途虎养车工场店,"121.496952,28.766775",121.496952,28.766775,B0L309M4TD,121.4927102164755,28.769822723114252
,杜桥镇庄里洋村村民委员会西侧140米,,330000,331082,浙江省,台州市,汽车服务;汽车配件销售;汽车配件销售,010800,临海市,0576,台州·利好轮胎专卖店,"121.516418,28.763210",121.516418,28.76321,B0JBTO8B85,121.5122446314202,28.766318168812006
,杜桥镇杜西路工商银行旁边的(中国黄金)边上,,330000,331082,浙江省,台州市,汽车服务;汽车租赁;汽车租赁,010900,临海市,0576,阿伟婚车租赁,"121.497878,28.761092",121.497878,28.761092,B0H2ZUC7WP,121.49363992161031,28.764146415018836
,杜桥镇长乐巷,,330000,331082,浙江省,台州市,汽车服务;充电站;充电站,011100,临海市,0576,台州九记杜桥新华书店汽车充电站,"121.495894,28.765621",121.495894,28.765621,B0HG44Q4OS,121.49164858209507,28.768666339080752
,圆梦轮胎店西侧60米,,330000,331082,浙江省,台州市,汽车服务;汽车租赁;汽车租赁,010900,临海市,0576,小金·婚车租赁,"121.518726,28.763034",121.518726,28.763034,B0KDJ526TV,121.51456049666808,28.766148943168094
,杜桥镇塘岸村1-161号,,330000,331082,浙江省,台州市,汽车服务;汽车配件销售;汽车配件销售,010800,临海市,0576,临海市圆梦轮胎店,"121.519337,28.762994",121.519337,28.762994,B0FFFDC05P,121.51517356415982,28.766110718745942
,杜北路277号,,330000,331082,浙江省,台州市,汽车服务;汽车租赁;汽车租赁,010900,临海市,0576,阿伟婚车豪车租赁,"121.494237,28.768721",121.494237,28.768721,B0H2BZKAIT,121.48998551939535,28.77175922673266
,庄里洋村党群服务中心东侧130米,,330000,331082,浙江省,台州市,汽车服务;汽车配件销售;汽车配件销售,010800,临海市,0576,千里马轮胎,"121.519225,28.762975",121.519225,28.762975,B0LDP6UVAS,121.51506118767335,28.76609141178644
,祠前路与牌门路交叉口东北80米,,330000,331082,浙江省,台州市,汽车服务;汽车租赁;汽车租赁,010900,临海市,0576,亮银汽车租赁,"121.493680,28.761548",121.49368,28.761548,B0I12X9F81,121.48942712514373,28.764589497004145
,沿河路与中心路交叉口东80米,,330000,331082,浙江省,台州市,汽车服务;汽车租赁;汽车租赁,010900,临海市,0576,挖机租赁,"121.492320,28.766564",121.49232,28.766564,B0H3FUBSNH,121.48806197513106,28.769597981610886
,沿河路与中心路交叉口东80米,,330000,331082,浙江省,台州市,汽车服务;汽车租赁;汽车租赁,010900,临海市,0576,汽车當租赁,"121.492289,28.766727",121.492289,28.766727,B0G19UAFXD,121.48803085411045,28.769760776577797
,杜桥镇蜀大侠火锅(杜桥店)台州市通益机械设备有限公司地面停车场,,330000,331082,浙江省,台州市,汽车服务;充电站;充电站,011100,临海市,0576,特来电汽车充电站(特来电台州临海市蜀大侠火锅充电站),"121.491507,28.764337",121.491507,28.764337,B0JU96WPH2,121.48724631089244,28.76737009001611
,牌门路与前王路交叉口东南80米,,330000,331082,浙江省,台州市,汽车服务;汽车租赁;汽车租赁,010900,临海市,0576,梧柳租车-杜桥市朵曼养生会所,"121.491875,28.763025",121.491875,28.763025,B0L29KQQ2B,121.48761569700409,28.76606008895542
,牌门路428号,,330000,331082,浙江省,台州市,汽车服务;汽车配件销售;汽车配件销售,010800,临海市,0576,浙江临海杜桥老朱轮胎服务中心,"121.490800,28.764683",121.4908,28.764683,B0FFJ4G172,121.48653682089558,28.767713746405462
,牌门路与沿河路交叉口南40米,,330000,331082,浙江省,台州市,汽车服务;汽车养护/装饰;汽车养护,010400,临海市,0576,阿奎汽车养护,"121.490207,28.765836",121.490207,28.765836,B0HG0GU77T,121.48594166878824,28.76886418926199
,牌门路与沿河路交叉口南40米,,330000,331082,浙江省,台州市,汽车服务;汽车服务相关;汽车服务相关,010000,临海市,0576,阳光汽车装潢美容部,"121.490272,28.765740",121.490272,28.76574,B0LU1DFJGG,121.48600690214504,28.768768448544183
,杜桥镇嵩山路99号中洋名苑,,330000,331082,浙江省,台州市,汽车服务;充电站;充电站,011100,临海市,0576,南京能瑞汽车充电站(台州市万盛酒店管理有限公司),"121.490875,28.759974",121.490875,28.759974,B0L21STB2N,121.48661244921436,28.7630081993291
,阳光家园西南1门旁,,330000,331082,浙江省,台州市,汽车服务;汽车配件销售;汽车配件销售,010800,临海市,0576,普利司通轮胎(阳光家园店),"121.489693,28.768634",121.489693,28.768634,B0H2NRI6KE,121.48542566588316,28.77165873128804
,351国道与章溪线交叉口西北460米,,330000,331082,浙江省,台州市,汽车服务;汽车养护/装饰;汽车养护,010400,临海市,0576,汽车坐垫,"121.411903,28.777440",121.411903,28.77744,B0LUU7R1JS,121.4074585596664,28.780307542034027
,351国道与章溪线交叉口西北180米,,330000,331082,浙江省,台州市,汽车服务;汽车配件销售;汽车配件销售,010800,临海市,0576,西湖轮胎,"121.414325,28.775875",121.414325,28.775875,B0L3AZPWMG,121.40988207352548,28.778744802638325
,351国道与章溪线交叉口西160米,,330000,331082,浙江省,台州市,汽车服务;汽车租赁;汽车租赁,010900,临海市,0576,晨悦婚车出租,"121.414431,28.775580",121.414431,28.77558,B0LRHA8EVR,121.40998816481225,28.778450065727426
,杜桥镇225省道,,330000,331082,浙江省,台州市,汽车服务;汽车配件销售;汽车配件销售,010800,临海市,0576,马宅海兵轮胎店,"121.406075,28.783775",121.406075,28.783775,B0FFHUI404,121.40162796232687,28.786636365083314
,白石小学(武陵洞)东北侧50米,,330000,331082,浙江省,台州市,汽车服务;汽车养护/装饰;汽车养护,010400,临海市,0576,汽车美容服务中心,"121.484269,28.784028",121.484269,28.784028,B0L3H79V14,121.4799818265302,28.78702602959597
,牌门路与环城北路交叉口西北240米,,330000,331082,浙江省,台州市,汽车服务;汽车养护/装饰;汽车养护,010400,临海市,0576,嘉实多护车保养站(牌门路店),"121.487232,28.774495",121.487232,28.774495,B0FFIDLCKV,121.48295570488878,28.777508387815843
,杜桥镇环城北路口,,330000,331082,浙江省,台州市,汽车服务;充电站;充电站,011100,临海市,0576,云快充汽车充电站(台州杜桥环城北路充电站),"121.493310,28.774307",121.49331,28.774307,B0LUM4609Y,121.48905483474617,28.777338571261637
,牌门路与环城北路交叉口西北120米,,330000,331082,浙江省,台州市,汽车服务;汽车服务相关;汽车服务相关,010000,临海市,0576,中国重汽台州捷强特约服务站,"121.487525,28.773420",121.487525,28.77342,B0FFKJMLJC,121.48324979742604,28.776434999575613
,环城北路与牌门路交叉口西100米,,330000,331082,浙江省,台州市,汽车服务;汽车租赁;汽车租赁,010900,临海市,0576,小潘汽车租赁,"121.487245,28.772637",121.487245,28.772637,B0G0HKEXM7,121.48296889479468,28.775651719959434
,杜东路与环城北路交叉口东北40米,,330000,331082,浙江省,台州市,汽车服务;汽车养护/装饰;汽车养护,010400,临海市,0576,凌锋汽车维修服务部,"121.496625,28.773673",121.496625,28.773673,B0JDDGM88G,121.49238152805265,28.776714957580516
,御景豪庭,,330000,331082,浙江省,台州市,汽车服务;汽车服务相关;汽车服务相关,010000,临海市,0576,萌懿汽车(御景豪庭店),"121.496087,28.773581",121.496087,28.773581,B0KACMNY42,121.49184164145228,28.776621404821626
,浙江东星汽车部件有限公司西南门北200米,,330000,331082,浙江省,台州市,汽车服务;汽车服务相关;汽车服务相关,010000,临海市,0576,深匠朱师傅汽车漆面精修,"121.492943,28.772704",121.492943,28.772704,B0L0SGHXBU,121.48868667494683,28.775735589754788
,杜东路与环城北路交叉口东北20米,,330000,331082,浙江省,台州市,汽车服务;汽车养护/装饰;汽车养护,010400,临海市,0576,嘉实多护车保养站(盈杜线店),"121.496540,28.773585",121.49654,28.773585,B0LUL1BDLA,121.49229623561736,28.77662676336351
B0H1MAY4RJ,杜桥站停车场,,330000,331082,浙江省,台州市,汽车服务;充电站;充电站,011100,临海市,0576,特来电汽车充电站(特来电临海杜桥火车站公共快充站),"121.468300,28.775920",121.4683,28.77592,B0K0Z7P7HV,121.46396180523074,28.77887946343818
,浙江临海水暖管道设备厂西北门旁,,330000,331082,浙江省,台州市,汽车服务;汽车养护/装饰;汽车养护|汽车维修;汽车维修;汽车维修,010400|030000,临海市,0576,欧运汽车修理,"121.580380,28.775231",121.58038,28.775231,B0I0Z7CCPQ,121.57636182804619,28.778459330800146
,浙江临海水暖管道设备厂西北门西南50米,,330000,331082,浙江省,台州市,汽车服务;汽车服务相关;汽车服务相关|汽车维修;汽车维修;汽车维修,010000|030000,临海市,0576,临海市昌腾汽车维修服务部,"121.580314,28.775130",121.580314,28.77513,B0FFILHA1J,121.57629576484615,28.77835835004699
,连盘小学西侧100米,,330000,331082,浙江省,台州市,汽车服务;汽车服务相关;汽车服务相关,010000,临海市,0576,诚信典车行,"121.580243,28.776084",121.580243,28.776084,B0KRKD5X8I,121.57622461608784,28.779311628450795
,桃渚镇连盘南路142号,,330000,331082,浙江省,台州市,汽车服务;二手车交易;二手车交易,011000,临海市,0576,锦翼二手车,"121.580340,28.778068",121.58034,28.778068,B0K0ZCSEY0,121.57632157013921,28.781294315792852
B0FFHJTKTQ,,,330000,331082,浙江省,台州市,汽车服务;充电站;充电站,011100,临海市,0576,国家电网汽车充电站(沿海高速桃渚服务区充电站宁波方向),"121.577106,28.772722",121.577106,28.772722,B0G0BH125H,121.5730842410128,28.77594930128522
B0FFHJTKTQ,沿海高速桃渚服务区(宁波方向)充电站,,330000,331082,浙江省,台州市,汽车服务;充电站;充电站,011100,临海市,0576,国家电网汽车充电站(沿海高速桃渚服务区充电站扩建宁波方向),"121.577104,28.772656",121.577104,28.772656,B0J0VHVBOP,121.57308224354509,28.775883345357112
B0FFHJTKTQ,沿海高速临海服务区东区,,330000,331082,浙江省,台州市,汽车服务;加油站;中国石化,010101,临海市,0576,中国石化沿海高速东区加油站,"121.576118,28.773020",121.576118,28.77302,B0FFKH9T8Z,121.57209497369574,28.776246161402288
B0FFHJTNOQ,沿海高速临海服务区西区,,330000,331082,浙江省,台州市,汽车服务;加油站;中国石化,010101,临海市,0576,中国石化沿海高速西区加油站,"121.574677,28.773372",121.574677,28.773372,B0FFLB9GU5,121.57065204484013,28.776596478377673
B0FFHJTNOQ,临海东服务区温州方向,,330000,331082,浙江省,台州市,汽车服务;充电站;充电站,011100,临海市,0576,国家电网汽车充电站(沿海高速桃渚服务区充电站二期温州方向),"121.574104,28.773820",121.574104,28.77382,B0L2375DTT,121.57007822598659,28.77704356893746
B0FFHJTNOQ,沿海高速桃渚服务区(温州方向)充电站,,330000,331082,浙江省,台州市,汽车服务;充电站;充电站,011100,临海市,0576,临海(东)服务区国家电网电动汽车充电站,"121.573582,28.773634",121.573582,28.773634,B0G0BH20GP,121.5695555110006,28.776857141645035
B0FFHJTNOQ,沿海高速桃渚服务区(温州方向),,330000,331082,浙江省,台州市,汽车服务;充电站;充电站,011100,临海市,0576,国家电网汽车充电站(沿海高速桃渚服务区充电站温州方向),"121.573655,28.773716",121.573655,28.773716,B0JBLLTAGE,121.56962860754828,28.776939163124432
,沿海路与镇前街交叉口北200米,,330000,331082,浙江省,台州市,汽车服务;二手车交易;二手车交易,011000,临海市,0576,省省二手车,"121.591013,28.752985",121.591013,28.752985,B0KB474AE8,121.58700507043848,28.756234319812453
,沿海路1-11号,,330000,331082,浙江省,台州市,汽车服务;汽车服务相关;汽车服务相关,010000,临海市,0576,胖子轮胎,"121.590828,28.751683",121.590828,28.751683,B0HRLZYSPS,121.58682006852752,28.754933144863763
,沿海路与镇前街交叉口北40米,,330000,331082,浙江省,台州市,购物服务;购物相关场所;购物相关场所|汽车服务;汽车服务相关;汽车服务相关,060000|010000,临海市,0576,诚信装载机液压管配件店,"121.590551,28.751515",121.590551,28.751515,B0FFLI04MJ,121.58654292770699,28.75476517238382
,上盘镇西大路农商银行后面,,330000,331082,浙江省,台州市,汽车维修;汽车综合维修;汽车综合维修|汽车服务;汽车服务相关;汽车服务相关,030100|010000,临海市,0576,浙东汽修,"121.590202,28.751372",121.590202,28.751372,B0FFFDC1BG,121.5861937396263,28.75462215573829
,沿海路与镇前街交叉口东北60米,,330000,331082,浙江省,台州市,汽车服务;二手车交易;二手车交易,011000,临海市,0576,百友汽车中介公司,"121.590891,28.751648",121.590891,28.751648,B0KB2ALLU2,121.58688310555782,28.754898187585486
,西大路19号,,330000,331082,浙江省,台州市,汽车服务;汽车租赁;汽车租赁,010900,临海市,0576,泰源二手车汽车租赁,"121.589895,28.751097",121.589895,28.751097,B0J6ZNBN3K,121.58588658042882,28.754347237295203
,上盘镇西大路兴旺水产冷冻厂西5米,,330000,331082,浙江省,台州市,汽车服务;洗车场;洗车场,010500,临海市,0576,洗刷刷自助洗车(邻捷洗上盘店),"121.584476,28.752077",121.584476,28.752077,B0L3DH52GZ,121.58046355066111,28.755324038247043
,西大路(上盘中心卫生院东北侧约50米),,330000,331082,浙江省,台州市,汽车服务;汽车配件销售;汽车配件销售,010800,临海市,0576,阿勇轮胎汽车深度养护,"121.587605,28.751346",121.587605,28.751346,B0FFMHLBGR,121.58359506989883,28.75459515861227
,山海路与小杜线交叉口北220米,,330000,331082,浙江省,台州市,汽车服务;洗车场;洗车场,010500,临海市,0576,鑫瑞洗车美容装潢,"121.587217,28.751482",121.587217,28.751482,B0JUSAKVH8,121.58320678079893,28.754730889071062
,临海市第二人民医院医共体上盘分院西北侧220米,,330000,331082,浙江省,台州市,汽车服务;汽车服务相关;汽车服务相关,010000,临海市,0576,速提车,"121.585569,28.752181",121.585569,28.752181,B0L1CU695R,121.58155745939368,28.75542858628238
,上盘供电服务站,,330000,331082,浙江省,台州市,汽车服务;充电站;充电站,011100,临海市,0576,国家电网汽车充电站(浙江省临海市上盘供电服务站交流充电站),"121.589320,28.750433",121.58932,28.750433,B0KUJD7GN4,121.58531128082855,28.753683478902772
,西大路与沿海路交叉口西80米,,330000,331082,浙江省,台州市,汽车服务;汽车租赁;汽车租赁,010900,临海市,0576,王敏汽车出租,"121.589875,28.750975",121.589875,28.750975,B0L3ONX572,121.58586657776767,28.75422531271819
,上盘镇镇前街112号,,330000,331082,浙江省,台州市,汽车服务;汽车租赁;汽车租赁,010900,临海市,0576,临茂汽车租赁,"121.594001,28.750330",121.594001,28.75033,B0HB7X4373,121.58999465653677,28.753581797883363
,沿海路与银山街交叉口西南20米,,330000,331082,浙江省,台州市,汽车服务;汽车配件销售;汽车配件销售,010800,临海市,0576,朝阳轮胎(小杜线店),"121.590305,28.750040",121.590305,28.75004,B0FFLHZFSK,121.58629689971856,28.753291088432448
,小杜线与滨海路交叉口西北20米,,330000,331082,浙江省,台州市,汽车服务;汽车服务相关;汽车服务相关|生活服务;生活服务场所;生活服务场所,010000|070000,临海市,0576,小潘婚车,"121.589533,28.749661",121.589533,28.749661,B0KG3DG4DU,121.5855244707473,28.752912077476243
,上盘镇下尤村1-104号,,330000,331082,浙江省,台州市,汽车服务;汽车租赁;汽车租赁,010900,临海市,0576,阿福汽车租赁,"121.585913,28.749627",121.585913,28.749627,B0LGHALRPI,121.58190192871052,28.752876493422388
,桃渚盈峙村1-158,,330000,331082,浙江省,台州市,汽车服务;充电站;充电站,011100,临海市,0576,特来电充电站(台州九记兴农合作社),"121.583262,28.796044",121.583262,28.796044,B0I6H4Z1SD,121.57924513172594,28.7992596560382
,小杜线与西大路交汇处西北行,,330000,331082,浙江省,台州市,汽车服务;加油站;中国石油,010102,临海市,0576,中国石油临海上盘加油站,"121.566799,28.756354",121.566799,28.756354,B0240045QR,121.56276314336166,28.75958071880639
,上盘镇加油站旁,,330000,331082,浙江省,台州市,汽车服务;汽车养护/装饰;汽车养护,010400,临海市,0576,精益汽车一站式服务,"121.568794,28.755116",121.568794,28.755116,B0FFIMW41X,121.56476160811039,28.758346214095962
,小杜线与西大路交叉口西北100米,,330000,331082,浙江省,台州市,汽车服务;汽车养护/装饰;汽车养护,010400,临海市,0576,洋洋洗车,"121.569064,28.754930",121.569064,28.75493,B0H1HKQ2NU,121.56503206379689,28.75816068640773
,上盘镇加油站旁,,330000,331082,浙江省,台州市,汽车服务;汽车养护/装饰;汽车养护|汽车服务;洗车场;洗车场|汽车维修;汽车维修;汽车维修,010400|010500|030000,临海市,0576,精益豪车汇,"121.568802,28.755115",121.568802,28.755115,B0I09DKATS,121.56476962132034,28.75834522507302
,上盘镇下畔村2-16号,,330000,331082,浙江省,台州市,汽车服务;汽车配件销售;汽车配件销售,010800,临海市,0576,老温汽车电器,"121.620846,28.755706",121.620846,28.755706,B0J1AC57GV,121.61683268709469,28.75894322458717
,228国道,,330000,331082,浙江省,台州市,汽车服务;汽车配件销售;汽车配件销售,010800,临海市,0576,雷元轮胎店,"121.628632,28.780339",121.628632,28.780339,B0JUTM99NF,121.62460917108226,28.783550853065634
,盈杜线,,330000,331082,浙江省,台州市,汽车服务;充电站;充电站,011100,临海市,0576,来点电汽车充电站(杜桥知建村村部),"121.556145,28.784607",121.556145,28.784607,B0K1P47B13,121.55208586748194,28.787797141166525
,上盘镇新城社区卫生服务站南侧50米,,330000,331082,浙江省,台州市,汽车服务;汽车服务相关;汽车服务相关,010000,临海市,0576,临海市张吕法农机修理部,"121.634325,28.781775",121.634325,28.781775,B0L1SRQJXQ,121.63029511446969,28.784978519848654
,上盘镇力氪汽车充电站(头门港滨海大道充电站),,330000,331082,浙江省,台州市,汽车服务;充电站;充电站,011100,临海市,0576,特来电汽车充电站(台州临海头门港滨海大道充电站),"121.637750,28.761986",121.63775,28.761986,B0L3KAAOF6,121.6337169471497,28.765198421528066
,头门港北洋港铁大道7路6号(大谷超级充电站),,330000,331082,浙江省,台州市,汽车服务;充电站;充电站,011100,临海市,0576,云快充汽车充电站(大谷2号超级充电站),"121.639058,28.752946",121.639058,28.752946,B0LUY9SZKE,121.63502376093321,28.756162647240664
,上盘镇北洋七路,,330000,331082,浙江省,台州市,汽车服务;洗车场;洗车场|汽车服务;汽车养护/装饰;汽车养护|汽车维修;汽车维修;汽车维修,010500|010400|030000,临海市,0576,轮胎硬伤修复救援(车之坊),"121.639039,28.753541",121.639039,28.753541,B0KDHUFYIP,121.63500474328683,28.756757272678517
,头门港北洋铁大道7路6号,,330000,331082,浙江省,台州市,汽车服务;充电站;充电站,011100,临海市,0576,特来电汽车充电站(台州头门港北洋七路大谷超级充电站),"121.639000,28.753057",121.639,28.753057,B0LGJ7LPV6,121.6349658365488,28.7562736587493
,上盘镇头门港新区北洋七路,,330000,331082,浙江省,台州市,汽车服务;加油站;中国石油,010102,临海市,0576,中国石油临海市东城加油站,"121.640287,28.752707",121.640287,28.752707,B0GD5H1P7I,121.63625097678283,28.755921953312924
,上盘镇北洋七路(加油站西边),,330000,331082,浙江省,台州市,汽车服务;汽车服务相关;汽车服务相关,010000,临海市,0576,车之坊,"121.639031,28.753512",121.639031,28.753512,B0J0B7ISKY,121.63499675708321,28.756728304280333
,港铁大道南侧、北洋塘坝东侧停车场内,,330000,331082,浙江省,台州市,汽车服务;充电站;充电站,011100,临海市,0576,特来电充电站(台州临海东城加油站),"121.640014,28.753063",121.640014,28.753063,B0HKM45INM,121.63597835358748,28.756278127731566
,上盘镇头门港新区工业大道2号浙江人元模钢科技有限公司,,330000,331082,浙江省,台州市,汽车服务;充电站;充电站,011100,临海市,0576,PP充电汽车充电站(浙江人元模钢科技有限公司厂区员),"121.649340,28.772783",121.64934,28.772783,B0L2R6LBBT,121.64528803956253,28.77596947034196
,杜桥镇新港路,,330000,331082,浙江省,台州市,汽车服务;充电站;充电站,011100,临海市,0576,特来电汽车充电站(特来电台州临海头门港一号停车场充电站),"121.646173,28.752993",121.646173,28.752993,B0K3H74Y7H,121.64212779592005,28.756198391434122
,新港路附近,,330000,331082,浙江省,台州市,公司企业;公司;公司|汽车服务;汽车服务相关;汽车服务相关,170200|010000,临海市,0576,亮心车灯,"121.647655,28.755341",121.647655,28.755341,B0FFJPATF3,121.64360718620216,28.758542326063996
,杜桥镇小杜线与075县道,,330000,331082,浙江省,台州市,汽车服务;汽车养护/装饰;汽车养护|汽车服务;洗车场;洗车场|汽车维修;汽车维修;汽车维修,010400|010500|030000,临海市,0576,车聚家汽车服务中心,"121.531686,28.761923",121.531686,28.761923,B0FFKOACG4,121.52756274300239,28.765074280480103
,杜桥镇铁路头村卫生室东侧170米,,330000,331082,浙江省,台州市,汽车服务;二手车交易;二手车交易,011000,临海市,0576,兴宇二手车广场,"121.527435,28.761917",121.527435,28.761917,B0K1F9QV4L,121.52329833342984,28.76505700117924
,杜桥镇新楼村,,330000,331082,浙江省,台州市,政府机构及社会团体;政府机关;乡镇以下级政府及事业单位|汽车服务;汽车养护/装饰;汽车养护,130106|010400,临海市,0576,新娄村党群服务中心,"121.524789,28.761941",121.524789,28.761941,B0FFL5JJDY,121.52064376251062,28.76507375771896
,八亩头附近,,330000,331082,浙江省,台州市,汽车服务;汽车服务相关;汽车服务相关,010000,临海市,0576,小芝清波汽服,"121.460081,28.844119",121.460081,28.844119,B0JUL7OBP9,121.45571353027829,28.847008389420985
,小芝镇小杜线小芝中心卫生院,,330000,331082,浙江省,台州市,汽车服务;充电站;充电站,011100,临海市,0576,特来电汽车充电站(特来电临海小芝镇城市客厅充电站),"121.456330,28.848347",121.45633,28.848347,B0K197NE4G,121.45195206045086,28.851224510415918
,虎山路与小杜线交叉口南60米,,330000,331082,浙江省,台州市,汽车服务;汽车配件销售;汽车配件销售,010800,临海市,0576,临海市唐龙轮胎店,"121.454116,28.849378",121.454116,28.849378,B0KRPHPYRR,121.44973224544161,28.852249815572506
,杜桥镇横溪庄村170号,,330000,331082,浙江省,台州市,汽车服务;充电站;专用充电站,011103,临海市,0576,红牛汽车充电站(横溪目的地),"121.414910,28.805098",121.41491,28.805098,B0KR6ZZDCZ,121.4104651259415,28.80794733808585
,顺南路与晓村路交叉口东南40米,,330000,331082,浙江省,台州市,汽车服务;二手车交易;二手车交易,011000,临海市,0576,必鑫二手车,"121.594706,28.826633",121.594706,28.826633,B0KACR0YNT,121.59069414028905,28.82983079480744
,桃渚镇南洋村三角路122号,,330000,331082,浙江省,台州市,汽车服务;汽车配件销售;汽车配件销售,010800,临海市,0576,黄辉轮胎服务中心,"121.591599,28.827053",121.591599,28.827053,B0FFG4Q0VI,121.58758576701553,28.83024986193729
,三角路与沿河街交叉口西南120米,,330000,331082,浙江省,台州市,汽车服务;汽车配件销售;汽车配件销售,010800,临海市,0576,佳通轮胎(三角路店),"121.591551,28.827023",121.591551,28.827023,B0HAR71WFS,121.58753774479568,28.830219871180013
,龙翔路23号,,330000,331082,浙江省,台州市,汽车服务;汽车服务相关;汽车服务相关,010000,临海市,0576,农渔机配件,"121.591919,28.821525",121.591919,28.821525,B0G11HD2MQ,121.58790634658544,28.824726031036818
,虎山路与宝镇路交叉口西160米,,330000,331082,浙江省,台州市,汽车服务;汽车配件销售;汽车配件销售,010800,临海市,0576,黄克明汽车配件,"121.588096,28.824320",121.588096,28.82432,B0LG0M1565,121.58408088381306,28.827517664764777
,振兴街与湖岸路交叉口东20米,,330000,331082,浙江省,台州市,汽车服务;汽车服务相关;汽车服务相关,010000,临海市,0576,台州迎丰农业装备,"121.593009,28.820506",121.593009,28.820506,B0KAPUO1EX,121.58899693173564,28.823708033132093
,桃渚镇镇兴街2号后街,,330000,331082,浙江省,台州市,汽车服务;汽车服务相关;汽车服务相关,010000,临海市,0576,东方红农业装备(浙江台州服务站),"121.592875,28.820325",121.592875,28.820325,B0LGGO39NM,121.58886288621242,28.823527138291947
,东亚路14号,,330000,331082,浙江省,台州市,汽车服务;汽车配件销售;汽车配件销售,010800,临海市,0576,阿特拉斯轮胎(湖岸路店),"121.595400,28.820295",121.5954,28.820295,B0H6BRG26K,121.59138885502047,28.82349755472867
,桃渚镇四岔村虎山路116号,,330000,331082,浙江省,台州市,汽车服务;汽车配件销售;汽车配件销售|汽车服务;汽车养护/装饰;汽车养护|汽车维修;汽车维修;汽车维修,010800|010400|030000,临海市,0576,德国马牌轮胎(虎山路店),"121.586975,28.824254",121.586975,28.824254,B0FFKV404U,121.58295908982304,28.827451206540925
,湖岸路与宝镇路交叉口东南20米,,330000,331082,浙江省,台州市,汽车服务;汽车服务相关;汽车服务相关,010000,临海市,0576,荣达车管家,"121.590208,28.820680",121.590208,28.82068,B0LRNXLQSZ,121.58619449380289,28.823881151177922
,桃渚镇东洋大道12号,,330000,331082,浙江省,台州市,购物服务;购物相关场所;购物相关场所|汽车服务;汽车服务相关;汽车服务相关,060000|010000,临海市,0576,小林(开锁配锁)汽车钥匙,"121.586039,28.825651",121.586039,28.825651,B0JR75L11T,121.58202226831143,28.828846706724626
B0HKJC3O8L,桃渚大酒店,,330000,331082,浙江省,台州市,汽车服务;充电站;充电站,011100,临海市,0576,平高智联汽车充电站(桃渚大酒店),"121.586084,28.822607",121.586084,28.822607,B0KRMCYTEI,121.5820675346472,28.825804979184756
,桃渚镇珍园商铺96号,,330000,331082,浙江省,台州市,汽车服务;汽车服务相关;汽车服务相关,010000,临海市,0576,珍园挖机配件,"121.586020,28.828457",121.58602,28.828457,B0HKDHV9TM,121.58200304043585,28.831650617432704
,桃渚镇政府后门围墙,,330000,331082,浙江省,台州市,汽车服务;充电站;充电站,011100,临海市,0576,云快充汽车充电站(启诚交流慢充电站),"121.586475,28.821993",121.586475,28.821993,B0LR3KBKVF,121.58245888459216,28.825191630993707
,桃渚镇远洋宾馆旁边,,330000,331082,浙江省,台州市,汽车服务;充电站;充电站,011100,临海市,0576,汽车充电站(神速充站),"121.585411,28.827079",121.585411,28.827079,B0JKUSJIEG,121.58139365518458,28.83027331390292
B0HKJC3O8L,桃渚镇富洋路桃渚大酒店,,330000,331082,浙江省,台州市,汽车服务;充电站;充电站,011100,临海市,0576,特来电充电站(台州临海桃渚大酒店充电站),"121.586562,28.822011",121.586562,28.822011,B0JUV7EFL2,121.58254594968253,28.825209661061862
,桃渚镇东洋大道112号珍园小区北门,,330000,331082,浙江省,台州市,汽车服务;汽车服务相关;汽车服务相关,010000,临海市,0576,欧凯汽车服务部,"121.586103,28.829080",121.586103,28.82908,B0FFIDGY7V,121.5820860584768,28.832273198019646
,虎山路与东洋大道交叉口西20米,,330000,331082,浙江省,台州市,汽车服务;二手车交易;二手车交易,011000,临海市,0576,博量二手车,"121.585569,28.824184",121.585569,28.824184,B0KAVHAZDJ,121.58155200369717,28.82738054223263
,桃渚镇虎山路46号,,330000,331082,浙江省,台州市,汽车服务;洗车场;洗车场,010500,临海市,0576,如意汽车装饰顶棚翻新(东洋大道店),"121.585110,28.823981",121.58511,28.823981,B0HRL4VPKH,121.58109264126377,28.827177439143302
,小峙路78号珍园小区附近,,330000,331082,浙江省,台州市,汽车服务;汽车服务相关;汽车服务相关,010000,临海市,0576,志敏汽车服务,"121.586139,28.830112",121.586139,28.830112,B0FFK36SKV,121.5821220083917,28.83330444988729
,东洋大道与虎山路交叉口西南80米,,330000,331082,浙江省,台州市,汽车服务;汽车配件销售;汽车配件销售,010800,临海市,0576,四岔阿飞轮胎商行,"121.585491,28.823265",121.585491,28.823265,B0JRTPXD2X,121.58147400995803,28.82646217863789
,东洋大道与富洋路交叉口北80米,,330000,331082,浙江省,台州市,汽车服务;汽车服务相关;汽车服务相关,010000,临海市,0576,时序润滑油商行,"121.585575,28.822775",121.585575,28.822775,B0L3ASS4CY,121.58155811545923,28.825972585853687
,东洋大道与富洋路交叉口北80米,,330000,331082,浙江省,台州市,汽车服务;汽车服务相关;汽车服务相关,010000,临海市,0576,汽车消保服务部,"121.585566,28.822622",121.585566,28.822622,B0LRY5VZMW,121.58154911976233,28.825819693866865
,桃渚镇东洋大道2-20号,,330000,331082,浙江省,台州市,汽车服务;汽车配件销售;汽车配件销售,010800,临海市,0576,米其林轮胎卫勇服务中心,"121.585482,28.822096",121.585482,28.822096,B0FFIYJBGM,121.58146509130005,28.825294036193206
,宝镇路与小峙路交叉口西北500米,,330000,331082,浙江省,台州市,汽车服务;二手车交易;二手车交易,011000,临海市,0576,百万二手车,"121.586280,28.831664",121.58628,28.831664,B0JA5UOV2N,121.58226300052871,28.834855367584296
,东洋大道与湖岸路交叉口西北40米,,330000,331082,浙江省,台州市,汽车服务;汽车配件销售;汽车配件销售,010800,临海市,0576,朝阳轮胎(小杜线店),"121.585514,28.821062",121.585514,28.821062,B0GU51VO5I,121.58149719582508,28.824260815600145
,东洋大道与海东路交叉口西北60米,,330000,331082,浙江省,台州市,汽车维修;汽车维修;汽车维修|汽车服务;汽车服务相关;汽车服务相关,030000|010000,临海市,0576,黄崇选顺进汽修,"121.585529,28.820371",121.585529,28.820371,B0FFFDAWBD,121.58151226045251,28.82357033251538
,桃渚镇桃源东路13号,,330000,331082,浙江省,台州市,汽车服务;汽车服务相关;汽车服务相关,010000,临海市,0576,建良汽车服务,"121.587374,28.818170",121.587374,28.81817,B0IU24LYTR,121.58335884290408,28.82137187529122
,桃渚镇东洋大道8号,,330000,331082,浙江省,台州市,汽车服务;汽车养护/装饰;汽车养护|汽车服务;洗车场;洗车场|汽车维修;汽车维修;汽车维修,010400|010500|030000,临海市,0576,鹏达车管家(总店),"121.586294,28.818276",121.586294,28.818276,B0FFKNE49J,121.582278027052,28.82147727481797
,东洋大道与桃源路交叉口东北40米,,330000,331082,浙江省,台州市,汽车服务;汽车养护/装饰;汽车养护,010400,临海市,0576,吾行养车,"121.586275,28.818275",121.586275,28.818275,B0LRKYGU4Y,121.5822590123914,28.821476265886872
,桃渚镇四岔村(龙头口)5号,,330000,331082,浙江省,台州市,汽车服务;汽车养护/装饰;汽车养护,010400,临海市,0576,阿剑汽车养护,"121.586526,28.817830",121.586526,28.81783,B0K2UZPHZW,121.58251023935402,28.82103171899092
,东洋大道32号,,330000,331082,浙江省,台州市,汽车服务;汽车养护/装饰;汽车养护,010400,临海市,0576,吉祥汽车养护中心(四岔店),"121.585682,28.817278",121.585682,28.817278,B02400TTRW,121.58166561895496,28.820479687843832
,桃源名府东门旁,,330000,331082,浙江省,台州市,汽车服务;汽车养护/装饰;汽车养护,010400,临海市,0576,嘉实多护车保养站(小杜线店),"121.585691,28.816921",121.585691,28.816921,B0LGF5PDDM,121.58167465328327,28.820122954520386
,桃源西路102号,,330000,331082,浙江省,台州市,汽车服务;汽车服务相关;汽车服务相关,010000,临海市,0576,匞·禧车·洗车·贴膜·XICHE【黄晶甲】授权店,"121.582647,28.818009",121.582647,28.818009,B0LDSHXOK7,121.57862788597394,28.821208317017714
,桃渚供电所,,330000,331082,浙江省,台州市,汽车服务;充电站;充电站,011100,临海市,0576,国家电网汽车充电站(浙江省临海市桃渚供电所交流充电站),"121.585860,28.813654",121.58586,28.813654,B0KUJDFAXF,121.58184403645647,28.81685843605509
,桃渚镇杨家村尖头后门,,330000,331082,浙江省,台州市,汽车服务;加油站;中国石化,010101,临海市,0576,中国石化临海顺风加油站,"121.612112,28.818238",121.612112,28.818238,B024006TSB,121.60809965897576,28.821437719815588
,桃渚镇桃江路5号桃渚古城风景区,,330000,331082,浙江省,台州市,汽车服务;充电站;充电站,011100,临海市,0576,特来电目的地充电站(特来电台州临海桃江十三渚停车场充电站),"121.542500,28.823606",121.5425,28.823606,B0JKS7SMBU,121.53840377567337,28.826739850201268
,塘头朱村,,330000,331082,浙江省,台州市,汽车服务;加油站;中国石油,010102,临海市,0576,中国石油临海西城加油站,"120.949096,28.883385",120.949096,28.883385,B0FFHCX63N,120.94506424467238,28.886499254591932
,上游村文化礼堂,,330000,331082,浙江省,台州市,汽车服务;充电站;充电站,011100,临海市,0576,国家电网汽车充电站(浙江省临海市上游村文化礼堂交流充电站),"120.931820,28.912785",120.93182,28.912785,B0KUJDQL22,120.92782149564577,28.915905482719324
,括苍镇小海门村,,330000,331082,浙江省,台州市,汽车服务;加油站;中国石化,010101,临海市,0576,中国石化小海门加油站,"120.977658,28.874215",120.977658,28.874215,B0240045PM,120.97354267675468,28.87726566179766
,括苍镇湖新村371号湖头坝湖头坝红飞卷烟店,,330000,331082,浙江省,台州市,汽车服务;充电站;充电站,011100,临海市,0576,领傲汽车充电站(浙江省临海市括苍充电站括苍快充),"120.960304,28.871973",120.960304,28.871973,B0L1BZYFFS,120.95624326732421,28.875071142071068
B024005IO1,括苍镇陈岙村张家渡服务区,,330000,331082,浙江省,台州市,汽车服务;加油站;中国石化,010101,临海市,0576,中国石化张家渡北加油站,"120.984282,28.870759",120.984282,28.870759,B024004Q6S,120.98014426557405,28.873793214680195
B024005IO1,临海服务区,,330000,331082,浙江省,台州市,汽车服务;充电站;充电站,011100,临海市,0576,理想超级充电站(理想5C超充站台金高速临海服务区金华方向),"120.985830,28.871643",120.98583,28.871643,B0JKF4TPIV,120.98168679389208,28.874671977766447
B024005IO1,环城北路42号,,330000,331082,浙江省,台州市,汽车服务;充电站;充电站,011100,临海市,0576,蔚来换电站(S28临海服务区金华方向),"120.987291,28.871614",120.987291,28.871614,B0JRG51D5O,120.9831426657036,28.87463867403603
B024005IO1,台金高速临海服务区充电站(金华方向),,330000,331082,浙江省,台州市,汽车服务;充电站;充电站,011100,临海市,0576,国家电网汽车充电站(台金高速临海服务区充电站扩建金华方向),"120.986855,28.871077",120.986855,28.871077,B0L3VBG42L,120.98270824075698,28.874103380967497
B024005IO1,临海服务区北侧,,330000,331082,浙江省,台州市,汽车服务;汽车服务相关;汽车服务相关,010000,临海市,0576,临海服务区车用尿素加注站,"120.984243,28.870650",120.984243,28.87065,B0KRRUZ7GU,120.9801054096074,28.873684412966426
B024005IO2,临海服务区(台州方向),,330000,331082,浙江省,台州市,汽车服务;充电站;充电站,011100,临海市,0576,吴城超充超级充电站(临海服务区台州方向充电站·华为超充技术支持),"120.987607,28.869950",120.987607,28.86995,B0L0GZ2PBV,120.98345767997492,28.87297501594018
B024005IO2,台金高速临海服务区南侧,,330000,331082,浙江省,台州市,汽车服务;加油站;中国石化,010101,临海市,0576,中国石化临海服务区张家渡南区加油站,"120.989622,28.870063",120.989622,28.870063,B024004Q6W,120.98546554597691,28.873081920144653
B024005IO2,临海服务区,,330000,331082,浙江省,台州市,汽车服务;充电站;充电站,011100,临海市,0576,理想超级充电站(理想5C超充站台金高速临海服务区台州方向),"120.987773,28.869511",120.987773,28.869511,B0K6KL3I1T,120.9836231283481,28.872535859987064
B024005IO2,括苍镇陈应新村临海服务区,,330000,331082,浙江省,台州市,汽车服务;充电站;充电站,011100,临海市,0576,国家电网汽车充电站(台金高速临海服务区充电站台州方向),"120.988434,28.869725",120.988434,28.869725,B0G21R9TJM,120.9842817782932,28.872747727463913
B024005IO2,临海服务区西南侧,,330000,331082,浙江省,台州市,汽车服务;汽车养护/装饰;加水站,010401,临海市,0576,临海服务区加水站,"120.986186,28.869594",120.986186,28.869594,B0KRRUZ7GV,120.98204170322313,28.87262350257709
B024005IO2,临海服务区与S28台金高速交叉口西320米,,330000,331082,浙江省,台州市,汽车服务;换电站;换电站,011101,临海市,0576,蔚来换电站(临海服务区),"120.988733,28.869752",120.988733,28.869752,B0KRRUWOXO,120.9845797189752,28.872773815107855
,白水洋镇山岙村,,330000,331082,浙江省,台州市,汽车服务;汽车租赁;汽车租赁,010900,临海市,0576,佳俊叉车出租,"120.915737,28.909933",120.915737,28.909933,B0HG0DZDW7,120.91175860654099,28.913071581793833
,白水洋镇双港办事处中共白水洋镇双港办事处委员会,,330000,331082,浙江省,台州市,汽车服务;充电站;充电站,011100,临海市,0576,特来电目的地充电站(特来电台州临海市白水洋镇双港村充电站),"120.956880,28.952034",120.95688,28.952034,B0L077330P,120.95282282603108,28.955076991118702
,白水洋镇双港村中和路336号,,330000,331082,浙江省,台州市,汽车服务;汽车服务相关;汽车服务相关,010000,临海市,0576,奇亮汽车服务中心,"120.958013,28.953028",120.958013,28.953028,B0FFL1CMTT,120.95395261067836,28.956067564690706
,白水洋镇龙泉大道,,330000,331082,浙江省,台州市,汽车服务;汽车服务相关;汽车服务相关,010000,临海市,0576,嘉程汽车服务中心,"120.910436,28.901021",120.910436,28.901021,B0IG1RFK57,120.9064619086977,28.904169282566574
,括苍镇长安路197号,,330000,331082,浙江省,台州市,汽车服务;充电站;充电站,011100,临海市,0576,蔚享天成汽车充电站(兄弟农庄),"120.984760,28.858795",120.98476,28.858795,B0L2X7YIBA,120.98062151580066,28.861836975322422
,白水洋镇临仙路1号,,330000,331082,浙江省,台州市,汽车服务;加油站;中国石油,010102,临海市,0576,中国石油临海金洲加油站,"120.910831,28.890636",120.910831,28.890636,B02400T5C4,120.90685746602374,28.89379225851882
,白水洋镇加油站对面(白水洋高速出口左拐),,330000,331082,浙江省,台州市,汽车服务;充电站;充电站,011100,临海市,0576,云快充汽车充电站(安智快充),"120.910675,28.891183",120.910675,28.891183,B0JBXLQVFH,120.90670151310967,28.894338894021608
,括苍镇塍园路23.25号,,330000,331082,浙江省,台州市,汽车服务;汽车养护/装饰;汽车养护,010400,临海市,0576,通泳乐汽车美容会所,"120.985035,28.858797",120.985035,28.858797,B0FFLIPM84,120.98089555635103,28.861838164886684
B0L14O2AXQ,白水洋镇人民政府地面停车场,,330000,331082,浙江省,台州市,汽车服务;充电站;充电站,011100,临海市,0576,特来电汽车充电站(特来电台州临海市白水洋镇市民广场充电站),"120.908276,28.896339",120.908276,28.896339,B0JUJ7UFR8,120.90430332254181,28.899491685141328
,黄沙大道252号,,330000,331082,浙江省,台州市,汽车服务;汽车养护/装饰;汽车养护,010400,临海市,0576,新祥汽车装饰美容,"120.909341,28.894781",120.909341,28.894781,B0FFFDAQYQ,120.90536794517487,28.897934571348685
,赤白线与黄沙大道交叉口北20米,,330000,331082,浙江省,台州市,汽车服务;汽车服务相关;汽车服务相关,010000,临海市,0576,快速办理汽车报废注销,"120.908762,28.902659",120.908762,28.902659,B0J1T64WDV,120.90478863099072,28.905806578957094
,双港路与黄沙大道交叉口西20米,,330000,331082,浙江省,台州市,汽车服务;二手车交易;二手车交易,011000,临海市,0576,北元二手车,"120.908619,28.902557",120.908619,28.902557,B0K2P6E8A5,120.90464570410133,28.905704703201273
,白水洋镇临仙路5号(加油站旁),,330000,331082,浙江省,台州市,汽车维修;汽车综合维修;汽车综合维修|汽车服务;汽车配件销售;汽车配件销售,030100|010800,临海市,0576,临海市兴达汽车修理厂,"120.909659,28.890906",120.909659,28.890906,B02400SQAM,120.90568607648508,28.89406249051538
,括苍镇中心校东南侧80米,,330000,331082,浙江省,台州市,汽车服务;汽车服务相关;汽车服务相关,010000,临海市,0576,锦澜洗车店,"120.988933,28.856841",120.988933,28.856841,B0I19OYGA7,120.98478000070507,28.859872096361006
,括苍路255号,,330000,331082,浙江省,台州市,汽车服务;汽车租赁;汽车租赁,010900,临海市,0576,龙闪闪汽车出租,"120.990401,28.856776",120.990401,28.856776,B0KK11NVBF,120.98624279884193,28.859802754133987
,括苍路与立本街交叉口西南80米,,330000,331082,浙江省,台州市,汽车服务;汽车配件销售;汽车配件销售,010800,临海市,0576,耐克森轮胎,"120.984572,28.854642",120.984572,28.854642,B0HDDZ8Y1M,120.9804344885491,28.857687688190396
,白溪路与玉文路交叉口南80米,,330000,331082,浙江省,台州市,汽车服务;汽车养护/装饰;汽车养护,010400,临海市,0576,汽车精洗养护,"120.903851,28.897526",120.903851,28.897526,B0G3AYBECV,120.89987966178086,28.90067859864849
,白水洋镇白水洋街斋坦路口斋坦洗车店,,330000,331082,浙江省,台州市,汽车服务;汽车养护/装饰;汽车养护,010400,临海市,0576,斋坦洗车店,"120.903546,28.891937",120.903546,28.891937,B0FFKPDNYD,120.89957514174631,28.895093998288853
,白水洋镇35省道斋坦村大楼(白水洋站东),,330000,331082,浙江省,台州市,汽车服务;汽车配件销售;汽车配件销售,010800,临海市,0576,海大轮胎,"120.903501,28.891679",120.903501,28.891679,B0H39RUOQQ,120.89953016973872,28.894836203307964
,白水洋镇双港路153号,,330000,331082,浙江省,台州市,购物服务;专卖店;专营店|汽车服务;汽车服务相关;汽车服务相关,061200|010000,临海市,0576,白水洋农机园林总汇,"120.901959,28.897956",120.901959,28.897956,B0G107G1YS,120.89798793516199,28.90110835738303
,G351更楼卫生院东侧约190米,,330000,331082,浙江省,台州市,汽车服务;充电站;充电站,011100,临海市,0576,卫莱电汽车充电站(临海西更楼充电站),"121.041695,28.879646",121.041695,28.879646,B0L1CN5MNZ,121.03736137574947,28.882509371763035
,永丰镇更楼村,,330000,331082,浙江省,台州市,汽车服务;充电站;充电站,011100,临海市,0576,国家电网汽车充电站(浙江省临海市永丰镇更楼充电站),"121.044344,28.879673",121.044344,28.879673,B0FFIN8IUH,121.04000301532734,28.882530250209882
,永丰镇浦叶村,,330000,331082,浙江省,台州市,汽车服务;充电站;充电站,011100,临海市,0576,云快充汽车充电站(临海西高速口充电站),"121.051110,28.880260",121.05111,28.88026,B0L3JNC4L1,121.04675139292715,28.88310228867732
,永丰镇石鼓村5-58A号老石鼓小学边,,330000,331082,浙江省,台州市,汽车服务;洗车场;洗车场,010500,临海市,0576,阿红洗车场,"121.056933,28.884999",121.056933,28.884999,B0GROO5392,121.05256040509653,28.88782645903371
,许洋村石佛洋村1-42,,330000,331082,浙江省,台州市,汽车服务;汽车配件销售;汽车配件销售,010800,临海市,0576,玛吉斯轮胎,"121.057711,28.935035",121.057711,28.935035,B0L63CA30K,121.05333274842393,28.937821571790163
,永丰镇322省道与104国道交叉口,,330000,331082,浙江省,台州市,汽车服务;加油站;中国石化,010101,临海市,0576,中国石化石鼓加油站,"121.067233,28.887920",121.067233,28.88792,B024004VC5,121.06283983616058,28.890728761849168
,永丰镇留贤大道,,330000,331082,浙江省,台州市,汽车服务;充电站;充电站,011100,临海市,0576,特来电汽车充电站(特来电台州临海永丰镇公园充电站),"121.068837,28.892513",121.068837,28.892513,B0J2TZ3A1K,121.06444075916629,28.89531601966934
,永丰镇留贤村,,330000,331082,浙江省,台州市,汽车服务;加油站;中国石化,010101,临海市,0576,中国石化联合加油站,"121.075601,28.887646",121.075601,28.887646,B0FFGWIHVH,121.07119509969743,28.89044494843565
,永丰镇留贤红绿灯,,330000,331082,浙江省,台州市,汽车服务;汽车配件销售;汽车配件销售,010800,临海市,0576,临海市陈安邦轮胎经营部,"121.074023,28.889791",121.074023,28.889791,B0KDBUK2WO,121.06961906868439,28.892589932005286
,104国道与351国道交叉口东60米,,330000,331082,浙江省,台州市,汽车服务;汽车配件销售;汽车配件销售,010800,临海市,0576,好运轮胎,"121.073980,28.889846",121.07398,28.889846,B0KRPZQ63K,121.06957612436733,28.892644935760156
,下各镇铁山路18号地面停车场,,330000,331024,浙江省,台州市,汽车服务;充电站;充电站,011100,仙居县,0576,特来电汽车充电站(台州仙居下各镇交水集团充电站),"120.856690,28.859018",120.85669,28.859018,B0JU4KAJFK,120.85268133993084,28.86216138421239
,下各镇大猷路175号,,330000,331024,浙江省,台州市,汽车服务;汽车服务相关;汽车服务相关,010000,仙居县,0576,万鑫汽车服务,"120.858326,28.859802",120.858326,28.859802,B0HGUHGIZ8,120.85432005042492,28.862947323374435
,古城街道许墅村1-11号,,330000,331082,浙江省,台州市,汽车服务;汽车配件销售;汽车配件销售,010800,临海市,0576,千里马轮胎店,"121.083473,28.880358",121.083473,28.880358,B0LU9C9AQO,121.07905889730263,28.88315601442892
,古城街道许墅村公路旁,,330000,331082,浙江省,台州市,汽车服务;汽车养护/装饰;汽车养护,010400,临海市,0576,车仟饰汽车用品厂,"121.086296,28.883996",121.086296,28.883996,B0I12H6WRW,121.08187923300842,28.886789504692864
,仙居县下各第二中学东北门南220米,,330000,331024,浙江省,台州市,汽车服务;汽车配件销售;汽车配件销售,010800,仙居县,0576,精安轮胎商行,"120.855171,28.860111",120.855171,28.860111,B0KDF11T20,120.85115962465909,28.863251142351135
,古城街道许墅村,,330000,331082,浙江省,台州市,汽车服务;加油站;中国石化,010101,临海市,0576,中国石化许墅加油站,"121.090523,28.875348",121.090523,28.875348,B02400TVCF,121.08610412567505,28.8781463515714
,下各镇连头移民村德林特轮胎吉速汽修,,330000,331024,浙江省,台州市,汽车服务;汽车配件销售;汽车配件销售,010800,仙居县,0576,吉速汽修轮胎,"120.846982,28.865658",120.846982,28.865658,B0H26R2VKD,120.84295510882434,28.868780153326913
,下各镇穿镇路451-3号,,330000,331024,浙江省,台州市,汽车服务;汽车服务相关;汽车服务相关,010000,仙居县,0576,华胜电动工具,"120.852384,28.857211",120.852384,28.857211,B0FFL0DH2D,120.84836786618666,28.860348810711553
,镇西路12号,,330000,331024,浙江省,台州市,汽车服务;汽车养护/装饰;汽车养护,010400,仙居县,0576,辉腾汽车装潢,"120.846320,28.862192",120.84632,28.862192,B0GRPCL4RU,120.8422920911398,28.865315646047804
,福应街道,,330000,331024,浙江省,台州市,汽车服务;加油站;加油站,010100,仙居县,0576,大路站加油站,"120.832536,28.888564",120.832536,28.888564,B0GUTYIG1A,120.82847815455303,28.891642047975658
,铁山路与怀湖路交叉口西120米,,330000,331024,浙江省,台州市,汽车服务;汽车服务相关;汽车服务相关,010000,仙居县,0576,"仙居吊车出租,仙居道路救援,潜水打捞","120.850435,28.855053",120.850435,28.855053,B0G34MRNGW,120.84641544464783,28.858189187934197
,台金高速引线与春晖东路交叉口西北240米,,330000,331024,浙江省,台州市,汽车服务;汽车配件销售;汽车配件销售,010800,仙居县,0576,大路园区赛阳汽车配件有限公司,"120.841005,28.883667",120.841005,28.883667,B0J2AL69WQ,120.83696495594285,28.886764574114125
,下各镇镇西南路,,330000,331024,浙江省,台州市,汽车服务;充电站;充电站,011100,仙居县,0576,国家电网汽车充电站(浙江省台州市仙居县下各镇镇西南路充电站),"120.844574,28.853384",120.844574,28.853384,B0LURK2DKK,120.84054334687085,28.85651126464163
,镇西路与管铁线交叉口北380米,,330000,331024,浙江省,台州市,汽车服务;汽车养护/装饰;汽车养护,010400,仙居县,0576,红红汽车美容服务中心,"120.845823,28.861475",120.845823,28.861475,B0KUAR91X9,120.8417941802667,28.86459831882742
,铁山路,,330000,331024,浙江省,台州市,汽车服务;汽车租赁;汽车租赁,010900,仙居县,0576,怀仁叉车出租,"120.848587,28.854168",120.848587,28.854168,B0HK01G6T7,120.84456404075203,28.85730170424945
,下各镇高畔1号,,330000,331024,浙江省,台州市,汽车服务;汽车配件销售;汽车配件销售|汽车维修;汽车维修;汽车维修,010800|030000,仙居县,0576,倍耐力轮胎(下各店),"120.843993,28.858024",120.843993,28.858024,B0IAPUOELM,120.83996085285008,28.861146700279395
,下各镇穿镇路怀仁往仙居方向,,330000,331024,浙江省,台州市,汽车服务;汽车服务相关;汽车服务相关,010000,仙居县,0576,赵氏补胎轮胎店,"120.844173,28.857546",120.844173,28.857546,B0FFLCHQN0,120.84014124401904,28.86066938600264
,下各镇镇西南路82号,,330000,331024,浙江省,台州市,汽车服务;汽车养护/装饰;汽车养护,010400,仙居县,0576,车之家汽车美容,"120.844878,28.854540",120.844878,28.85454,B0LRYMUTW8,120.84084785663273,28.85766692791997
,下各镇镇西南路34号,,330000,331024,浙江省,台州市,汽车服务;汽车服务相关;汽车服务相关,010000,仙居县,0576,文伟五金农机,"120.845042,28.855529",120.845042,28.855529,B0FFKV67NY,120.84101210352375,28.858655467722958
,穿镇西路与镇西路交叉口西180米,,330000,331024,浙江省,台州市,汽车服务;汽车服务相关;汽车服务相关,010000,仙居县,0576,顾利水农机修理店,"120.843667,28.856214",120.843667,28.856214,B0K3HX74OX,120.83963434469015,28.85933749428264
,铁山路与镇西路交叉口东140米,,330000,331024,浙江省,台州市,汽车服务;汽车养护/装饰;汽车养护,010400,仙居县,0576,喜车房,"120.846375,28.853925",120.846375,28.853925,B0L0DXOSVD,120.84234781995886,28.857055039867923
,镇西路与管铁线交叉口西北160米,,330000,331024,浙江省,台州市,汽车服务;汽车配件销售;汽车配件销售,010800,仙居县,0576,阿特拉斯轮胎,"120.844128,28.857586",120.844128,28.857586,B0G25YS7A6,120.84009615226067,28.860709275159625
,管铁线与镇西路交叉口西160米,,330000,331024,浙江省,台州市,汽车服务;汽车配件销售;汽车配件销售,010800,仙居县,0576,海倍德轮胎,"120.844075,28.857975",120.844075,28.857975,B0LBLLRH1D,120.84004301840069,28.861097884203797
,福应街道大路村3-5号,,330000,331024,浙江省,台州市,汽车服务;汽车养护/装饰;汽车养护|汽车维修;汽车维修;汽车维修,010400|030000,仙居县,0576,仙居县凯翔汽车修理厂大路分厂,"120.828238,28.886726",120.828238,28.886726,B0LA9AZ5LG,120.82417127839645,28.88979737792555
,林伟力诊所东北侧250米,,330000,331024,浙江省,台州市,汽车服务;汽车养护/装饰;汽车养护,010400,仙居县,0576,佳通轮胎(临石线店),"120.829903,28.887006",120.829903,28.887006,B0J12HZ22K,120.82583975579357,28.890080302053796
,大路村公路南75-6,,330000,331024,浙江省,台州市,汽车服务;汽车养护/装饰;汽车养护,010400,仙居县,0576,车宝贝汽车养护会所,"120.829966,28.887034",120.829966,28.887034,B0JD4SS3DJ,120.82590288594159,28.890108399092032
,括苍大道667号七里村,,330000,331082,浙江省,台州市,汽车服务;加油站;中国石油,010102,临海市,0576,中国石油临海东海加油站,"121.105142,28.859864",121.105142,28.859864,B024006XLL,121.1007216548987,28.86267394859595
,括苍大道1531-1533,,330000,331082,浙江省,台州市,汽车服务;汽车配件销售;汽车配件销售,010800,临海市,0576,威狮轮胎店,"121.100117,28.863531",121.100117,28.863531,B0FFL9I86Y,121.09569609336344,28.866337193440707
,大洋街道协成路418号,,330000,331082,浙江省,台州市,汽车服务;汽车租赁;汽车租赁,010900,临海市,0576,嘻嘻K汽车租赁协成店,"121.148098,28.862797",121.148098,28.862797,B0LA25JIIQ,121.14372271225596,28.86565053079848
,协成路与水云北路交叉口西南220米,,330000,331082,浙江省,台州市,汽车服务;汽车养护/装饰;汽车养护,010400,临海市,0576,兵哥汽车装潢服务,"121.147945,28.862265",121.147945,28.862265,B0HA6Z7O0T,121.14356948830488,28.865118683002645
,凯歌路2号地面停车场,,330000,331082,浙江省,台州市,汽车服务;充电站;充电站,011100,临海市,0576,国家电网汽车充电站,"121.145670,28.859363",121.14567,28.859363,B0FFINBS6J,121.1412908238246,28.86221516552529
,古城街道蓝盾花园,,330000,331082,浙江省,台州市,汽车服务;充电站;充电站,011100,临海市,0576,特来电汽车充电站(台州临海市银泰北充电站),"121.140629,28.857668",121.140629,28.857668,B0J2T4Z9ZG,121.13624177327296,28.860513569679497
,东方大道149号,,330000,331082,浙江省,台州市,汽车服务;汽车服务相关;汽车服务相关,010000,临海市,0576,汽车金融,"121.147698,28.860357",121.147698,28.860357,B0K3YHFP1E,121.14332221062675,28.86321173054682
,东方大道109-1号,,330000,331082,浙江省,台州市,汽车服务;汽车配件销售;汽车配件销售,010800,临海市,0576,临海市鑫旺汽配店,"121.146760,28.859654",121.14676,28.859654,B0FFHJ7JP8,121.14238265188291,28.86250771988945
,东方大道177号,,330000,331082,浙江省,台州市,汽车服务;汽车配件销售;汽车配件销售,010800,临海市,0576,万顺汽配,"121.148259,28.860799",121.148259,28.860799,B0FFGWMKS6,121.14388415031354,28.86365432632385
,东方大道与水云北路交叉口西南280米,,330000,331082,浙江省,台州市,汽车服务;汽车配件销售;汽车配件销售,010800,临海市,0576,东哥汽配商行,"121.148507,28.860978",121.148507,28.860978,B0FFG0KA6O,121.14413256914261,28.86383360402863
,古城街道东方大道71号,,330000,331082,浙江省,台州市,汽车服务;加油站;中国石化|公司企业;公司;公司,010101|170200,临海市,0576,中国石化勾山加油站,"121.142768,28.857189",121.142768,28.857189,B0FFGWIHTD,121.13838420503323,28.86003821274378
,东方大道75号银泰城加油站隔壁地面停车场,,330000,331082,浙江省,台州市,汽车服务;充电站;充电站,011100,临海市,0576,云快充汽车充电站(临海勾山充电站),"121.143358,28.857378",121.143358,28.857378,B0IK3LUEBK,121.13897514720324,28.86022799133407
,勾山加油站内,,330000,331082,浙江省,台州市,汽车服务;汽车服务相关;汽车服务相关,010000,临海市,0576,台运车管家(勾山店),"121.142405,28.857317",121.142405,28.857317,B0FFLIDRDB,121.13802061048516,28.860165551552345
,东方大道与厚德路交叉口北120米,,330000,331082,浙江省,台州市,汽车服务;汽车配件销售;汽车配件销售,010800,临海市,0576,普利司通轮胎店,"121.142625,28.857475",121.142625,28.857475,B0LBS1UZ6H,121.13824095180443,28.860323772527448
,协成路与水云北路交叉口东北200米,,330000,331082,浙江省,台州市,汽车服务;汽车养护/装饰;汽车养护,010400,临海市,0576,CC养车,"121.150895,28.865114",121.150895,28.865114,B0LUVHDG7H,121.14652447577987,28.867970485562147
,大洋街道东方大道88号,,330000,331082,浙江省,台州市,汽车服务;汽车养护/装饰;汽车养护|汽车服务;洗车场;洗车场|汽车服务;汽车配件销售;汽车配件销售|汽车维修;汽车维修;汽车维修,010400|010500|010800|030000,临海市,0576,驰加汽车服务中心(临海市东方大道店),"121.150635,28.861781",121.150635,28.861781,B0FFHUBWJW,121.14626427238123,28.86463959118235
,东方大道32号,,330000,331082,浙江省,台州市,汽车服务;汽车养护/装饰;汽车养护,010400,临海市,0576,华东汽车装潢,"121.149464,28.861131",121.149464,28.861131,B024002YQU,121.14509123973426,28.863988096706322
,东方大道98号,,330000,331082,浙江省,台州市,汽车服务;加油站;中国石化,010101,临海市,0576,中国石化协作加油站,"121.151833,28.862395",121.151833,28.862395,B0240045PU,121.14746438306108,28.865255182342757
,冠春园路与深甫西路交叉口西北100米,,330000,331082,浙江省,台州市,汽车服务;二手车交易;二手车交易,011000,临海市,0576,车一家二手车买卖,"121.150405,28.860216",121.150405,28.860216,B0IAHU7KII,121.14603398440599,28.86307539363807
,银泰购物中心地下停车场A114、A113车位,,330000,331082,浙江省,台州市,汽车服务;充电站;充电站,011100,临海市,0576,特斯拉目的地充电站(台州临海银泰目的地充电站),"121.140260,28.855560",121.14026,28.85556,B0JKUHGKIS,121.13587236678266,28.858406619248743
,张洋路118号,,330000,331082,浙江省,台州市,汽车服务;汽车养护/装饰;汽车养护,010400,临海市,0576,波仕卡专业换油养护中心(台州临海店),"121.152775,28.867545",121.152775,28.867545,B0FFM9YQ4A,121.14840769301357,28.870402872206814
,东方大道251-1号,,330000,331082,浙江省,台州市,汽车服务;汽车养护/装饰;汽车养护|汽车服务;洗车场;洗车场|汽车维修;汽车综合维修;汽车综合维修,010400|010500|030100,临海市,0576,临海市新时代汽车修理厂,"121.153499,28.865185",121.153499,28.865185,B024006YNY,121.14913320853049,28.8680459490977
,冠春园路与深甫西路交叉口西北60米,,330000,331082,浙江省,台州市,汽车服务;汽车服务相关;汽车服务相关,010000,临海市,0576,汽配农机,"121.150496,28.859838",121.150496,28.859838,B0J1AP2NDL,121.14612517687807,28.86269783748563
,凯歌路与深甫西路交叉口东20米,,330000,331082,浙江省,台州市,汽车服务;汽车服务相关;汽车服务相关,010000,临海市,0576,二手轮胎之家,"121.148272,28.857109",121.148272,28.857109,B0FFHEFDVX,121.14389746414996,28.859967161765876
,下洋兆小区东南门西北100米,,330000,331082,浙江省,台州市,汽车服务;汽车租赁;汽车租赁,010900,临海市,0576,铭田汽车租赁,"121.144880,28.855032",121.14488,28.855032,B0K1DLDEMW,121.14049984142966,28.85788619074228
,张洋路211号,,330000,331082,浙江省,台州市,汽车服务;汽车服务相关;汽车服务相关,010000,临海市,0576,城东汽车服务中心,"121.154743,28.864598",121.154743,28.864598,B0FFJF149X,121.15037955925474,28.867461592509024
,大洋西路与凯歌路交叉口西南60米,,330000,331082,浙江省,台州市,汽车服务;汽车配件销售;汽车配件销售,010800,临海市,0576,玲珑轮胎(大洋西路店),"121.148523,28.855858",121.148523,28.855858,B0H1XM3JAK,121.14414900110448,28.858717533232774
,大洋西路403号,,330000,331082,浙江省,台州市,汽车服务;汽车配件销售;汽车配件销售,010800,临海市,0576,华顺新胎二手胎批发零售,"121.148895,28.855950",121.148895,28.85595,B0H3MH9C9X,121.1445216457804,28.85881008708134
,张洋路207号,,330000,331082,浙江省,台州市,汽车服务;汽车配件销售;汽车配件销售,010800,临海市,0576,张华龙轮胎经营部,"121.154955,28.864642",121.154955,28.864642,B0FFM3I9FH,121.15059195095732,28.867505934755364
,靖江中路286-298号,,330000,331082,浙江省,台州市,汽车服务;汽车租赁;汽车租赁,010900,临海市,0576,唯爱婚车租赁(临海店),"121.141081,28.853688",121.141081,28.853688,B0L1A6HQL8,121.13669479474763,28.85653728012965
B0HRUCHNNN,靖江中路336号朗成时代广场地下停车场006,,330000,331082,浙江省,台州市,汽车服务;充电站;充电站,011100,临海市,0576,极氪能源汽车充电站(ZEEKR Power台州朗成时代广场极充站),"121.141757,28.853206",121.141757,28.853206,B0I29RLA62,121.13737190045383,28.856056677727185
,"古城街道靖江中路326号朗成·大时代地下二层,跟着箭头走",,330000,331082,浙江省,台州市,汽车服务;充电站;充电站,011100,临海市,0576,小桔充电汽车充电站(临海朗成大时代充电站),"121.141440,28.853530",121.14144,28.85353,B0L2DN6UJS,121.13705437269307,28.85637994667558
B0HRUCHNNN,时代广场地下停车场,,330000,331082,浙江省,台州市,汽车服务;充电站;充电站,011100,临海市,0576,浩瀚能源充电站(ZEEKR Power台州朗成时代广场极充站),"121.141787,28.853340",121.141787,28.85334,B0LRLNM7A9,121.13740193753078,28.856190622069406
,古城街道梵洗汽车服务部,,330000,331082,浙江省,台州市,汽车服务;充电站;充电站,011100,临海市,0576,小桔充电汽车充电站(临海东湖靖江北路晒网山超充站),"121.131987,28.855461",121.131987,28.855461,B0LD0GABK9,121.12758758488143,28.858296181839613
,古城街道靖江北路东湖村森林防火办公室1-7,,330000,331082,浙江省,台州市,汽车服务;汽车租赁;汽车租赁,010900,临海市,0576,嘻嘻k汽车租赁,"121.132042,28.855702",121.132042,28.855702,B0JGYRYU5L,121.127642637023,28.858537068862308
,古城街道梵洗汽车服务部,,330000,331082,浙江省,台州市,汽车服务;充电站;充电站,011100,临海市,0576,理想超级充电站(理想超充站临海靖江北路停车场近远洲小区),"121.131950,28.855564",121.13195,28.855564,B0LAJYG278,121.1275505288845,28.858399056301966
,立发路228号,,330000,331082,浙江省,台州市,汽车服务;汽车服务相关;汽车服务相关,010000,临海市,0576,雨欣新能源有限公司,"121.147176,28.854489",121.147176,28.854489,B0LG3Z5PJI,121.14279977302236,28.857347336292964
,靖江北路东湖村森林防火办公楼底层1-3,,330000,331082,浙江省,台州市,汽车服务;汽车服务相关;汽车服务相关,010000,临海市,0576,梵洗汽车服务部,"121.131978,28.855492",121.131978,28.855492,B0JR1SS5UN,121.12757857078586,28.858327146779562
,锦绣家园西区北侧280米,,330000,331082,浙江省,台州市,汽车服务;洗车场;洗车场,010500,临海市,0576,小潘潘洗车场,"121.131783,28.855619",121.131783,28.855619,B0KACCQWC0,121.12738330914823,28.858453801838685
,立发路209号,,330000,331082,浙江省,台州市,汽车服务;汽车服务相关;汽车服务相关,010000,临海市,0576,天天车宝台州运营中心,"121.147013,28.854139",121.147013,28.854139,B0JBOZI20K,121.14263652062365,28.856997333697667
,腾远学校东北门西北50米,,330000,331082,浙江省,台州市,汽车服务;汽车养护/装饰;汽车养护,010400,临海市,0576,A加车生活,"121.155940,28.863716",121.15594,28.863716,B0GUOD42FR,121.15157886892429,28.866582398349077
,古城街道凯歌路62-66号,,330000,331082,浙江省,台州市,汽车销售;汽车销售;汽车销售|汽车服务;汽车服务相关;汽车服务相关,020000|010000,临海市,0576,楠琪名车,"121.149562,28.855215",121.149562,28.855215,B0GRX19JW0,121.1451898797877,28.85807677066023
,张洋路165号,,330000,331082,浙江省,台州市,汽车维修;汽车综合维修;汽车综合维修|汽车服务;汽车服务相关;汽车服务相关,030100|010000,临海市,0576,新境界汽修,"121.155838,28.863744",121.155838,28.863744,B02400SP9H,121.15147667499456,28.866610194656072
,凯歌路68号,,330000,331082,浙江省,台州市,购物服务;专卖店;自行车专卖店|汽车服务;汽车租赁;汽车租赁,061208|010900,临海市,0576,亿隆租车,"121.149583,28.855143",121.149583,28.855143,B0GRXK7XPH,121.1452109226391,28.858004860926567
,凯歌路78号,,330000,331082,浙江省,台州市,汽车服务;汽车租赁;汽车租赁,010900,临海市,0576,汽车租赁汽车抵押,"121.149807,28.855048",121.149807,28.855048,B0J3AML4S2,121.14543532718307,28.857910312667993
,临海市道路运输管理局东北门北50米,,330000,331082,浙江省,台州市,汽车服务;汽车服务相关;汽车服务相关,010000,临海市,0576,康强汽车服务中心,"121.135811,28.853138",121.135811,28.853138,B0JUL5MD3P,121.13141695602367,28.855980038814273
,台州府路490号,,330000,331082,浙江省,台州市,购物服务;专卖店;自行车专卖店|汽车服务;汽车养护/装饰;汽车养护|汽车维修;汽车综合维修;汽车综合维修|汽车销售;汽车销售;汽车销售,061208|010400|030100|020000,临海市,0576,宝祥汽修,"121.135907,28.853083",121.135907,28.853083,B02400T4LL,121.13151309659752,28.85592521363611
B024006QX5,远洲路96号,,330000,331082,浙江省,台州市,生活服务;生活服务场所;生活服务场所|汽车服务;汽车服务相关;汽车服务相关,070000|010000,临海市,0576,盼盼开锁(远洲路店),"121.134659,28.853346",121.134659,28.853346,B02400SJCL,121.13026332732521,28.856186303519493
,台州府路与远洲路交叉口东南80米,,330000,331082,浙江省,台州市,汽车服务;汽车服务相关;汽车服务相关,010000,临海市,0576,车主服务中心,"121.135969,28.853002",121.135969,28.853002,B0H0ASRMNS,121.13157519113203,28.855844361179184
,台州府路与远洲路交叉口东南40米,,330000,331082,浙江省,台州市,汽车服务;汽车配件销售;汽车配件销售,010800,临海市,0576,领航润滑油,"121.135840,28.853197",121.13584,28.853197,B0L33RCG99,121.13144599247988,28.856039034221872
,大洋街道大洋西路70-1号,,330000,331082,浙江省,台州市,汽车服务;汽车养护/装饰;汽车养护|汽车服务;洗车场;洗车场|汽车维修;汽车维修;汽车维修,010400|010500|030000,临海市,0576,安越汽车服务,"121.156182,28.861372",121.156182,28.861372,B0H3O7ZK8A,121.15182150908352,28.86424062393336
,台州府路与崇和路交叉口北60米,,330000,331082,浙江省,台州市,汽车服务;汽车养护/装饰;汽车养护,010400,临海市,0576,壳牌鹏致汽车保养(台州大道店),"121.136225,28.852825",121.136225,28.852825,B0LAPLLLJV,121.13183157027204,28.855667852006086
,互邦汽车租赁(凯歌路店),,330000,331082,浙江省,台州市,汽车服务;汽车租赁;汽车租赁,010900,临海市,0576,互邦租车,"121.150725,28.854487",121.150725,28.854487,B0FFG02K2I,121.1463550089082,28.857351303288148
,远洲路136号朝阳轮胎,,330000,331082,浙江省,台州市,汽车服务;汽车配件销售;汽车配件销售,010800,临海市,0576,临海市王俊轮胎服务部,"121.133694,28.852871",121.133694,28.852871,B0FFLKJI0E,121.12929704680904,28.855710370910472
,新城路28号,,330000,331082,浙江省,台州市,汽车维修;北京汽车维修;北京汽车维修|汽车服务;汽车服务相关;汽车服务相关|汽车销售;汽车销售;汽车销售,033300|010000|020000,临海市,0576,台州长通日丰汽车维修有限公司,"121.152525,28.855178",121.152525,28.855178,B0FFF4JFR8,121.14815821114516,28.858044885344906
,远洲路138号,,330000,331082,浙江省,台州市,汽车服务;汽车配件销售;汽车配件销售,010800,临海市,0576,朝阳轮胎(锦绣家园东区店),"121.133687,28.852870",121.133687,28.85287,B0J1J6M5F3,121.12929003743676,28.855709362385625
,大洋街道大洋西路293号,,330000,331082,浙江省,台州市,汽车服务;汽车配件销售;汽车配件销售,010800,临海市,0576,液体黄金轮胎店,"121.157080,28.861464",121.15708,28.861464,B0LAJRINA8,121.15272119919572,28.864334166390417
,大洋西路与张洋路交叉口西南80米,,330000,331082,浙江省,台州市,汽车服务;汽车配件销售;汽车配件销售,010800,临海市,0576,仁伟轮胎经营部,"121.157175,28.861475",121.157175,28.861475,B0LGHLMT9P,121.15281637854403,28.864345329158308
,张洋路123号,,330000,331082,浙江省,台州市,汽车服务;汽车养护/装饰;汽车养护,010400,临海市,0576,兴城汽车养护中心,"121.157775,28.861625",121.157775,28.861625,B0G1OAE24W,121.15341750770443,28.864496298012043
,张洋路123号,,330000,331082,浙江省,台州市,汽车服务;汽车养护/装饰;汽车养护|汽车服务;汽车配件销售;汽车配件销售,010400|010800,临海市,0576,兴城汽车美容养护中心,"121.157949,28.861404",121.157949,28.861404,B02400171D,121.15359185687186,28.864275781852605
,新城路8号,,330000,331082,浙江省,台州市,汽车服务;汽车配件销售;汽车配件销售,010800,临海市,0576,金齐鲁汽配(临海店),"121.152646,28.854585",121.152646,28.854585,B0KGY7INEQ,121.148279478904,28.857452546671542
,大洋西路与柏叶西路288号,,330000,331082,浙江省,台州市,汽车服务;汽车配件销售;汽车配件销售,010800,临海市,0576,秀富汽配(柏叶西路店),"121.152605,28.854137",121.152605,28.854137,B02400393A,121.14823843930068,28.857004815564245
,柏叶西路233号,,330000,331082,浙江省,台州市,汽车服务;汽车租赁;汽车租赁,010900,临海市,0576,阿磊租赁,"121.150851,28.852949",121.150851,28.852949,B0FFG8WIAL,121.14648135620297,28.855814686733453
,三峰路348号,,330000,331082,浙江省,台州市,汽车服务;汽车服务相关;汽车服务相关,010000,临海市,0576,翔信保养,"121.156641,28.873860",121.156641,28.87386,B0GROX5BJQ,121.15228039125603,28.876719858284645
,柏叶西路与凯歌路交叉口东北60米,,330000,331082,浙江省,台州市,汽车服务;汽车养护/装饰;汽车养护,010400,临海市,0576,悦腾养车,"121.151475,28.853375",121.151475,28.853375,B0LDRZ4CF8,121.14710644633118,28.856241436063637
,大洋街道柏叶西路319号,,330000,331082,浙江省,台州市,汽车服务;汽车配件销售;汽车配件销售,010800,临海市,0576,信义易车玻璃(临海店),"121.154640,28.855561",121.15464,28.855561,B0J3HZNTBR,121.15027707970643,28.858431307439208
B0FFF5NMFB,柏叶西路临海市第一人民医院(大洋西路)东南侧约290米,,330000,331082,浙江省,台州市,购物服务;专卖店;专营店|汽车服务;汽车服务相关;汽车服务相关,061200|010000,临海市,0576,小李润滑油专卖店,"121.152822,28.853651",121.152822,28.853651,B024004W96,121.14845587445181,28.856519562835317
,云塘路100号,,330000,331082,浙江省,台州市,汽车服务;洗车场;洗车场,010500,临海市,0576,爱车族汽车服务(云塘店),"121.155690,28.854828",121.15569,28.854828,B0K0FC5ZXP,121.1513290995574,28.857700731029453
,柏叶西路375号,,330000,331082,浙江省,台州市,汽车服务;汽车养护/装饰;汽车养护,010400,临海市,0576,午夜车坊,"121.157718,28.857785",121.157718,28.857785,B0GRK75U2A,121.15336070152831,28.86065912488745
,大样街道柏叶西路425号,,330000,331082,浙江省,台州市,汽车服务;汽车养护/装饰;汽车养护|汽车维修;汽车维修;汽车维修,010400|030000,临海市,0576,新日汽修,"121.158532,28.858292",121.158532,28.858292,B0HR3SCBLJ,121.15417621630097,28.86116721434968
,恒宇·国际汇晶城西1门旁,,330000,331082,浙江省,台州市,汽车服务;汽车服务相关;汽车服务相关|汽车维修;汽车维修;汽车维修,010000|030000,临海市,0576,正阳专业轿车钣金喷漆修理厂,"121.155773,28.854619",121.155773,28.854619,B0FFGIS3XV,121.15141227182733,28.857492037981746
,大洋街道回浦中学西,,330000,331082,浙江省,台州市,汽车服务;充电站;充电站,011100,临海市,0576,能效邻里共享汽车充电站(baiyu的共享桩),"121.155930,28.877304",121.15593,28.877304,B0K2GBNKTS,121.15156777916486,28.8801599238384
,云塘路与柏叶西路交叉路口往南约100米,,330000,331082,浙江省,台州市,汽车服务;汽车配件销售;汽车配件销售,010800,临海市,0576,固铂轮胎(云塘路店),"121.155838,28.855144",121.155838,28.855144,B0GR9OSJ3I,121.15147735255849,28.85801675508636
,柏叶西路与新城路交叉口东南120米,,330000,331082,浙江省,台州市,汽车服务;汽车服务相关;汽车服务相关,010000,临海市,0576,钜动换电,"121.153375,28.853075",121.153375,28.853075,B0L1CB5ND2,121.14900993480593,28.855944967078724
,城东三峰路375号,,330000,331082,浙江省,台州市,汽车服务;加油站;中国石化,010101,临海市,0576,中国石化甬临加油站,"121.161046,28.870359",121.161046,28.870359,B0240045PV,121.15669411732988,28.873229572747416
,水云塘小区西门西北100米,,330000,331082,浙江省,台州市,汽车服务;汽车服务相关;汽车服务相关,010000,临海市,0576,台运车管家(云塘店),"121.155798,28.853934",121.155798,28.853934,B0FFIU5YIK,121.15143737273583,28.85680760291772
,大洋街道大洋社区地面停车场,,330000,331082,浙江省,台州市,汽车服务;充电站;充电站,011100,临海市,0576,特来电充电站(台州临海市大洋小区),"121.160724,28.862447",121.160724,28.862447,B0JDARA3P3,121.15637211496316,28.865323049826717
,古城街道靖江北路45号,,330000,331082,浙江省,台州市,汽车服务;汽车救援;汽车救援,010700,临海市,0576,韩泰轮胎专营店(五星洗车场),"121.122536,28.857744",121.122536,28.857744,B0FFKTM91M,121.11812577741365,28.860566777941877
,大洋街道开发大道威炫足球公园内地面停车场,,330000,331082,浙江省,台州市,汽车服务;充电站;充电站,011100,临海市,0576,特来电汽车充电站(特来电台州临海市三峰路口停车场充电站),"121.161510,28.869039",121.16151,28.869039,B0J2TPOLZL,121.15715912398959,28.871911443243352
,古城街道钱暄路160号,,330000,331082,浙江省,台州市,汽车服务;充电站;充电站,011100,临海市,0576,国家电网充电站(钱暄路),"121.123126,28.856192",121.123126,28.856192,B0FFIW1CO9,121.11871646504119,28.859016538838123
,古城街道靖江北路45号,,330000,331082,浙江省,台州市,汽车服务;汽车配件销售;汽车配件销售,010800,临海市,0576,邓禄普轮胎(五星洗车场店),"121.122572,28.857741",121.122572,28.857741,B0IKSAY8E1,121.11816181171095,28.860563815235707
,大洋街道柏叶西路607号,,330000,331082,浙江省,台州市,汽车服务;汽车服务相关;汽车服务相关,010000,临海市,0576,临海市恒畅汽车服务中心,"121.160321,28.859554",121.160321,28.859554,B0I1NH8462,121.15596856176109,28.862431519380664
,靖江北路7号,,330000,331082,浙江省,台州市,汽车服务;洗车场;洗车场,010500,临海市,0576,朝阳轮胎五星洗车场(靖江北路店),"121.122503,28.857747",121.122503,28.857747,B0J6APV6AO,121.118092746,28.860569743605158
,云塘路52号,,330000,331082,浙江省,台州市,汽车服务;汽车养护/装饰;汽车养护,010400,临海市,0576,快洗汽车生活馆(云塘路店),"121.156139,28.853533",121.156139,28.853533,B0FFFQIT56,121.15177904561483,28.856407517017974
B0240045PV,三峰路375号,,330000,331082,浙江省,台州市,汽车服务;汽车服务相关;汽车服务相关,010000,临海市,0576,易捷养车洗车店,"121.161239,28.870449",121.161239,28.870449,B0LBHHZ3NP,121.15688748548568,28.873319859021777
,东方大道,,330000,331082,浙江省,台州市,汽车服务;充电站;充电站,011100,临海市,0576,超翔汽车充电站(铂菲智影酒店),"121.161440,28.870546",121.16144,28.870546,B0L2KUGXNF,121.15708886903577,28.873417154973488
,靖江北路与钱暄路交叉口东北100米,,330000,331082,浙江省,台州市,汽车服务;汽车服务相关;汽车服务相关,010000,临海市,0576,阿军汽车电瓶,"121.122448,28.857407",121.122448,28.857407,B0FFG8W6XP,121.11803772107136,28.860229949226667
,靖江北路与钱暄路交叉口东北100米,,330000,331082,浙江省,台州市,汽车服务;汽车配件销售;汽车配件销售,010800,临海市,0576,建宁汽配,"121.122226,28.857722",121.122226,28.857722,B0JRZ6RLFA,121.11781548800435,28.860544495111256
,东方大道389号汽车中介租车新能源新能源汽车车辆过户车辆年检车辆年审,,330000,331082,浙江省,台州市,汽车服务;二手车交易;二手车交易,011000,临海市,0576,汇丰二手车,"121.161354,28.870515",121.161354,28.870515,B0FFHDR0WT,121.15700270405458,28.873386020224416
,古城街道靖江北路15-29号,,330000,331082,浙江省,台州市,汽车服务;汽车养护/装饰;汽车养护|汽车服务;汽车配件销售;汽车配件销售,010400|010800,临海市,0576,新亮点汽车服务中心(靖江北路店),"121.121708,28.857630",121.121708,28.85763,B0FFG4INVF,121.11729701737696,28.86045207211086
,云塘路20号,,330000,331082,浙江省,台州市,汽车服务;汽车配件销售;汽车配件销售,010800,临海市,0576,好美特精选汽配临海店,"121.156140,28.852875",121.15614,28.852875,B0HDDH8ZED,121.15178009932443,28.855750018139386
,钱暄路与白云路口,,330000,331082,浙江省,台州市,汽车服务;汽车服务相关;汽车服务相关,010000,临海市,0576,白云洗车美容之家,"121.124104,28.854278",121.124104,28.854278,B0FFHN3VB7,121.1196955828742,28.857104980709853
,洋头家园48幢,,330000,331082,浙江省,台州市,汽车服务;汽车租赁;汽车租赁,010900,临海市,0576,酷驰租车,"121.159558,28.856983",121.159558,28.856983,B0K137UME6,121.15520429046889,28.85986108144334
B0GKXZEGH1,东方大道1号临海银泰城地下停车场B1层A026、A028,,330000,331082,浙江省,台州市,汽车服务;充电站;充电站,011100,临海市,0576,特斯拉超级充电站(台州临海银泰百货)(装修中),"121.139334,28.856106",121.139334,28.856106,B0FFFPBHQD,121.13494490219368,28.858950826474068
,立发路217号,,330000,331082,浙江省,台州市,汽车服务;汽车养护/装饰;汽车养护|汽车服务;洗车场;洗车场|汽车维修;汽车维修;汽车维修,010400|010500|030000,临海市,0576,爱车族汽车服务(立发店)(暂停营业),"121.146856,28.854556",121.146856,28.854556,B0FFFZGPOZ,121.14247921856094,28.857413758867008
,临海市弘法寺北门东140米,,330000,331082,浙江省,台州市,汽车服务;汽车服务相关;汽车服务相关,010000,临海市,0576,诚和轮胎店,"121.122185,28.856352",121.122185,28.856352,B0FFLIOZ2E,121.11777455831707,28.85917549871001
,钱暄路152号,,330000,331082,浙江省,台州市,汽车维修;汽车维修;汽车维修|汽车服务;汽车服务相关;汽车服务相关,030000|010000,临海市,0576,专业汽车塑料焊接,"121.124345,28.853721",121.124345,28.853721,B0FFH2DZ3R,121.1199368708194,28.85654865189705
,靖江北路23正,,330000,331082,浙江省,台州市,汽车服务;汽车配件销售;汽车配件销售,010800,临海市,0576,固特异轮胎专卖店,"121.121433,28.857480",121.121433,28.85748,B0FFM9HP5Z,121.11702177993202,28.860301928432992
,钱暄路钱暄路152号住宅楼,,330000,331082,浙江省,台州市,汽车服务;二手车交易;二手车交易,011000,临海市,0576,华星房产汽车(钱暄路店),"121.124342,28.853677",121.124342,28.853677,B0FFGXZMVK,121.11993387125479,28.85650468219741
,钱暄路钱暄路152号住宅楼,,330000,331082,浙江省,台州市,汽车服务;汽车养护/装饰;汽车养护,010400,临海市,0576,昌武汽车美容装潢,"121.124273,28.853823",121.124273,28.853823,B0FFL9Q4QA,121.11986478965915,28.856650500091316
,后山村办公大楼,,330000,331082,浙江省,台州市,汽车服务;汽车服务相关;汽车服务相关,010000,临海市,0576,阿强汽车玻璃,"121.121461,28.857498",121.121461,28.857498,B0FFHXRBAC,121.11704980375237,28.860319940863153
,靖江北路与钱暄路交叉口北20米,,330000,331082,浙江省,台州市,汽车服务;汽车配件销售;汽车配件销售,010800,临海市,0576,临海小谢汽车轮胎店,"121.121442,28.857498",121.121442,28.857498,B0HDDCBDRI,121.11703078661739,28.860319923123228
,钱暄路152号田华,,330000,331082,浙江省,台州市,汽车服务;汽车配件销售;汽车配件销售,010800,临海市,0576,田华万力轮胎店,"121.124473,28.853563",121.124473,28.853563,B0FFL93UPN,121.1200650137519,28.85639090448034
,钱暄路152号住宅楼1-3幢南门旁,,330000,331082,浙江省,台州市,汽车服务;汽车配件销售;汽车配件销售,010800,临海市,0576,双钱轮胎,"121.124575,28.853275",121.124575,28.853275,B0LDMRDDB2,121.12016714094081,28.856103229160563
B024006RG4,古城街道靖江北路后山村办公楼,,330000,331082,浙江省,台州市,汽车服务;汽车配件销售;汽车配件销售,010800,临海市,0576,发达汽配(钱暄路店),"121.121378,28.857477",121.121378,28.857477,B0H2DZEEZE,121.11696673067085,28.86029887945504
B0FFI31GCF,钱暄路152号,,330000,331082,浙江省,台州市,购物服务;专卖店;专营店|汽车服务;汽车服务相关;汽车服务相关,061200|010000,临海市,0576,临海正通润滑油有限公司,"121.124496,28.853398",121.124496,28.853398,B0FFFD8O2W,121.12008805032049,28.856226053609706
,大洋街道清化路166号洋头家园,,330000,331082,浙江省,台州市,汽车服务;汽车配件销售;汽车配件销售,010800,临海市,0576,老兵轮胎(补胎换胎),"121.159397,28.855544",121.159397,28.855544,B0L0KUPHU4,121.1550430936207,28.85842288215195
,临海文化广场地下停车场,,330000,331082,浙江省,台州市,汽车服务;充电站;充电站,011100,临海市,0576,国家电网汽车充电站(浙江省台州市临海文化广场地下停车场充电站),"121.161910,28.858513",121.16191,28.858513,B0IAGM2UKX,121.15756073221067,28.86139423992147
,钱暄路115号,,330000,331082,浙江省,台州市,汽车服务;汽车养护/装饰;汽车养护|汽车服务;洗车场;洗车场,010400|010500,临海市,0576,永丰汽车美容中心,"121.124092,28.853521",121.124092,28.853521,B0FFGAEVWR,121.11968363074345,28.85634854317491
,大洋西路与泾项路交叉口东北360米,,330000,331082,浙江省,台州市,汽车服务;洗车场;洗车场,010500,临海市,0576,自助洗车站,"121.163503,28.866885",121.163503,28.866885,B0HD0SWKOD,121.15915619343085,28.86976279036451
,大洋街道大洋中路532号,,330000,331082,浙江省,台州市,汽车服务;二手车交易;二手车交易,011000,临海市,0576,小马平价二手车行,"121.163096,28.866909",121.163096,28.866909,B0H0D79L14,121.15874839236224,28.869786015506996
,大洋街道开发大道206-208号,,330000,331082,浙江省,台州市,汽车服务;汽车养护/装饰;汽车养护|汽车服务;洗车场;洗车场,010400|010500,临海市,0576,极光汽车工作室,"121.163879,28.864366",121.163879,28.864366,B0LGV5TUAJ,121.15953313105119,28.8672464214114
,东方大道391号隔壁,,330000,331082,浙江省,台州市,汽车服务;洗车场;洗车场,010500,临海市,0576,喜车郎洗车(东方大道店),"121.163079,28.871820",121.163079,28.87182,B0IAPHQDRS,121.15873097257035,28.874693207832706
,大洋街道东方大道423号,,330000,331082,浙江省,台州市,汽车服务;汽车服务相关;汽车服务相关|汽车维修;汽车维修;汽车维修,010000|030000,临海市,0576,振力汽修,"121.163337,28.872036",121.163337,28.872036,B0FFGYIVQQ,121.15898946201166,28.874909520773194
,大洋街道大洋社区,,330000,331082,浙江省,台州市,汽车服务;充电站;充电站,011100,临海市,0576,特来电汽车充电站(台州临海市大洋小区1-1停车场充电站),"121.163920,28.862501",121.16392,28.862501,B0J0AP3O0M,121.15957435844292,28.865382925128454
,柏叶西路809-815号,,330000,331082,浙江省,台州市,汽车服务;汽车养护/装饰;汽车养护,010400,临海市,0576,途虎养车工场店(临海大洋店),"121.164718,28.862753",121.164718,28.862753,B0IUKDPZ0R,121.16037391165705,28.865636220703433
,东方大道与绿化路交叉口西南140米,,330000,331082,浙江省,台州市,汽车服务;汽车服务相关;汽车服务相关,010000,临海市,0576,昊轩汽车服务有限公司,"121.163365,28.872146",121.163365,28.872146,B0JGH6MCRQ,121.15901750835036,28.875019488066776
,大洋街道东方大道400号,,330000,331082,浙江省,台州市,汽车服务;汽车养护/装饰;汽车养护|汽车服务;洗车场;洗车场|汽车维修;汽车维修;汽车维修,010400|010500|030000,临海市,0576,汇豪汽修(暂停营业),"121.163779,28.871458",121.163779,28.871458,B0HBRD5JIU,121.15943237634086,28.874332788260883
,古城街道后岭下,,330000,331082,浙江省,台州市,汽车服务;加油站;中国石化,010101,临海市,0576,中国石化后山加油站,"121.118719,28.856031",121.118719,28.856031,B0240045PO,121.11430560013153,28.85885163134558
,后岭下路18号,,330000,331082,浙江省,台州市,汽车服务;汽车配件销售;汽车配件销售,010800,临海市,0576,夏忠轮胎商行,"121.119390,28.857082",121.11939,28.857082,B0FFL3OI7A,121.11497705580764,28.859902400053112
,大洋街道大洋社区,,330000,331082,浙江省,台州市,汽车服务;汽车养护/装饰;汽车养护,010400,临海市,0576,匠道汽车美容,"121.164645,28.863540",121.164645,28.86354,B0FFL8DMAC,121.16030070567976,28.866422482215686
,清化路68号,,330000,331082,浙江省,台州市,汽车服务;汽车养护/装饰;汽车养护,010400,临海市,0576,福汇汽车服务中心.福特林肯专修,"121.162328,28.855566",121.162328,28.855566,B0HUGMPP9I,121.15797978053689,28.85845025689892
,古城街道后岭下临海后山加油站,,330000,331082,浙江省,台州市,汽车服务;充电站;充电站,011100,临海市,0576,中国石化汽车充电站(临海后山充电站),"121.118421,28.855647",121.118421,28.855647,B0J13ZLVYB,121.11400739725474,28.85846767621313
B0240045PO,括苍大道60号,,330000,331082,浙江省,台州市,汽车服务;汽车服务相关;汽车服务相关,010000,临海市,0576,台州市临海后山易捷养车洗车店,"121.118808,28.856011",121.118808,28.856011,B0LBH50WBA,121.11439467211879,28.858831721012955
,大洋街道清化路3号,,330000,331082,浙江省,台州市,汽车服务;充电站;充电站,011100,临海市,0576,吉来电充电汽车充电站(台州市临湖充电服务部),"121.162665,28.854915",121.162665,28.854915,B0L6F62SB8,121.15831749113356,28.857800376206622
,清化路42-46号,,330000,331082,浙江省,台州市,汽车服务;洗车场;洗车场,010500,临海市,0576,妥啦汽车美容养护,"121.163017,28.855578",121.163017,28.855578,B0GUARAW4K,121.15867012876804,28.85846352530003
,括苍大道与后岭下路交叉口西南180米,,330000,331082,浙江省,台州市,汽车服务;加气站;加气站,010300,临海市,0576,临海中润有限公司加气站(暂停营业),"121.118490,28.855334",121.11849,28.855334,B0IBAZ6Q0L,121.11407647574579,28.858154971126705
,清化路30号,,330000,331082,浙江省,台州市,汽车服务;汽车配件销售;汽车配件销售,010800,临海市,0576,临海市李士学轮胎商行·朝阳轮胎(清化路店),"121.163346,28.855610",121.163346,28.85561,B0FFG3EOH2,121.15899977189255,28.8584961121773
,大洋街道洋头社区临海大道500号,,330000,331082,浙江省,台州市,汽车服务;汽车服务相关;汽车服务相关,010000,临海市,0576,临海市道鑫拖拉机修理店,"121.162783,28.854869",121.162783,28.854869,B0LBD5PRXP,121.15843572586766,28.8577546300034
,大洋中路474号商业街北大门斜对面,,330000,331082,浙江省,台州市,汽车服务;汽车服务相关;汽车服务相关,010000,临海市,0576,汽车部落(大洋中路店),"121.166299,28.868787",121.166299,28.868787,B0FFFPZKT3,121.16195756604446,28.871668552979905
,柏叶中路与开发大道交叉口东北100米,,330000,331082,浙江省,台州市,汽车服务;汽车服务相关;汽车服务相关,010000,临海市,0576,台州恒盛润滑油有限公司,"121.166601,28.863745",121.166601,28.863745,B0LD21PMBV,121.1622605617496,28.8666309870472
,大洋中路与临海市中心区商业街交叉口西140米,,330000,331082,浙江省,台州市,汽车服务;充电站;充电站,011100,临海市,0576,小豹充充汽车充电站(小豹充充台州柳岸山庄场站二),"121.167786,28.869476",121.167786,28.869476,B0LGGPYQ4Z,121.16344746708066,28.872359816356
,古城街道括苍大道84号,,330000,331082,浙江省,台州市,汽车服务;汽车配件销售;汽车配件销售,010800,临海市,0576,福耀汽车玻璃(临海独家授权店),"121.115707,28.856829",121.115707,28.856829,B0FFFYQCIS,121.11129135272449,28.859646678415526
,括苍大道66号后山二手车市场对面,,330000,331082,浙江省,台州市,汽车服务;汽车配件销售;汽车配件销售,010800,临海市,0576,普利司通轮胎店(括苍大道店),"121.115922,28.856726",121.115922,28.856726,B0FFLAFPUY,121.1115065038702,28.859543912915687
,大洋中路与临海市中心区商业街交叉口西140米,,330000,331082,浙江省,台州市,汽车服务;充电站;充电站,011100,临海市,0576,小豹充充汽车充电站(小豹充充台州柳岸山庄场站一),"121.167786,28.869476",121.167786,28.869476,B0L2F41A97,121.16344746708066,28.872359816356
,括苍大道92号,,330000,331082,浙江省,台州市,汽车服务;汽车配件销售;汽车配件销售,010800,临海市,0576,小叶汽配 风帆蓄电池,"121.115445,28.856834",121.115445,28.856834,B0KGYHGSIG,121.11102918081087,28.85965148676624
,古城街道清华路幸福西洋里围墙内,,330000,331082,浙江省,台州市,汽车服务;汽车养护/装饰;汽车养护,010400,临海市,0576,极光汽车工作室,"121.165301,28.854952",121.165301,28.854952,B0JR4ZA33P,121.16095867693811,28.857842258449768
,柏叶中路205号,,330000,331082,浙江省,台州市,汽车服务;汽车养护/装饰;汽车养护,010400,临海市,0576,百援精养(湖上佳苑店),"121.168525,28.865378",121.168525,28.865378,B0FFL1A2R0,121.16418826127872,28.86826635353887
,柏叶中路205号,,330000,331082,浙江省,台州市,汽车服务;汽车养护/装饰;汽车养护|汽车维修;汽车维修;汽车维修,010400|030000,临海市,0576,车邦士百元经养店,"121.168663,28.865292",121.168663,28.865292,B0KKTMMD2I,121.16432654314873,28.86818067936273
,清化南路与临海大道交叉口东140米,,330000,331082,浙江省,台州市,汽车服务;汽车养护/装饰;汽车养护,010400,临海市,0576,摩时汽车工作室,"121.165559,28.855321",121.165559,28.855321,B0L1YNCSXQ,121.16121715837703,28.85821146074073
,北固雅苑东南侧100米,,330000,331082,浙江省,台州市,汽车服务;汽车服务相关;汽车服务相关|购物服务;购物相关场所;购物相关场所,010000|060000,临海市,0576,正标挖掘机配件,"121.114443,28.857083",121.114443,28.857083,B0FFLK3WJD,121.11002653284547,28.859899603146374
,括苍大道121号,,330000,331082,浙江省,台州市,汽车服务;汽车服务相关;汽车服务相关,010000,临海市,0576,G汽车工作室,"121.114173,28.856510",121.114173,28.85651,B0FFKJE0YJ,121.1097564165458,28.859326858881623
,括苍大道116号,,330000,331082,浙江省,台州市,汽车服务;洗车场;洗车场|汽车维修;汽车维修;汽车维修,010500|030000,临海市,0576,炫点灯改,"121.113938,28.857140",121.113938,28.85714,B0FFL9L3MU,121.1095212284747,28.859956224654137
,清化路与临海大道交叉口东280米围墙里面车海洋自助洗车旁边地面停车场,,330000,331082,浙江省,台州市,汽车服务;充电站;充电站,011100,临海市,0576,卓越绿站汽车充电站(卓越绿站台州临海西洋村),"121.166360,28.854611",121.16636,28.854611,B0JBTC7780,121.16201980141265,28.857503501259945
,括苍大道140-148号,,330000,331082,浙江省,台州市,汽车服务;汽车服务相关;汽车服务相关,010000,临海市,0576,汽车生活馆,"121.113604,28.857075",121.113604,28.857075,B0L6LSDAEZ,121.10918704152517,28.859891057965378
,括苍大道131号,,330000,331082,浙江省,台州市,汽车服务;汽车服务相关;汽车服务相关,010000,临海市,0576,汽车装潢用品(装修中),"121.114005,28.856531",121.114005,28.856531,B0FFJM9R3V,121.10958831588333,28.859347732085823
,括苍大道152号,,330000,331082,浙江省,台州市,汽车服务;汽车服务相关;汽车服务相关,010000,临海市,0576,临海市领豪汽车服务部,"121.113564,28.857193",121.113564,28.857193,B0LDH5L15L,121.10914700949743,28.860008942529447
,括苍大道与丹丘路交叉口西北60米,,330000,331082,浙江省,台州市,汽车服务;汽车配件销售;汽车配件销售,010800,临海市,0576,小冯汽车电器,"121.113333,28.857289",121.113333,28.857289,B0I3F9YZ8E,121.10891587234389,28.860104722834517
,古城街道括苍大道,,330000,331082,浙江省,台州市,汽车服务;汽车服务相关;汽车服务相关|汽车维修;汽车维修;汽车维修,010000|030000,临海市,0576,腾阳自动档服务中心,"121.113487,28.856367",121.113487,28.856367,B0FFFDBTOO,121.10907003153183,28.859183522115554
,括苍大道与丹丘路交叉口西80米,,330000,331082,浙江省,台州市,汽车服务;汽车服务相关;汽车服务相关,010000,临海市,0576,临海飞煌汽车服务中心,"121.113025,28.856725",121.113025,28.856725,B0FFLFL4T8,121.10860774804036,28.85954095997558
,台运车辆检测西南门旁,,330000,331082,浙江省,台州市,汽车服务;汽车养护/装饰;汽车养护,010400,临海市,0576,台运车管家会员服务中心,"121.111858,28.857570",121.111858,28.85757,B0G0TAF0QC,121.10744007933852,28.86038462228826
,后山检测站斜对面,,330000,331082,浙江省,台州市,汽车服务;汽车配件销售;汽车配件销售,010800,临海市,0576,申令汽配(下庄路店),"121.111710,28.857050",121.11171,28.85705,B0FFFDBSV1,121.10729204865237,28.859864934045742
,括苍大道443号,,330000,331082,浙江省,台州市,汽车维修;汽车维修;汽车维修|汽车服务;汽车服务相关;汽车服务相关,030000|010000,临海市,0576,灵强液压修理,"121.110108,28.857269",121.110108,28.857269,B0FFLIU3EO,121.1056893168162,28.860082912012377
,大洋街道林桥小区2-221号,,330000,331082,浙江省,台州市,汽车服务;洗车场;洗车场|汽车维修;汽车维修;汽车维修,010500|030000,临海市,0576,阿军轮胎(补胎换胎搭电),"121.173225,28.873225",121.173225,28.873225,B0LG6CHMAQ,121.16889703558631,28.87611618667429
,曹家路附近台州临海台州学院亚朵酒店西北24米,,330000,331082,浙江省,台州市,汽车服务;充电站;充电站,011100,临海市,0576,力氪临海亚朵酒店充电站,"121.173250,28.870791",121.17325,28.870791,B0K1DSCH4U,121.16892227667178,28.87368410917745
,括苍大道232号,,330000,331082,浙江省,台州市,汽车服务;汽车养护/装饰;汽车养护,010400,临海市,0576,梁辉汽车养护中心,"121.109520,28.858019",121.10952,28.858019,B0I6XZB03H,121.10510102468581,28.86083205279355
,林桥小区3-69号,,330000,331082,浙江省,台州市,汽车服务;汽车配件销售;汽车配件销售,010800,临海市,0576,黑鹰轮胎店,"121.172572,28.872848",121.172572,28.872848,B0JUO9HOY7,121.16824275944165,28.87573824504356
,括苍大道与江滨西路交叉口西南100米,,330000,331082,浙江省,台州市,汽车服务;汽车服务相关;汽车服务相关,010000,临海市,0576,金锁汽车服务中心(临海店),"121.109376,28.856889",121.109376,28.856889,B0FFKG7QM5,121.10495705974232,28.85970284495536
,车门桥括苍大道479号,,330000,331082,浙江省,台州市,汽车服务;汽车配件销售;汽车配件销售,010800,临海市,0576,玲珑轮胎(括苍大道店),"121.108377,28.857818",121.108377,28.857818,B0FFLI0UCD,121.10395763424961,28.860630686430422
,括苍大道与车门桥路交叉口南40米,,330000,331082,浙江省,台州市,汽车服务;汽车配件销售;汽车配件销售,010800,临海市,0576,临海平辉轮胎店,"121.108417,28.857732",121.108417,28.857732,B0FFL9IBSJ,121.10399765426169,28.86054476921794
,括苍大道与车门桥路交叉口西北100米,,330000,331082,浙江省,台州市,汽车服务;汽车服务相关;汽车服务相关,010000,临海市,0576,领航润滑油(括苍大道店),"121.107747,28.858742",121.107747,28.858742,B0L60SDQ3C,121.10332736307947,28.861553718843783
,大洋街道林桥小区2-191号,,330000,331082,浙江省,台州市,汽车服务;汽车俱乐部;汽车俱乐部,010600,临海市,0576,HT豪车俱乐部,"121.174506,28.874051",121.174506,28.874051,B0LAKMD85W,121.17018053099525,28.87694396543041
,伟星星悦广场,,330000,331082,浙江省,台州市,汽车服务;充电站;充电站,011100,临海市,0576,星星充电汽车充电站(星悦城),"121.175316,28.872595",121.175316,28.872595,B0L04SXGAT,121.17099226261256,28.875490614353733
,东方大道春雨新苑615-10,,330000,331082,浙江省,台州市,汽车服务;汽车配件销售;汽车配件销售,010800,临海市,0576,韩泰轮胎(春雨新苑店),"121.173166,28.879309",121.173166,28.879309,B0FFJ4VUON,121.1688374398646,28.882195372946363
,朱方涂二小区3号门旁,,330000,331082,浙江省,台州市,汽车服务;汽车养护/装饰;汽车养护,010400,临海市,0576,嘉实多护车保养站(晨盈汽车维修服务),"121.108225,28.853396",121.108225,28.853396,B0KKXKN2XB,121.10380593540673,28.856211983691416
,前江南路汉庭酒店停车场,,330000,331082,浙江省,台州市,汽车服务;充电站;充电站,011100,临海市,0576,汽车充电站(星欣前江汉庭酒店),"121.203892,28.872728",121.203892,28.872728,B0LA5ARO0T,121.19962086678778,28.875673283946007
,翡翠湾东北门旁,,330000,331082,浙江省,台州市,汽车服务;汽车配件销售;汽车配件销售,010800,临海市,0576,胖子轮胎店,"121.219008,28.860759",121.219008,28.860759,B0LU21PLMX,121.2147583245785,28.863733232173015
,邵家渡街道东渡南路朝阳轮胎,,330000,331082,浙江省,台州市,汽车服务;汽车配件销售;汽车配件销售,010800,临海市,0576,朝阳轮胎(东渡南路店),"121.219779,28.860678",121.219779,28.860678,B0FFL9K08J,121.21553018133652,28.86365312643088
,双林南路邵家渡街道前洋村,,330000,331082,浙江省,台州市,汽车服务;加油站;中国石油,010102,临海市,0576,中国石油临海双林南路加油站,"121.203818,28.856685",121.203818,28.856685,B0ID2UW5F8,121.1995480011106,28.859642463559645
,邵家渡街道河阳南路与邵临中路交叉口,,330000,331082,浙江省,台州市,汽车服务;充电站;充电站,011100,临海市,0576,昆仑网电汽车充电站(中国石油台州临海双林南路加油站充电站),"121.203870,28.856775",121.20387,28.856775,B0LD3G8IC7,121.19960007612977,28.859732473277788
,河阳南路与邵林中路交叉口东南方向630米左右,,330000,331082,浙江省,台州市,汽车服务;汽车服务相关;汽车服务相关,010000,临海市,0576,工会驿站(中国石油临海双林南路加油站),"121.203860,28.856720",121.20386,28.85672,B0L0D5NBNV,121.19959006464686,28.859677500105374
B0G2UC5KPS,东渡路与秋实路交叉口北60米,,330000,331082,浙江省,台州市,汽车服务;汽车养护/装饰;汽车养护|汽车维修;汽车维修;汽车维修,010400|030000,临海市,0576,国兵汽车维修,"121.221014,28.857010",121.221014,28.85701,B0LBY5NT6E,121.21676678533464,28.8599892179114
B0KBKZG2XB,邵家渡街道邵临西路299号(熊出没地下停车场A区),,330000,331082,浙江省,台州市,汽车服务;充电站;充电站,011100,临海市,0576,中国石化汽车充电站(临海熊出没充电站),"121.195601,28.861478",121.195601,28.861478,B0KRRBQFGR,121.19131685802546,28.864418723740535
,河阳南路与河阳路交叉口,,330000,331082,浙江省,台州市,汽车服务;加油站;中国石油,010102,临海市,0576,中国石油临海大洋加油站(河阳南路南站),"121.194373,28.877274",121.194373,28.877274,B024004VY1,121.1900854418854,28.880200510962133
B024005K6Q,大洋街道桥东村台州服务区,,330000,331082,浙江省,台州市,汽车服务;加油站;中国石化,010101,临海市,0576,中国石化甬台温高速台州下(西)加油站,"121.226256,28.877845",121.226256,28.877845,B024005IBY,121.22201214761165,28.880813166317033
B024005K6Q,台州服务区温州方向,,330000,331082,浙江省,台州市,汽车服务;加气站;加气站,010300,临海市,0576,中国石化台州服务区加气站,"121.226002,28.878103",121.226002,28.878103,B0IBYL4RTF,121.22175790962532,28.881070748064143
,临海大道与河阳南路交叉口东120米,,330000,331082,浙江省,台州市,汽车服务;洗车场;洗车场,010500,临海市,0576,驿公里智能洗车(中石油台州临海大洋南站店),"121.194643,28.877626",121.194643,28.877626,B0KU91L17Z,121.19035589664037,28.88055269533743
,临海大道与河阳路交汇处,,330000,331082,浙江省,台州市,汽车服务;加油站;中国石油,010102,临海市,0576,中国石油临海大洋加油站(北),"121.193369,28.878535",121.193369,28.878535,B024004VY0,121.18907953814578,28.881458826249666
,邵临西路85号,,330000,331082,浙江省,台州市,汽车服务;充电站;充电站,011100,临海市,0576,中国石化汽车充电站(临海灵湖充电站),"121.186390,28.863392",121.18639,28.863392,B0LD5YX9M5,121.18208872048591,28.866315194273614
B0H6FA19GC,灵湖公园双林路入口地面停车场,,330000,331082,浙江省,台州市,汽车服务;充电站;充电站,011100,临海市,0576,国家电网汽车充电站(浙江省台州市临海灵湖公园双林路入口充电站),"121.184644,28.863974",121.184644,28.863974,B0HKFO3NFS,121.1803393180435,28.86689357945774
,大洋街道柏叶东路洛河公园停车场,,330000,331082,浙江省,台州市,汽车服务;充电站;充电站,011100,临海市,0576,中国石化汽车充电站(临海洛河公园停车场充电站),"121.185120,28.876947",121.18512,28.876947,B0LUFAYB3K,121.18081522091849,28.879857463158377
,柏叶中路600号,,330000,331082,浙江省,台州市,汽车服务;汽车配件销售;汽车配件销售,010800,临海市,0576,临海市必忠汽车轮胎商行,"121.184221,28.875791",121.184221,28.875791,B0FFGWM1RG,121.17991457426221,28.878700717093704
,柏叶中路与府园南路交叉口东北140米,,330000,331082,浙江省,台州市,汽车服务;汽车配件销售;汽车配件销售,010800,临海市,0576,佳通轮胎店,"121.184275,28.875875",121.184275,28.875875,B0LAV77RH0,121.17996867227387,28.87878475089904
,柏叶中路427号,,330000,331082,浙江省,台州市,汽车服务;汽车服务相关;汽车服务相关,010000,临海市,0576,临海市欧亚汽车服务中心,"121.180840,28.874069",121.18084,28.874069,B0LDT6XIZN,121.17652710564478,28.876973815838713
,柏叶中路427号,,330000,331082,浙江省,台州市,汽车服务;汽车服务相关;汽车服务相关,010000,临海市,0576,临海信杰汽车服务中心,"121.179621,28.873167",121.179621,28.873167,B0L3Z70U5I,121.17530577267637,28.876070244031514
,大洋街道柏叶中路349号,,330000,331082,浙江省,台州市,汽车服务;汽车服务相关;汽车服务相关,010000,临海市,0576,车贝贝汽车服务,"121.178553,28.872461",121.178553,28.872461,B0LDXCH69B,121.17423571416873,28.87536279416777
B024005K6R,台州服务区,,330000,331082,浙江省,台州市,汽车服务;充电站;充电站,011100,临海市,0576,理想超级充电站(理想5C超充站沈海高速台州服务区沈阳方向)(暂停营业),"121.227700,28.875893",121.2277,28.875893,B0K61STLQS,121.22345749164602,28.878863876806545
B024005K6R,沈海高速台州服务区东侧,,330000,331082,浙江省,台州市,汽车服务;加油站;中国石化,010101,临海市,0576,中国石化甬台温高速台州上(东)加油站(暂停营业),"121.227600,28.879364",121.2276,28.879364,B024005HFM,121.2233571417285,28.88233211026301
B024005K6R,台州服务区与G15沈海高速交叉口南480米,,330000,331082,浙江省,台州市,汽车服务;加气站;加气站,010300,临海市,0576,中国石化台州服务区加气站(暂停营业),"121.227506,28.879325",121.227506,28.879325,B0IBYR4Z53,121.22326306921508,28.88229306414161
,绿化路2号,,330000,331082,浙江省,台州市,汽车服务;汽车租赁;汽车租赁,010900,临海市,0576,鼎尚婚车,"121.156771,28.884888",121.156771,28.884888,B0KD5RPX5C,121.1524097678374,28.887739549358074
,山峰村7-32号,,330000,331082,浙江省,台州市,汽车服务;汽车服务相关;汽车服务相关,010000,临海市,0576,车随我动汽车工作室,"121.153190,28.879823",121.15319,28.879823,B0LAYMXG9D,121.14882248558592,28.88267212602683
B0H1RS94CL,学浦路298号妇幼保健院东边地面停车场,,330000,331082,浙江省,台州市,汽车服务;充电站;充电站,011100,临海市,0576,特来电目的地充电站(特来电临海市妇幼保健院充电站),"121.163029,28.880337",121.163029,28.880337,B0I33R255V,121.15868020412535,28.883203533150294
,城北大道与沈南路交叉口西120米,,330000,331082,浙江省,台州市,汽车服务;汽车服务相关;汽车服务相关,010000,临海市,0576,富耀租赁,"121.170533,28.895709",121.170533,28.895709,B0FFLIP0MD,121.16619788586992,28.898577627920297
,沈南路与城北大道交叉口西40米,,330000,331082,浙江省,台州市,汽车服务;汽车养护/装饰;汽车养护,010400,临海市,0576,狮云汽车养护中心,"121.171535,28.896090",121.171535,28.89609,B0FFHE8ZCT,121.167201859386,28.8989602205187
,大洋街道东方大道盛世东方店面621-9,,330000,331082,浙江省,台州市,汽车服务;汽车养护/装饰;汽车养护,010400,临海市,0576,曼芙丽汽车美容(暂停营业),"121.174284,28.880058",121.174284,28.880058,B0IA5CFV2M,121.16995761587508,28.882945901373454
,大田桥路221.213号,,330000,331082,浙江省,台州市,汽车服务;汽车养护/装饰;汽车养护,010400,临海市,0576,启帆汽车车衣改色改装,"121.211893,28.893582",121.211893,28.893582,B0LD4AL0UV,121.20763197692088,28.896522326173997
,大田街道柏叶东路169号,,330000,331082,浙江省,台州市,购物服务;专卖店;专营店|汽车服务;汽车服务相关;汽车服务相关,061200|010000,临海市,0576,骆驼蓄电池台州分公司,"121.209710,28.894071",121.20971,28.894071,B0FFKTLY3V,121.20544591875458,28.897008040329244
,柏叶东路与大钓线交叉口西南260米,,330000,331082,浙江省,台州市,汽车服务;汽车配件销售;汽车配件销售,010800,临海市,0576,轮胎大世界(柏叶东路店),"121.210361,28.894764",121.210361,28.894764,B0HGDH7654,121.206097780333,28.897701377195222
,柏叶东路227号,,330000,331082,浙江省,台州市,汽车服务;汽车配件销售;汽车配件销售,010800,临海市,0576,正飞汽配,"121.210301,28.894763",121.210301,28.894763,B0I2LZ0C4W,121.20603769654934,28.897700297416097
,柏叶东路与铁路大道交叉口东北300米,,330000,331082,浙江省,台州市,汽车服务;汽车配件销售;汽车配件销售,010800,临海市,0576,临韩汽配,"121.209503,28.894722",121.209503,28.894722,B0J0CL59HQ,121.20523857421506,28.897658248934377
,柏叶东路与桥沙路交叉口南160米,,330000,331082,浙江省,台州市,汽车服务;汽车配件销售;汽车配件销售,010800,临海市,0576,临海市羽洁轮胎经营部,"121.210962,28.895432",121.210962,28.895432,B0IKP5256H,121.20669956230013,28.898369655809798
,大田桥横路127号,,330000,331082,浙江省,台州市,汽车服务;汽车服务相关;汽车服务相关,010000,临海市,0576,台州市清林汽车服务有限公司,"121.210962,28.895432",121.210962,28.895432,B0L19MFRIR,121.20669956230013,28.898369655809798
,柏叶东路265号轮胎批发轮胎更换四轮定位车辆保养道路救援钣金喷漆电焊修理,,330000,331082,浙江省,台州市,汽车服务;汽车配件销售;汽车配件销售,010800,临海市,0576,德安通轮胎,"121.210844,28.895549",121.210844,28.895549,B0J0R9KKN6,121.20658139027697,28.89848640755812
B0IGM79KLT,全季临海客运中心酒店地面停车场,,330000,331082,浙江省,台州市,汽车服务;充电站;充电站,011100,临海市,0576,乐来电汽车充电站(全季酒店),"121.206290,28.892384",121.20629,28.892384,B0LGSH8DI1,121.20202103890743,28.895317560450003
,桥沙路与柏叶东路交叉口西80米,,330000,331082,浙江省,台州市,汽车服务;汽车配件销售;汽车配件销售,010800,临海市,0576,好运轮胎(桥沙路店),"121.210446,28.897054",121.210446,28.897054,B0H0RSACUQ,121.20618272037574,28.899989697279334
,河东路与柏叶东路交叉口西60米,,330000,331082,浙江省,台州市,汽车服务;洗车场;洗车场,010500,临海市,0576,洗车烟酒,"121.210635,28.897009",121.210635,28.897009,B0G13Z1KX3,121.20637198686845,28.899944985263552
,大田街道大田桥新村大钓线164号,,330000,331082,浙江省,台州市,汽车服务;汽车服务相关;汽车服务相关,010000,临海市,0576,临海岳正轮胎店,"121.210375,28.897075",121.210375,28.897075,B0FFLBV7EK,121.20611161966859,28.900010585636622
,大钓线107号,,330000,331082,浙江省,台州市,汽车服务;汽车养护/装饰;汽车养护,010400,临海市,0576,九万里汽美工作室,"121.214076,28.895648",121.214076,28.895648,B0LD3ACR8L,121.2098176890837,28.8985894810131
,火炬五路江铃集团联成汽车零部件有限公司,,330000,331082,浙江省,台州市,汽车服务;充电站;充电站,011100,临海市,0576,速电充汽车充电站(江铃联城),"121.204550,28.893274",121.20455,28.893274,B0L1T6108L,121.20027829554128,28.896204311697634
,大田街道合景天峻(北门),,330000,331082,浙江省,台州市,汽车服务;充电站;充电站,011100,临海市,0576,蔚景云汽车充电站(临海市合景天骏充电站),"121.202900,28.894010",121.2029,28.89401,B0KD6D7V33,121.1986256292757,28.89693724950631
B0IRMSJ6L7,正特股份地面停车场,,330000,331082,浙江省,台州市,汽车服务;充电站;充电站,011100,临海市,0576,特来电汽车充电站(特来电台州临海正特集团充电站),"121.216780,28.897976",121.21678,28.897976,B0JK77T5QM,121.21252485409124,28.900918899756253
,台州海昌新材料有限公司南侧230米,,330000,331082,浙江省,台州市,汽车服务;洗车场;洗车场,010500,临海市,0576,惠民自助洗车东站,"121.218575,28.890475",121.218575,28.890475,B0LRA4ZSBI,121.2143225249739,28.893425802047386
,东港路与柏叶东路交叉口西北120米,,330000,331082,浙江省,台州市,汽车服务;洗车场;洗车场,010500,临海市,0576,阿标洗车,"121.201991,28.890154",121.201991,28.890154,B0KG1A5XED,121.19771546385473,28.893082866621473
,大洋街道柏叶东路889号,,330000,331082,浙江省,台州市,汽车服务;汽车养护/装饰;汽车养护,010400,临海市,0576,舞狼爱车养护升级贴膜中心,"121.201826,28.889004",121.201826,28.889004,B0K21DTPIS,121.19755028528135,28.891933508431794
,南通路393号,,330000,331082,浙江省,台州市,汽车服务;汽车服务相关;汽车服务相关,010000,临海市,0576,远帆汽服,"121.201821,28.897629",121.201821,28.897629,B0KA6CLIS4,121.19754460360937,28.900551755545823
,桑园路62号,,330000,331082,浙江省,台州市,汽车服务;洗车场;洗车场,010500,临海市,0576,Xx汽车洗美,"121.199958,28.888802",121.199958,28.888802,B0LRDZ74N2,121.19567921757513,28.89172873423388
B0IGAHPD86,大田街道铁路大道临海市骨伤科医院地面停车场,,330000,331082,浙江省,台州市,汽车服务;充电站;充电站,011100,临海市,0576,特来电汽车充电站(特来电台州临海大田骨伤科医院公共充电站),"121.199271,28.896832",121.199271,28.896832,B0JUJ7OMMJ,121.19499043583262,28.89975135995072
B0FFIBRUBB,东港中路17号台运广场F1层,,330000,331082,浙江省,台州市,汽车服务;汽车服务相关;汽车服务相关,010000,临海市,0576,台运车管家(台运广场店),"121.200357,28.885712",121.200357,28.885712,B0H2ZCBE9H,121.19607912438826,28.88864177354813
,东方大道1300号,,330000,331082,浙江省,台州市,汽车服务;加油站;加油站,010100,临海市,0576,临海市东方加油站,"121.196461,28.896021",121.196461,28.896021,B0HA5CP2T5,121.19217566961238,28.89893641390383
,祥生·云境东南门旁,,330000,331082,浙江省,台州市,汽车服务;洗车场;洗车场,010500,临海市,0576,川军洗车,"121.207325,28.880975",121.207325,28.880975,B0L6R6NEDR,121.20305848026625,28.883918927441908
,东方大道991号,,330000,331082,浙江省,台州市,汽车服务;汽车服务相关;汽车服务相关,010000,临海市,0576,经纬汽车服务,"121.198353,28.900771",121.198353,28.900771,B02400T3I6,121.19407056884634,28.90368578887109
,城隍街与东方大道交叉口西20米,,330000,331082,浙江省,台州市,汽车服务;洗车场;洗车场,010500,临海市,0576,惠民自助洗车站,"121.199162,28.902366",121.199162,28.902366,B0H0BH1L92,121.19488081921679,28.905280840211937
,东渡北路与东方大道交叉口东180米,,330000,331082,浙江省,台州市,汽车服务;充电站;充电站,011100,临海市,0576,台州医院东院区地面停车场充电站,"121.194422,28.893046",121.194422,28.893046,B0L3JHE1TW,121.1901332964343,28.895960326630934
,奋进西街与南通路交叉口东40米,,330000,331082,浙江省,台州市,汽车服务;汽车养护/装饰;汽车养护,010400,临海市,0576,老九龙美护中心(大田店),"121.202985,28.905612",121.202985,28.905612,B0KB2NFEAX,121.19870985933959,28.90853026904085
,东渡北路34号,,330000,331082,浙江省,台州市,汽车服务;充电站;充电站,011100,临海市,0576,汽车充电站(临海景莲家园),"121.192716,28.890892",121.192716,28.890892,B0KK0SDPBZ,121.18842438790216,28.893805097646315
,东方大道793号,,330000,331082,浙江省,台州市,汽车服务;汽车救援;汽车救援,010700,临海市,0576,小陆轮胎店,"121.192651,28.893403",121.192651,28.893403,B0GUKDBJLF,121.18835907320528,28.896314023532558
,东方大道1012号,,330000,331082,浙江省,台州市,汽车服务;汽车服务相关;汽车服务相关,010000,临海市,0576,周海鸥叉车高空车机械设备租赁,"121.192083,28.892351",121.192083,28.892351,B0KGAMQR4D,121.18779011896568,28.89526186558016
,大田街道办事处山前村大田街道办事处山前村5-29号,,330000,331082,浙江省,台州市,汽车服务;汽车配件销售;汽车配件销售,010800,临海市,0576,哈麦隆汽车用品,"121.191649,28.896002",121.191649,28.896002,B02400SH7Z,121.18735503758059,28.898909256311327
,浙江康泰医疗器械有限公司东南门西南170米,,330000,331082,浙江省,台州市,汽车服务;汽车配件销售;汽车配件销售,010800,临海市,0576,三石轮胎,"121.190560,28.891497",121.19056,28.891497,B0FFL9K8OJ,121.18626437997625,28.894405880027183
B024005K6Q,台州服务区,,330000,331082,浙江省,台州市,汽车服务;充电站;充电站,011100,临海市,0576,理想超级充电站(理想5C超充站沈海高速台州服务区海口方向),"121.226036,28.881329",121.226036,28.881329,B0JKFL28OB,121.2217916880123,28.884294277600876
,前江北路57号,,330000,331082,浙江省,台州市,汽车服务;充电站;充电站,011100,临海市,0576,临海万象粮油市场直流充电站,"121.191010,28.887886",121.19101,28.887886,B0I2H73JLD,121.1867154954808,28.890798484687576
,山前村东方大道699号,,330000,331082,浙江省,台州市,汽车服务;洗车场;洗车场|汽车服务;汽车养护/装饰;汽车养护,010500|010400,临海市,0576,临海市诚信汽车装璜服务部,"121.190399,28.891374",121.190399,28.891374,B0FFIPTT12,121.18610309081875,28.894282693698962
,前江北路57号,,330000,331082,浙江省,台州市,汽车服务;充电站;充电站,011100,临海市,0576,云快充汽车充电站(临海市百信粮油市场直流快充站),"121.189790,28.888977",121.18979,28.888977,B0L1LBCZ1D,121.18549314463573,28.891886492938003
,东方大道673-1号,,330000,331082,浙江省,台州市,汽车服务;汽车服务相关;汽车服务相关,010000,临海市,0576,小王补胎洗车道路救援服务中心,"121.188056,28.889309",121.188056,28.889309,B0FFHECLM0,121.18375586048421,28.892215156009417
,东方大道667号附近,,330000,331082,浙江省,台州市,汽车服务;汽车服务相关;汽车服务相关,010000,临海市,0576,临海大田俞敏轮胎店,"121.187475,28.888939",121.187475,28.888939,B0FFH1VVUC,121.18317378838235,28.891844404738656
,东方大道与河阳路交叉口东北80米,,330000,331082,浙江省,台州市,汽车服务;汽车服务相关;汽车服务相关,010000,临海市,0576,钜动换电-临海市(东方大道-洛河村何记快餐),"121.185375,28.887925",121.185375,28.887925,B0L29KQIGG,121.18106985219542,28.890827404160433
,大洋街道大洋东路临海总部经济商务区,,330000,331082,浙江省,台州市,汽车服务;充电站;充电站,011100,临海市,0576,特来电汽车充电站(临海市城发集团总部大楼充电站),"121.186140,28.881481",121.18614,28.881481,B0K3LDZ31N,121.18183682593406,28.884389801506895
,东方大道与河阳路交叉口西180米,,330000,331082,浙江省,台州市,汽车服务;洗车场;洗车场|汽车服务;汽车养护/装饰;汽车养护|汽车维修;汽车综合维修;汽车综合维修,010500|010400|030100,临海市,0576,上通汽修(临海店),"121.182923,28.886642",121.182923,28.886642,B0GRDUIZB9,121.17861320102499,28.889540919515916
B0J6GHMQHD,临海站地上停车场,,330000,331082,浙江省,台州市,汽车服务;充电站;充电站,011100,临海市,0576,特来电超级充电站(特来电台州临海站公共充电站),"121.241987,28.881028",121.241987,28.881028,B0JK5RF1TQ,121.23775142092525,28.88400279519179
,大洋街道府园南路,,330000,331082,浙江省,台州市,汽车服务;汽车服务相关;汽车服务相关,010000,临海市,0576,宝骊叉车,"121.178145,28.881950",121.178145,28.88195,B0KRKM1SZ1,121.17382616059336,28.884843691563894
,府园南路与东河路交叉口东北60米,,330000,331082,浙江省,台州市,汽车服务;汽车服务相关;汽车服务相关,010000,临海市,0576,永伟汽车服务中心(府园南路),"121.178139,28.881990",121.178139,28.88199,B0FFGWMBFI,121.17382014554669,28.884883649287115
,东方大道632号,,330000,331082,浙江省,台州市,汽车服务;汽车配件销售;汽车配件销售,010800,临海市,0576,红日轮胎店,"121.176551,28.881737",121.176551,28.881737,B02400VMIM,121.17222900763656,28.88462786690931
B024005K6Q,G15沈海高速台州服务区海口方向,,330000,331082,浙江省,台州市,汽车服务;换电站;换电站,011101,临海市,0576,蔚来换电站(G15沈海高速台州服务区海口方向)(暂停营业),"121.226089,28.881883",121.226089,28.881883,B0I237YVW1,121.2218446905245,28.884847893453827
B024005K6Q,沈海高速台州服务区(海口方向),,330000,331082,浙江省,台州市,汽车服务;充电站;充电站,011100,临海市,0576,台州服务区国家电网汽车充电站(暂停营业),"121.226073,28.881889",121.226073,28.881889,B0J0XZGQVU,121.22182867630102,28.88485387500273
B024005K6Q,大洋街道台州服务区,,330000,331082,浙江省,台州市,汽车服务;充电站;充电站,011100,临海市,0576,国家电网汽车充电站(沈海高速台州服务区充电站扩建海口方向)(暂停营业),"121.226104,28.881775",121.226104,28.881775,B0FFH71SLH,121.22185971181374,28.884739990193722
B024005K6Q,台州服务区(海口方向),,330000,331082,浙江省,台州市,汽车服务;充电站;充电站,011100,临海市,0576,广汽能源汽车充电站(昊铂沈海高速台州服务区海口方向超充站)(暂停营业),"121.226094,28.881718",121.226094,28.881718,B0JKR4U98B,121.22184970765645,28.884683025811572
,大洋街道东方大道649-8号,,330000,331082,浙江省,台州市,汽车服务;汽车配件销售;汽车配件销售|汽车维修;汽车维修;汽车维修,010800|030000,临海市,0576,普利司通轮胎车之翼(临海市飞腾轮胎店)(暂停营业),"121.179004,28.884147",121.179004,28.884147,B0FFJ2XXPX,121.17468669115415,28.88704059150969
,011乡道与铁路大道交叉口东北60米,,330000,331082,浙江省,台州市,汽车服务;洗车场;洗车场,010500,临海市,0576,洗车补胎,"121.250666,28.888971",121.250666,28.888971,B0K3J13TTK,121.24643011371381,28.891940715295544
,大田街道方家弄村4-32号,,330000,331082,浙江省,台州市,汽车服务;洗车场;洗车场,010500,临海市,0576,临海市祥和洗车店,"121.194804,28.918548",121.194804,28.918548,B0H2YAX27B,121.19051398299236,28.92144287876375
,大田街道方家弄村6-22A号,,330000,331082,浙江省,台州市,汽车服务;汽车养护/装饰;汽车养护,010400,临海市,0576,临海市老高汽车用品店,"121.195447,28.918317",121.195447,28.918317,B0FFH1M68B,121.19115814242979,28.921213142787767
,大田街道临海市大田初级中学地面停车场,,330000,331082,浙江省,台州市,汽车服务;充电站;充电站,011100,临海市,0576,特来电汽车充电站(特来电临海市大田初级中学公共充电站),"121.197640,28.914636",121.19764,28.914636,B0J2TZXKLY,121.1933552610254,28.91753869066166
,大田街道砟溪头村1-85号,,330000,331082,浙江省,台州市,购物服务;专卖店;专营店|汽车服务;汽车服务相关;汽车服务相关,061200|010000,临海市,0576,临海市延成润滑油高压油管有限公司,"121.207356,28.917607",121.207356,28.917607,B0FFHUU1TH,121.20308666787372,28.920522223415325
,大田街道砟溪头村,,330000,331082,浙江省,台州市,汽车服务;加油站;中国石化,010101,临海市,0576,中国石化大田加油站,"121.210344,28.920201",121.210344,28.920201,B0240045P8,121.20607877212086,28.92311829250064
,大田街道咋溪头村,,330000,331082,浙江省,台州市,汽车服务;充电站;充电站,011100,临海市,0576,中国石化汽车充电站(中国石化临海大田充电站),"121.210344,28.920201",121.210344,28.920201,B0KAZACTFR,121.20607877212086,28.92311829250064
,大田街道横溪村1-90号汽车维修补胎换新胎换电瓶搭电各种新旧轮胎与钢圈电焊,,330000,331082,浙江省,台州市,汽车服务;汽车配件销售;汽车配件销售,010800,临海市,0576,姚平轮胎,"121.210240,28.921752",121.21024,28.921752,B0HAHMGELF,121.20597450554536,28.92466792051428
,郑虔街与芝冠街交叉口西北40米,,330000,331082,浙江省,台州市,汽车服务;汽车配件销售;汽车配件销售,010800,临海市,0576,朝阳轮胎,"121.199965,28.908863",121.199965,28.908863,B0KRBPNAYG,121.19568466185046,28.91177400347047
,214省道西50米,,330000,331082,浙江省,台州市,生活服务;生活服务场所;生活服务场所|汽车服务;汽车服务相关;汽车服务相关,070000|010000,临海市,0576,辉达挖机修理配件,"121.211018,28.923282",121.211018,28.923282,B0FFKFMK86,121.20675346683385,28.926197742400284
,大田街道东方大道1968号,,330000,331082,浙江省,台州市,汽车服务;汽车服务相关;汽车服务相关,010000,临海市,0576,台州世强汽车服务有限公司,"121.203694,28.911623",121.203694,28.911623,B0IDDRMZRE,121.19941951796336,28.914537599346982
,旭升灯饰有限公司西北门旁,,330000,331082,浙江省,台州市,汽车服务;汽车配件销售;汽车配件销售,010800,临海市,0576,临海市小彭轮胎商行,"121.205238,28.913750",121.205238,28.91375,B0FFHUBY05,121.2009657639064,28.91666521697635
,旭升灯饰有限公司西北门旁,,330000,331082,浙江省,台州市,汽车服务;汽车配件销售;汽车配件销售,010800,临海市,0576,玛吉斯轮胎(东方大道店),"121.205194,28.913697",121.205194,28.913697,B0FFM3HHHI,121.20092170017377,28.91661219415241
,横溪加油站旁,,330000,331082,浙江省,台州市,汽车服务;汽车养护/装饰;汽车养护,010400,临海市,0576,宏达汽车装潢美容(东方大道店),"121.209765,28.920142",121.209765,28.920142,B0FFHUU3QO,121.2054989625125,28.92305855768574
,东方大道与浦东路交叉口西南260米,,330000,331082,浙江省,台州市,汽车服务;汽车配件销售;汽车配件销售,010800,临海市,0576,黑鹰轮胎,"121.205240,28.913667",121.20524,28.913667,B0K3J1DR00,121.20096777347248,28.916582285613966
,东方大道与北达路交叉口西南120米,,330000,331082,浙江省,台州市,汽车服务;汽车配件销售;汽车配件销售,010800,临海市,0576,阿特拉斯轮胎(东方大道店),"121.202435,28.910238",121.202435,28.910238,B0GK0K9NJM,121.19815861412167,28.913151777744936
,东方大道1966号(电力大厦对面),,330000,331082,浙江省,台州市,汽车服务;汽车配件销售;汽车配件销售,010800,临海市,0576,汽车挖机玻璃,"121.203160,28.910594",121.20316,28.910594,B0FFKH8YZT,121.1988847498148,28.9135086042786
,大田街道北达路226-228号,,330000,331082,浙江省,台州市,汽车服务;汽车养护/装饰;汽车养护,010400,临海市,0576,临海市保航汽车养护中心,"121.203430,28.910345",121.20343,28.910345,B0I275MTYA,121.1991551992008,28.91326021055342
B0240045P8,东大中路2248号,,330000,331082,浙江省,台州市,汽车服务;洗车场;洗车场,010500,临海市,0576,易捷养车洗车店,"121.210523,28.920096",121.210523,28.920096,B0LBHDLQWE,121.20625803001032,28.923013615733566
,东大中路30号,,330000,331082,浙江省,台州市,购物服务;家居建材市场;建材五金市场|汽车服务;汽车配件销售;汽车配件销售,060603|010800,临海市,0576,临海液压油管,"121.210978,28.920306",121.210978,28.920306,B0G1LU5WOE,121.20671364398275,28.923224054745017
,忠信股份南门西100米,,330000,331082,浙江省,台州市,汽车服务;汽车服务相关;汽车服务相关,010000,临海市,0576,台运车管家(大田店),"121.208269,28.915783",121.208269,28.915783,B0FFKLFJVU,121.20400115352841,28.91870095512298
B0FFLM8ARX,东大中路3号宝骊时装大厦F1层,,330000,331082,浙江省,台州市,汽车服务;汽车配件销售;汽车配件销售,010800,临海市,0576,劲虎轮胎(宝骊时装大厦店),"121.210667,28.920915",121.210667,28.920915,B0HKDUXUGA,121.20640216626329,28.923832157531162
,大田芝冠街1号,,330000,331082,浙江省,台州市,汽车服务;汽车配件销售;汽车配件销售,010800,临海市,0576,临海市大田马牌轮胎专卖店,"121.201800,28.908588",121.2018,28.908588,B0JDXZKKZB,121.19752271330539,28.911502100798153
,东大中路与214省道交叉口东40米,,330000,331082,浙江省,台州市,汽车服务;汽车养护/装饰;汽车养护,010400,临海市,0576,AK汽车会所,"121.210959,28.920869",121.210959,28.920869,B0FFJ299V1,121.20669457384628,28.923786582353465
,大田街道东方大道1868号汽车电瓶电瓶搭电专修汽车空调马达发电机电路,,330000,331082,浙江省,台州市,汽车服务;汽车配件销售;汽车配件销售,010800,临海市,0576,永泽汽车电瓶大田诚信汽配,"121.202421,28.908890",121.202421,28.90889,B0IBX5N9QM,121.19814469684081,28.911804820762594
,东大中路与大洋东路交叉口东80米,,330000,331082,浙江省,台州市,汽车服务;汽车服务相关;汽车服务相关,010000,临海市,0576,绍为汽配修理,"121.216039,28.919733",121.216039,28.919733,B0FFG55LUW,121.21178126496831,28.922657858817352
,东大中路与大洋东路交叉口东北60米,,330000,331082,浙江省,台州市,汽车服务;汽车配件销售;汽车配件销售,010800,临海市,0576,朝阳轮胎,"121.215555,28.919976",121.215555,28.919976,B0KRBYTSV1,121.21129665271232,28.922900090509835
,大田街道寺后村过境车站院内,,330000,331082,浙江省,台州市,汽车服务;汽车养护/装饰;汽车养护|汽车维修;汽车维修;汽车维修,010400|030000,临海市,0576,和云汽修,"121.218610,28.919809",121.21861,28.919809,B0L6PZB5NR,121.21435527896679,28.92273673708086
,东大中路61号,,330000,331082,浙江省,台州市,汽车服务;汽车配件销售;汽车配件销售,010800,临海市,0576,前进轮胎(东大中路店),"121.217945,28.919084",121.217945,28.919084,B0LAUZWOT6,121.21368957589053,28.922011571783194
,,,330000,331082,浙江省,台州市,汽车服务;汽车配件销售;汽车配件销售,010800,临海市,0576,志统轮胎店,"121.218728,28.919248",121.218728,28.919248,B0J0SUEMFJ,121.21447345589606,28.922176312507652
,大田街道大田路青田办公楼,,330000,331082,浙江省,台州市,汽车服务;充电站;充电站,011100,临海市,0576,小桔充电汽车充电站(临海青田充电站),"121.217660,28.912767",121.21766,28.912767,B0L1MNFPH6,121.21340473816322,28.91569925595153
,大田街道青田村1-3号,,330000,331082,浙江省,台州市,汽车服务;汽车养护/装饰;汽车养护|汽车维修;汽车维修;汽车维修,010400|030000,临海市,0576,佳通轮胎店(汽修),"121.223693,28.918854",121.223693,28.918854,B0LBDHXRB7,121.2194436450361,28.921787698635406
,青田村5一41号法轮寺往西80处高速入口,,330000,331082,浙江省,台州市,汽车服务;汽车配件销售;汽车配件销售,010800,临海市,0576,小梁朝阳轮胎店(24小时营业),"121.222454,28.917774",121.222454,28.917774,B0H1MSXKOZ,121.21820352487669,28.92070736356296
,汇溪镇浚头村,,330000,331082,浙江省,台州市,汽车服务;加油站;中国石化,010101,临海市,0576,中国石化汇溪加油站,"121.219243,28.957535",121.219243,28.957535,B0K0HRDGEE,121.21498604507264,28.960433224575457
,中国石化汇溪加油站内,,330000,331082,浙江省,台州市,汽车服务;充电站;充电站,011100,临海市,0576,中国石化汽车充电站(临海汇溪充电站),"121.218840,28.957630",121.21884,28.95763,B0K2JBT84G,121.21458258780925,28.960527708510337
,大田路113号,,330000,331082,浙江省,台州市,汽车服务;汽车服务相关;汽车服务相关,010000,临海市,0576,融馨车贷,"121.220832,28.912776",121.220832,28.912776,B0LDB5CD64,121.21658025362738,28.915711687269045
,214省道,,330000,331082,浙江省,台州市,汽车服务;洗车场;洗车场,010500,临海市,0576,台州临海汇溪易捷养车洗车店,"121.219280,28.957595",121.21928,28.957595,B0LBHDZ2SW,121.21502308140738,28.960493216290534
,大田镇朝阳村5-6,,330000,331082,浙江省,台州市,汽车服务;汽车配件销售;汽车配件销售,010800,临海市,0576,汽车电器,"121.220434,28.909523",121.220434,28.909523,B0FFIANHFJ,121.21618208522813,28.912460844326848
,大田街道朝阳村5-37号,,330000,331082,浙江省,台州市,汽车服务;汽车服务相关;汽车服务相关,010000,临海市,0576,临海市强森叉车维修有限公司,"121.220794,28.909007",121.220794,28.909007,B0FFIZSZOW,121.21654250724143,28.911945626602932
,大田街道朝阳村浦山路5-29,,330000,331082,浙江省,台州市,汽车服务;汽车配件销售;汽车配件销售,010800,临海市,0576,李斌汽车水箱排气管,"121.220784,28.909037",121.220784,28.909037,B0LRU7E5VS,121.21653249436048,28.911975592561408
,大田街道朝阳村浦山路5-3,,330000,331082,浙江省,台州市,汽车服务;汽车配件销售;汽车配件销售,010800,临海市,0576,和平轮胎,"121.219989,28.908982",121.219989,28.908982,B0G0CPS5MA,121.2157366490801,28.91191980248592
,临海大道与大田路交叉口南440米,,330000,331082,浙江省,台州市,汽车服务;汽车配件销售;汽车配件销售,010800,临海市,0576,德安通轮胎(临海大道店),"121.220073,28.908990",121.220073,28.90899,B0I3F12C28,121.21582073927681,28.911927885179693
,临海大道与大田路交叉口南460米,,330000,331082,浙江省,台州市,汽车服务;汽车配件销售;汽车配件销售,010800,临海市,0576,玛吉斯轮胎(临海大道店),"121.220009,28.908936",121.220009,28.908936,B0HKDUZLTQ,121.21575667431046,28.91187386001394
,临海大道与大田路交叉口南440米,,330000,331082,浙江省,台州市,汽车服务;汽车服务相关;汽车服务相关|汽车维修;汽车维修;汽车维修,010000|030000,临海市,0576,阿军汽配汽修,"121.220684,28.909155",121.220684,28.909155,B0GR2RB4GO,121.21643237953441,28.912093395654626
,临海大道1288号附近,,330000,331082,浙江省,台州市,汽车服务;汽车配件销售;汽车配件销售,010800,临海市,0576,金宇轮胎,"121.221591,28.909178",121.221591,28.909178,B0FFL33Y35,121.21734032278249,28.912117306789686
,临海大道1288号,,330000,331082,浙江省,台州市,汽车服务;充电站;充电站,011100,临海市,0576,江南世通汽车充电站,"121.222447,28.910024",121.222447,28.910024,B0I0C5BYG1,121.21819712168141,28.91296349150163
,东塍镇川津路56号,,330000,331082,浙江省,台州市,汽车服务;二手车交易;二手车交易,011000,临海市,0576,临海子腾汽车租赁二手车买卖,"121.277870,28.928093",121.27787,28.928093,B0FFLMZEP6,121.27361170979962,28.931017124578048
,川津路与上街交叉口东220米,,330000,331082,浙江省,台州市,汽车服务;二手车交易;二手车交易,011000,临海市,0576,立辉二手车,"121.277575,28.928025",121.277575,28.928025,B0LDVC0QCS,121.27331708077315,28.930949477780285
,东塍镇225省道东塍中学,,330000,331082,浙江省,台州市,汽车服务;充电站;充电站,011100,临海市,0576,特来电汽车充电站(特来电临海市东塍中学东侧公共快充站),"121.274390,28.921974",121.27439,28.921974,B0JUV7CAFG,121.2701362980976,28.924906341307047
,东塍镇西洋头村1-61号,,330000,331082,浙江省,台州市,汽车服务;汽车养护/装饰;汽车养护,010400,临海市,0576,车尚汽车美容贴膜,"121.270475,28.921428",121.270475,28.921428,B0K6UUPWUD,121.26622542152222,28.92436405171822
,东塍镇西洋头村2-90号,,330000,331082,浙江省,台州市,汽车服务;汽车服务相关;汽车服务相关,010000,临海市,0576,阿明汽修,"121.268690,28.920484",121.26869,28.920484,B0FFGBOYUQ,121.26444215874947,28.92342211927023
,225省道与915县道交叉口西南140米,,330000,331082,浙江省,台州市,汽车服务;汽车配件销售;汽车配件销售,010800,临海市,0576,阿威轮胎经营部,"121.268690,28.920484",121.26869,28.920484,B0FFL28BKJ,121.26444215874947,28.92342211927023
,东塍镇川津路502号,,330000,331082,浙江省,台州市,汽车服务;加油站;加油站,010100,临海市,0576,东塍镇腾飞石化加油站,"121.264097,28.924592",121.264097,28.924592,B0FFGPE5X1,121.25985253592748,28.927529720927026
,金色佳苑东南门西南60米,,330000,331082,浙江省,台州市,汽车服务;汽车养护/装饰;汽车养护,010400,临海市,0576,兴扬汽车装潢,"121.263291,28.924662",121.263291,28.924662,B0FFL2LY4A,121.25904709116459,28.92760008970023
,华荣工艺制品有限公司东南门旁,,330000,331082,浙江省,台州市,汽车服务;洗车场;洗车场,010500,临海市,0576,台运车管家(东塍店),"121.262005,28.924364",121.262005,28.924364,B0FFMHTF3W,121.25776195374517,28.927302954793408
,东塍镇庙西村,,330000,331082,浙江省,台州市,汽车服务;汽车养护/装饰;汽车养护,010400,临海市,0576,金手指汽车美容(川津路),"121.259896,28.923961",121.259896,28.923961,B02400SIUT,121.25565421360221,28.92690117292195
,庙西村村委会东北侧150米,,330000,331082,浙江省,台州市,汽车服务;汽车服务相关;汽车服务相关,010000,临海市,0576,小兵轮胎店,"121.258436,28.923571",121.258436,28.923571,B0FFMBGUQV,121.25419498586236,28.926512007495077
,东塍镇绚珠村新马路铁路桥下第一排第一座西边第三第四间,,330000,331082,浙江省,台州市,汽车服务;洗车场;洗车场,010500,临海市,0576,吉祥洗车补胎,"121.255339,28.917753",121.255339,28.917753,B0LGXUA4AD,121.25109971611576,28.920699476653088
,东塍镇绚珠村,,330000,331082,浙江省,台州市,汽车服务;加油站;中国石化,010101,临海市,0576,中国石化东塍加油站,"121.251819,28.917470",121.251819,28.91747,B0240045P9,121.24758069719691,28.920417224249814
,东塍镇绚珠村(中石化东塍站营业房后面),,330000,331082,浙江省,台州市,汽车服务;充电站;充电站,011100,临海市,0576,中国石化汽车充电站(临海东塍充电站),"121.251900,28.917557",121.2519,28.917557,B0K36BVWID,121.24766167427164,28.920504148491005
B0240045P9,三佳东路5-28号,,330000,331082,浙江省,台州市,汽车服务;洗车场;洗车场,010500,临海市,0576,台州临海东塍易捷养车洗车店,"121.251810,28.917487",121.25181,28.917487,B0LBHDQN9I,121.24757169765151,28.920434211502176
,三佳东路5-17号,,330000,331082,浙江省,台州市,汽车服务;充电站;充电站,011100,临海市,0576,云快充汽车充电站(台州市海晨新能源东塍绚珠村充电站),"121.251190,28.917066",121.25119,28.917066,B0L3XP0UX9,121.2469518445854,28.92001358862125
,东塍镇三佳东路加油站旁禾禾照明一楼,,330000,331082,浙江省,台州市,汽车服务;汽车养护/装饰;汽车养护|汽车服务;洗车场;洗车场|汽车维修;汽车维修;汽车维修,010400|010500|030000,临海市,0576,百援精养东塍豪车会店,"121.250691,28.917164",121.250691,28.917164,B0FFHUY55S,121.24645291696778,28.92011153511736
,东塍镇东溪单村1-42号,,330000,331082,浙江省,台州市,汽车服务;充电站;充电站,011100,临海市,0576,汽车充电站,"121.250281,28.942831",121.250281,28.942831,B0IGJUSIDJ,121.2460409763477,28.945758070213575
B0240045P9,316省道与三佳东路交叉口东北60米,,330000,331082,浙江省,台州市,购物服务;便民商店/便利店;便民商店/便利店|汽车服务;汽车服务相关;汽车服务相关,060200|010000,临海市,0576,腾飞石化便利店,"121.251880,28.917485",121.25188,28.917485,B0LAA7P2VM,121.24764168388995,28.920432207288044
,大房工业区和佳工艺品厂对面,,330000,331082,浙江省,台州市,汽车服务;汽车配件销售;汽车配件销售|汽车维修;汽车维修;汽车维修,010800|030000,临海市,0576,凯得顺汽车服务有限公司,"121.249207,28.922041",121.249207,28.922041,B0FFLIOFJG,121.24496871272366,28.924984679016298
,东塍镇双宅工业区恒信灯饰4层,,330000,331082,浙江省,台州市,公司企业;公司;公司|汽车服务;汽车服务相关;汽车服务相关,170200|010000,临海市,0576,浙江铠甲汽车零部件有限公司,"121.254759,28.906819",121.254759,28.906819,B0KK4509F2,121.25052076123814,28.90977424309572
,东塍镇和佳工艺品厂对面,,330000,331082,浙江省,台州市,汽车服务;汽车服务相关;汽车服务相关,010000,临海市,0576,凯德顺汽车服务,"121.249310,28.922125",121.24931,28.922125,B0JUMS4L9U,121.24507169704252,28.925068613824767
B0HDSA48UO,南屏乡前杨村停车场,,330000,331023,浙江省,台州市,汽车服务;充电站;充电站,011100,天台县,0576,中国石化汽车充电站(南黄古道充电站),"120.985070,29.057383",120.98507,29.057383,B0K2BBD2QH,120.98091519016502,29.060265240755875
B02400SGQV,河头镇104国道仙人山庄,,330000,331082,浙江省,台州市,汽车服务;充电站;充电站,011100,临海市,0576,世动云充汽车充电站(台州临海市仙人山庄充电站),"121.071820,29.007250",121.07182,29.00725,B0L1A4IHLC,121.06740994777043,29.009957287754382
,永丰镇104国道复线沿岸村,,330000,331082,浙江省,台州市,汽车服务;加油站;中国石油,010102,临海市,0576,中国石油临海沿溪加油站,"121.068604,28.968694",121.068604,28.968694,B024004TTE,121.06420211136808,28.97143660907949
,福溪街道苦竹,,330000,331023,浙江省,台州市,汽车服务;汽车配件销售;汽车配件销售,010800,天台县,0576,天台虎浩轮胎批发,"121.062465,29.061883",121.062465,29.061883,B0JB6MCKR3,121.05806685295323,29.06455879722188
,百步村,,330000,331082,浙江省,台州市,汽车服务;充电站;充电站,011100,临海市,0576,云快充汽车充电站(104国道临海段交通驿站),"121.075850,29.035276",121.07585,29.035276,B0JRPKJ67E,121.07143205064516,29.03795607305812
,104国道与605县道交叉口南480米,,330000,331023,浙江省,台州市,汽车服务;汽车配件销售;汽车配件销售,010800,天台县,0576,双钱轮胎(京岚线店),"121.062428,29.061892",121.062428,29.061892,B0LUK7TXPC,121.05802992486171,29.064567848428908
,河头镇小石岭村,,330000,331082,浙江省,台州市,汽车服务;加油站;中国石化,010101,临海市,0576,中国石化小石岭加油站,"121.080048,28.972744",121.080048,28.972744,B0240045P7,121.0756299966404,28.975471087022868
,河头镇殿前村32号,,330000,331082,浙江省,台州市,汽车服务;汽车配件销售;汽车配件销售,010800,临海市,0576,朝阳轮胎店(大青线店),"121.095562,28.990615",121.095562,28.990615,B0J2DCYQK1,121.0911318239359,28.993320362371925
,珠岙镇214省道,,330000,331022,浙江省,台州市,汽车服务;充电站;充电站,011100,三门县,0576,世动云充汽车充电站(台州市三门县超充站),"121.235360,29.025250",121.23536,29.02525,B0K06MY851,121.23111081255249,29.02810642137444
,珠岙镇桐岩李村,,330000,331022,浙江省,台州市,汽车服务;加油站;加油站,010100,三门县,0576,桐岩岭加油站,"121.244872,29.030189",121.244872,29.030189,B024004TKO,121.24062525492072,29.03304482151227
,高枧乡东谢村育才片495号,,330000,331022,浙江省,台州市,购物服务;专卖店;烟酒专卖店|汽车服务;汽车服务相关;汽车服务相关,061210|010000,三门县,0576,伟来卷烟店,"121.225645,29.042165",121.225645,29.042165,B0FFG4H884,121.22138780085942,29.04500077350273
,珠岙镇鼎旺交通设施厂始峰橡塑有限公司,,330000,331022,浙江省,台州市,汽车服务;充电站;充电站,011100,三门县,0576,特来电汽车充电站(台州三门鼎旺充电站充电站),"121.224190,29.043318",121.22419,29.043318,B0KBP77AJF,121.2199313942503,29.046151524845904
,高枧乡214省道双娄村路段路东千禧幼儿园附近,,330000,331022,浙江省,台州市,汽车服务;加油站;中国石化,010101,三门县,0576,中国石化高枧加油站,"121.267889,29.044086",121.267889,29.044086,B0FFFRGANA,121.26363220998658,29.046924700846315
,珠岙镇甬临路33号一楼,,330000,331022,浙江省,台州市,汽车服务;汽车服务相关;汽车服务相关,010000,三门县,0576,龙工叉车高枧店,"121.267830,29.047543",121.26783,29.047543,B0G2YYQ47S,121.26357299038895,29.05037893028503
,清湖村,,330000,331022,浙江省,台州市,汽车服务;洗车场;洗车场,010500,三门县,0576,24小时自助洗车,"121.216823,29.044877",121.216823,29.044877,B0L6O59O49,121.212556429487,29.047701569361205
,天高线与326省道交叉口东480米,,330000,331022,浙江省,台州市,公司企业;公司;公司|汽车服务;汽车配件销售;汽车配件销售,170200|010800,三门县,0576,普劲通(浙江)轮胎有限公司,"121.220475,29.046525",121.220475,29.046525,B0LDFURPM4,121.21621242877828,29.049352255125658
,高枧开元大街22号,,330000,331022,浙江省,台州市,汽车服务;汽车养护/装饰;汽车养护,010400,三门县,0576,车尚汽车美容,"121.269127,29.048538",121.269127,29.048538,B0FFKC3D78,121.26486875855016,29.05137221466454
,浙江省台州市三门县浙江肇宏科技有限公司,,330000,331022,浙江省,台州市,汽车服务;充电站;充电站,011100,三门县,0576,力氪汽车充电站(浙江肇宏电站),"121.219249,29.047440",121.219249,29.04744,B0LUFR20YV,121.21498502274963,29.0502652059768
,高枧乡甬临路72号,,330000,331022,浙江省,台州市,汽车服务;汽车配件销售;汽车配件销售,010800,三门县,0576,固特异轮胎(甬临路店),"121.268470,29.049458",121.26847,29.049458,B0FFGIW20B,121.26421227938594,29.052291933883463
,珠岙镇高枧村开元大街140号,,330000,331022,浙江省,台州市,汽车服务;汽车服务相关;汽车服务相关,010000,三门县,0576,邓禄普轮胎(高枧店),"121.272345,29.048469",121.272345,29.048469,B0FFJTOK9E,121.26808361573471,29.051300765647806
,中国邮政(洪畴支局),,330000,331023,浙江省,台州市,汽车服务;充电站;充电站,011100,天台县,0576,力氪汽车充电站(力氪洪畴千都市集站),"121.212602,29.049308",121.212602,29.049308,B0K2OC8F63,121.20832975389567,29.052123818234595
,珠岙镇严家岙村84号,,330000,331022,浙江省,台州市,汽车服务;汽车养护/装饰;汽车养护|汽车维修;汽车维修;汽车维修,010400|030000,三门县,0576,车聚友汽修,"121.275036,29.051981",121.275036,29.051981,B0FFL3DX0E,121.2707714024727,29.05480754414795
,珠岙镇严加岙村支部委员会东北侧220米,,330000,331022,浙江省,台州市,汽车服务;汽车配件销售;汽车配件销售,010800,三门县,0576,新旧轮胎,"121.276356,29.052635",121.276356,29.052635,B0KDPD3AJN,121.27208981077095,29.055459762603995
,洪畴镇希董村410号,,330000,331023,浙江省,台州市,汽车服务;汽车配件销售;汽车配件销售,010800,天台县,0576,天台誉腾汽车用品有限公司,"121.207163,29.048418",121.207163,29.048418,B0G0GHI7TB,121.20288314269078,29.051227178176006
,东华路9号,,330000,331023,浙江省,台州市,汽车服务;汽车服务相关;汽车服务相关,010000,天台县,0576,波比大王交通,"121.206507,29.048074",121.206507,29.048074,B0LGJZNYS9,121.20222618542516,29.05088251794423
,高枧经济开发区东北侧,,330000,331022,浙江省,台州市,汽车服务;汽车配件销售;汽车配件销售,010800,三门县,0576,台州亚阳汽车用品有限公司,"121.278125,29.054475",121.278125,29.054475,B0LDYKKSQP,121.27385650186282,29.057296503011525
,洪畴镇大一村东安路9号,,330000,331023,浙江省,台州市,汽车服务;洗车场;洗车场|汽车维修;汽车维修;汽车维修,010500|030000,天台县,0576,西湖轮胎 补胎 洗车 汽车电瓶,"121.208932,29.055804",121.208932,29.055804,B0L6O7EDPQ,121.20465415712044,29.058609659442197
,洪畴镇天高线,,330000,331023,浙江省,台州市,汽车服务;充电站;充电站,011100,天台县,0576,特来电充电站(台州天美橡胶充电站),"121.207853,29.055710",121.207853,29.05571,B0J2TZZPPX,121.2035735929142,29.058514232380286
,天高线与016乡道交叉口西北40米,,330000,331023,浙江省,台州市,汽车服务;汽车配件销售;汽车配件销售,010800,天台县,0576,汽车电路电瓶电器空调,"121.209065,29.055927",121.209065,29.055927,B0FFLIUB2N,121.20478733886198,29.058732742829765
,浙江天美橡胶有限公司,,330000,331023,浙江省,台州市,汽车服务;充电站;充电站,011100,天台县,0576,力氪汽车充电站(洪畴天美),"121.207766,29.055611",121.207766,29.055611,B0JKJHJYOG,121.2034864725153,29.05841519023076
,天高线与016乡道交叉口西300米,,330000,331023,浙江省,台州市,汽车服务;汽车养护/装饰;汽车养护|汽车维修;汽车维修;汽车维修,010400|030000,天台县,0576,小戴车养护,"121.206302,29.055309",121.206302,29.055309,B0H2U7PNXX,121.20202030766636,29.058111345351875
,西洋常台高速公路洪畴镇中心小学西北,,330000,331023,浙江省,台州市,汽车服务;加油站;加油站,010100,天台县,0576,东南石油加油站,"121.203765,29.058325",121.203765,29.058325,B0H3RRJ4FP,121.19947914060026,29.061121152636684
,珠岙村甬临路285号(交警队隔壁),,330000,331022,浙江省,台州市,汽车服务;汽车配件销售;汽车配件销售,010800,三门县,0576,三门华顺汽配有限公司,"121.283073,29.059631",121.283073,29.059631,B0JDJSDL5M,121.27879745359559,29.062442852921137
,汽车充电站(庭旭新能源站),,330000,331022,浙江省,台州市,汽车服务;充电站;充电站,011100,三门县,0576,力氪汽车充电站(三门县庭旭新能源汽车充电站),"121.283500,29.061823",121.2835,29.061823,B0LBKHTE2W,121.27922366880797,29.06463256816793
,珠溪路与坎头路交叉口北60米,,330000,331022,浙江省,台州市,汽车服务;洗车场;洗车场,010500,三门县,0576,洗车人家中心,"121.284808,29.065154",121.284808,29.065154,B0GRHR0FQZ,121.28052949280183,29.067959281536066
,浙江沃尔德汽车用品有限公司东南门西90米,,330000,331022,浙江省,台州市,汽车服务;汽车养护/装饰;汽车养护,010400,三门县,0576,御车坊汽车美容中心,"121.290851,29.066075",121.290851,29.066075,B0FFKZNQUE,121.28656287278872,29.06887157389221
,城圹办事处东侧250米,,330000,331023,浙江省,台州市,汽车服务;汽车配件销售;汽车配件销售,010800,天台县,0576,天台鑫希旺ABS刹车大王,"121.194854,29.066490",121.194854,29.06649,B0HK7AKY4T,121.1905524621018,29.069265276606114
,洪畴镇湖塘岗路3号,,330000,331023,浙江省,台州市,汽车服务;汽车配件销售;汽车配件销售,010800,天台县,0576,汽车电瓶,"121.192104,29.065572",121.192104,29.065572,B0FFMBATRH,121.18779756247889,29.068343323042416
,亭旁大道58号,,330000,331022,浙江省,台州市,汽车服务;充电站;充电站,011100,三门县,0576,汽车充电站(国家电网台州市三门县亭旁镇亭旁大道停车场站),"121.350844,29.037920",121.350844,29.03792,B0JK3PFFNH,121.34643337352739,29.040632729386758
,X507(亭旁大道),,330000,331022,浙江省,台州市,汽车服务;充电站;充电站,011100,三门县,0576,蔚享天成汽车充电站(鸿帅商务宾馆),"121.350300,29.036636",121.3503,29.036636,B0LUYZWNR3,121.34589055426925,29.03935070737349
,亭旁大道与规划1路交叉口东北20米,,330000,331022,浙江省,台州市,汽车服务;汽车养护/装饰;汽车养护,010400,三门县,0576,宁和洗车,"121.352659,29.043877",121.352659,29.043877,B0FFL10441,121.34824434589788,29.04658180870035
,亭旁大道,,330000,331022,浙江省,台州市,汽车服务;汽车配件销售;汽车配件销售,010800,三门县,0576,威狮轮胎(亭旁大道店),"121.352757,29.043846",121.352757,29.043846,B0HR0HVEYA,121.34834215865236,29.046550669637867
,亭旁镇下路朱村,,330000,331022,浙江省,台州市,汽车服务;加油站;加油站,010100,三门县,0576,下路朱加油站,"121.360795,29.065916",121.360795,29.065916,B0FFGXO7OT,121.35636364051813,29.06858996422157
,亭旁镇锦马路2号7幢101-102室,,330000,331022,浙江省,台州市,汽车服务;汽车服务相关;汽车服务相关,010000,三门县,0576,浙江欣润房车科技有限公司,"121.362509,29.057645",121.362509,29.057645,B0LU4UYXS9,121.358075386331,29.060323139674406
,下路朱加油站,,330000,331022,浙江省,台州市,汽车服务;充电站;充电站,011100,三门县,0576,云快充超级充电站(下路朱加油站超充站),"121.360410,29.065388",121.36041,29.065388,B0LRHD8J4R,121.35597934990535,29.068062970859
,石岭线,,330000,331022,浙江省,台州市,汽车服务;汽车租赁;汽车租赁,010900,三门县,0576,一嗨租车三门高铁站店,"121.363979,29.055877",121.363979,29.055877,B0KDTAA4A8,121.35954309760416,29.058554464081578
,河头镇前山一村共享法庭西侧190米,,330000,331082,浙江省,台州市,汽车服务;二手车交易;二手车交易,011000,临海市,0576,小胖二手车,"121.120825,28.990575",121.120825,28.990575,B0LBLLRJ1C,121.116402668756,28.993290864116123
,河头镇姜村,,330000,331082,浙江省,台州市,汽车服务;加油站;加油站,010100,临海市,0576,大石加油站(人民路站),"121.106809,28.993451",121.106809,28.993451,B024004TTY,121.10237839476581,28.996155480090174
,浦坝港镇赤坎村,,330000,331022,浙江省,台州市,汽车服务;汽车服务相关;汽车服务相关,010000,三门县,0576,鸿途道路救援有限公司,"121.638781,28.956232",121.638781,28.956232,B0KRVACY17,121.63473166791603,28.959295776889412
,浦坝港镇罗石街161号,,330000,331022,浙江省,台州市,汽车服务;汽车服务相关;汽车服务相关,010000,三门县,0576,柏涨机械设备经营部,"121.659651,28.936674",121.659651,28.936674,B0LDFDWTFQ,121.65556821374143,28.93971805718727
,浦坝港镇泽山村,,330000,331022,浙江省,台州市,汽车服务;汽车养护/装饰;汽车养护|汽车维修;汽车维修;汽车维修,010400|030000,三门县,0576,三门县亿嘉汽车修理厂,"121.652351,28.937365",121.652351,28.937365,B0IULHNZS5,121.64828128946016,28.94042173180873
,浦坝港镇罗石村省道岭三线,,330000,331022,浙江省,台州市,汽车服务;加油站;中国石化,010101,三门县,0576,中国石化沿赤加油站,"121.655305,28.935332",121.655305,28.935332,B0FFHOJCEE,121.6512302196512,28.938385087719354
,316省道与罗石街交叉口西北120米,,330000,331022,浙江省,台州市,汽车服务;汽车配件销售;汽车配件销售,010800,三门县,0576,黑狮轮胎,"121.655575,28.935175",121.655575,28.935175,B0L14B0KLM,121.65149974765305,28.938227725551698
,224省道与罗石街交叉口西北100米,,330000,331022,浙江省,台州市,汽车服务;汽车配件销售;汽车配件销售,010800,三门县,0576,建军轮胎店,"121.655737,28.935168",121.655737,28.935168,B0K3FYJ5ZZ,121.65166145728428,28.938220438028438
,沿赤加油站隔壁,,330000,331022,浙江省,台州市,汽车服务;汽车配件销售;汽车配件销售,010800,三门县,0576,路欧峰轮胎,"121.655629,28.935075",121.655629,28.935075,B0KU2L32D4,121.65155365839574,28.938127707891738
,浦坝港镇下洋墩村(公交站),,330000,331022,浙江省,台州市,汽车服务;汽车服务相关;汽车服务相关,010000,三门县,0576,戈蒂汽车生活馆(三角塘店),"121.655896,28.934581",121.655896,28.934581,B0IU6SEO9Y,121.65182021645346,28.937633619622787
,316省道与罗石街交叉口西北100米,,330000,331022,浙江省,台州市,汽车服务;汽车配件销售;汽车配件销售,010800,三门县,0576,三门县建军汽车用品经营部,"121.655625,28.935075",121.655625,28.935075,B0L3A7VXVS,121.65154966557701,28.938127715127894
,浦坝港镇下洋墩村加油站旁10-11,,330000,331022,浙江省,台州市,汽车服务;汽车服务相关;汽车服务相关,010000,三门县,0576,泰鼎挖机配件,"121.656070,28.934691",121.65607,28.934691,B0LGSNWWGG,121.65199389479369,28.93774321607411
,罗石街与316省道交叉口东20米,,330000,331022,浙江省,台州市,汽车服务;汽车服务相关;汽车服务相关,010000,三门县,0576,比亚迪叉车,"121.656625,28.934425",121.656625,28.934425,B0J11N6GR6,121.65254791347475,28.93747641984613
,沿五路与海天大道交叉口西南300米,,330000,331022,浙江省,台州市,汽车服务;汽车服务相关;汽车服务相关,010000,三门县,0576,车世界汽车服务中心,"121.660668,28.925408",121.660668,28.925408,B0HK955D9H,121.65658419931437,28.92845916449152
,浦坝港镇三角塘村朝阳轮胎,,330000,331022,浙江省,台州市,汽车服务;汽车养护/装饰;汽车养护,010400,三门县,0576,洗车人家汽车服务连锁(三角塘店),"121.660404,28.925089",121.660404,28.925089,B0FFKLWLZB,121.65632071262999,28.928140910256992
,沿浦路与224省道交叉口南80米,,330000,331022,浙江省,台州市,汽车服务;汽车配件销售;汽车配件销售,010800,三门县,0576,朝阳轮胎,"121.660315,28.924979",121.660315,28.924979,B0KR4Z3G5G,121.65623188571995,28.92803116347815
,浦坝港镇沿海工业城海天大道三一方舱驿站第一排第二间,,330000,331022,浙江省,台州市,汽车服务;汽车服务相关;汽车服务相关,010000,三门县,0576,保诺驰汽车服务中心(三门旗舰店),"121.665907,28.924150",121.665907,28.92415,B0JU252HHH,121.66181348400325,28.927192300790026
,浦坝港镇三角塘村元畅酒店左边,,330000,331022,浙江省,台州市,汽车服务;汽车服务相关;汽车服务相关,010000,三门县,0576,台州军力叉车有限公司,"121.660088,28.924660",121.660088,28.92466,B0FFLIX6EP,121.65600532980254,28.92771283959518
,海景路与南沿六路交叉口东20米,,330000,331022,浙江省,台州市,汽车服务;汽车配件销售;汽车配件销售,010800,三门县,0576,路极轮胎,"121.668708,28.923898",121.668708,28.923898,B0LUK7TQD6,121.6646091983334,28.92693516655254
,浦坝港镇三角塘村港南医院对面三维小区商铺1号2号3号4号,,330000,331022,浙江省,台州市,汽车服务;汽车养护/装饰;汽车养护,010400,三门县,0576,豪林汽车美容养护,"121.668795,28.923624",121.668795,28.923624,B0KALZHJV9,121.6646960542812,28.92666121855024
,浦坝港镇三角塘盐城路3号,,330000,331022,浙江省,台州市,汽车服务;充电站;充电站,011100,三门县,0576,国家电网汽车充电站(台州市三门县浦坝港镇政府停车场公共充电站),"121.659677,28.922091",121.659677,28.922091,B0JK3PFND5,121.65559528541233,28.925146647074175
,盐城路与水坊街交叉口西60米,,330000,331022,浙江省,台州市,汽车服务;洗车场;洗车场|汽车服务;汽车养护/装饰;汽车养护|汽车维修;汽车维修;汽车维修,010500|010400|030000,三门县,0576,好运轮胎(浦坝港镇盐城路店),"121.662061,28.922169",121.662061,28.922169,B0FFMC7UZW,121.65797485855059,28.925220138620983
,浦坝港镇浦东路9号,,330000,331022,浙江省,台州市,汽车销售;汽车销售;汽车销售|汽车服务;汽车服务相关;汽车服务相关,020000|010000,三门县,0576,台州恒域汽车服务有限公司,"121.620707,28.964832",121.620707,28.964832,B0FFIQYDW6,121.61667790637888,28.967911001848115
,三角塘村盐城路47号,,330000,331022,浙江省,台州市,汽车服务;汽车养护/装饰;汽车养护,010400,三门县,0576,韩泰轮胎(金塘路店),"121.662061,28.922169",121.662061,28.922169,B0KU1DSQB9,121.65797485855059,28.925220138620983
,盐城路与水坊街交叉口西40米,,330000,331022,浙江省,台州市,汽车服务;汽车养护/装饰;汽车养护|汽车服务;洗车场;洗车场|汽车维修;汽车维修;汽车维修,010400|010500|030000,三门县,0576,从晓汽车美容会所,"121.662105,28.922106",121.662105,28.922106,B0FFHF5OE4,121.65801878133279,28.92515710621768
,沿浦路13号,,330000,331022,浙江省,台州市,汽车服务;洗车场;洗车场,010500,三门县,0576,蓝邦逸泽6元智能便民自助洗车,"121.658093,28.920973",121.658093,28.920973,B0JAVH15QR,121.65401427757593,28.924032460780666
,013乡道与健浬线交叉口东南420米,,330000,331022,浙江省,台州市,汽车服务;汽车服务相关;汽车服务相关,010000,三门县,0576,小林二手车买卖,"121.616610,28.964763",121.61661,28.964763,B0ID77LQLD,121.61258397193774,28.96784557246309
,台州锋固机械科技有限公司东北门旁,,330000,331022,浙江省,台州市,汽车服务;汽车养护/装饰;汽车养护,010400,三门县,0576,靓点汽车美容养护中心,"121.679992,28.919542",121.679992,28.919542,B0LGLUOAAY,121.67587220298738,28.92256111703978
,浦坝港镇沿海工业城,,330000,331022,浙江省,台州市,汽车服务;洗车场;洗车场|汽车服务;汽车养护/装饰;汽车养护|汽车维修;汽车维修;汽车维修,010500|010400|030000,三门县,0576,三门县宝程汽车服务有限公司,"121.663685,28.913907",121.663685,28.913907,B0FFK8S7WE,121.65959645502092,28.91696164154198
,健浬线,,330000,331022,浙江省,台州市,汽车服务;加油站;加油站,010100,三门县,0576,浬浦加油点,"121.612322,28.968302",121.612322,28.968302,B0K347YO5Y,121.60829814902237,28.971384709365452
,工业城锦南路与耕海路交叉口,,330000,331022,浙江省,台州市,汽车服务;汽车服务相关;汽车服务相关,010000,三门县,0576,台州市小管汽车服务有限公司,"121.658202,28.914556",121.658202,28.914556,B0KUJLGHHU,121.65412357074565,28.91762035295228
,沿海工业城雁订路,,330000,331022,浙江省,台州市,汽车服务;充电站;充电站,011100,三门县,0576,云快充目的地充电站(西格迈智慧产业园),"121.660070,28.911129",121.66007,28.911129,B0L1LBDCA3,121.65598840156169,28.914192611802612
,沿海工业城,,330000,331022,浙江省,台州市,汽车服务;充电站;充电站,011100,三门县,0576,云快充汽车充电站(台州共生运输有限公司),"121.659137,28.906151",121.659137,28.906151,B0L1X4PNPT,121.65505750220693,28.909220272523545
,健跳镇大塘村锁门,,330000,331022,浙江省,台州市,汽车服务;加油站;中国石化,010101,三门县,0576,中国石化三门港南加油站,"121.608767,29.016170",121.608767,29.01617,B0240045P3,121.60474091287173,29.01921574567753
,224省道与王浬线交叉口西北160米,,330000,331022,浙江省,台州市,汽车服务;汽车服务相关;汽车服务相关,010000,三门县,0576,王宋轮胎四轮定位,"121.581104,28.966830",121.581104,28.96683,B0G221WYBF,121.57707202425917,28.969912370061547
,里浦王间堂古松123,,330000,331022,浙江省,台州市,汽车服务;汽车配件销售;汽车配件销售,010800,三门县,0576,余伟汽车电器电喷,"121.580539,28.967145",121.580539,28.967145,B0G0ZZXRUW,121.57650640613292,28.97022668871144
,里浦镇黄金坦村224省道,,330000,331022,浙江省,台州市,汽车服务;加油站;中国石化,010101,三门县,0576,中国石化黄金坦加油站,"121.578139,28.973030",121.578139,28.97303,B02400SJQ5,121.57410325500172,28.976104952927674
,浦坝港镇黄金坦村,,330000,331022,浙江省,台州市,汽车服务;汽车配件销售;汽车配件销售,010800,三门县,0576,吴章平轮胎店,"121.578689,28.972278",121.578689,28.972278,B0L3K5CGZY,121.57465395710058,28.975354036759597
,浙江省台州市三门县健跳镇大塘村上蓬厂,,330000,331022,浙江省,台州市,汽车服务;汽车养护/装饰;汽车养护|汽车维修;汽车维修;汽车维修,010400|030000,三门县,0576,车总管,"121.612521,29.026244",121.612521,29.026244,B0G17MTY2X,121.60849263097455,29.02927947974795
,三门健跳5000T多用途码头,,330000,331022,浙江省,台州市,汽车服务;充电站;充电站,011100,三门县,0576,中国石化汽车充电站(三门健跳码头停车场充电站),"121.630340,29.039740",121.63034,29.03974,B0L6XBSIGS,121.62629542043737,29.042747530024617
,琴江公园旁停车场,,330000,331022,浙江省,台州市,汽车服务;充电站;充电站,011100,三门县,0576,国家电网充电站(浙江省台州市三门县健跳工业园区站),"121.625379,29.041638",121.625379,29.041638,B0JDO9E2MM,121.62133973195006,29.044649814342318
,西山路10号,,330000,331022,浙江省,台州市,汽车服务;汽车服务相关;汽车服务相关,010000,三门县,0576,美孚1号车养护(三门瀚成一店),"121.621020,29.041435",121.62102,29.041435,B0KA5A7CU8,121.61698479218003,29.044451425910317
,健跳镇琴江路41号,,330000,331022,浙江省,台州市,汽车服务;加油站;中国石化,010101,三门县,0576,中国石化健跳加油站,"121.626663,29.047311",121.626663,29.047311,B0240045P4,121.62262196957994,29.050316766874833
,西山路4号,,330000,331022,浙江省,台州市,汽车服务;充电站;充电站,011100,三门县,0576,特来电汽车充电站(台州三门县健跳车站公交充电站),"121.619880,29.043627",121.61988,29.043627,B0LA6XDICA,121.61584555988095,29.046642695156905
,健跳大桥往东30米,,330000,331022,浙江省,台州市,汽车服务;汽车配件销售;汽车配件销售,010800,三门县,0576,佳通轮胎(健跳欢剑店),"121.617170,29.041426",121.61717,29.041426,B0GULCRLH3,121.61313773994779,29.044445798254053
,224省道东50米,,330000,331022,浙江省,台州市,汽车服务;汽车配件销售;汽车配件销售,010800,三门县,0576,正新轮胎店,"121.617540,29.042473",121.61754,29.042473,B0FFLPDCV5,121.61350740307348,29.04549164665419
,健跳镇健农小区汽车保养道路救援汽车维修钣金喷漆四轮定位事故理赔,,330000,331022,浙江省,台州市,汽车服务;汽车服务相关;汽车服务相关,010000,三门县,0576,健跳孟勇汽车修理厂,"121.621198,29.046128",121.621198,29.046128,B0FFJ3R0EW,121.61716228238753,29.049140439407978
,健阳路176号,,330000,331022,浙江省,台州市,汽车服务;洗车场;洗车场,010500,三门县,0576,世强汽车服务中心,"121.622356,29.046145",121.622356,29.046145,B0G07A18UE,121.61831926998748,29.049156301440615
,文教路212-17号,,330000,331022,浙江省,台州市,汽车服务;充电站;充电站,011100,三门县,0576,电动车充电站,"121.617386,29.044941",121.617386,29.044941,B0L3KHC238,121.61335332190615,29.047957764178417
,健阳路与文教路交叉口西北220米,,330000,331022,浙江省,台州市,汽车服务;二手车交易;二手车交易,011000,三门县,0576,俊晨二手车,"121.622164,29.046838",121.622164,29.046838,B0L3M7MKRP,121.61812738823055,29.049848927495862
,健跳镇猫头新村警务室斜对面,,330000,331022,浙江省,台州市,汽车服务;汽车服务相关;汽车服务相关,010000,三门县,0576,三门县佳康轮胎店,"121.622088,29.048262",121.622088,29.048262,B0FFIFZZMF,121.61805134665292,29.05127184427067
,"黄四线小雄镇人民政府西南方向行驶,左转,黄四线西南侧",,330000,331022,浙江省,台州市,汽车服务;加油站;加油站,010100,三门县,0576,小雄石化加油站,"121.580804,28.879395",121.580804,28.879395,B0FFJDS65R,121.57677837067583,28.8825466073007
,港山路与江四路交叉口东420米,,330000,331022,浙江省,台州市,汽车服务;汽车服务相关;汽车服务相关,010000,三门县,0576,林远梅柴油机配件,"121.640032,28.857129",121.640032,28.857129,B0LGS71OOW,121.6359884074649,28.8602689171171
,关小线,,330000,331022,浙江省,台州市,汽车服务;汽车服务相关;汽车服务相关,010000,三门县,0576,雄金顺汽车服务,"121.580689,28.881332",121.580689,28.881332,B0G33UZ5K0,121.57666310209248,28.884482017720906
,浦坝港镇泗淋乡村定向路38号,,330000,331022,浙江省,台州市,汽车服务;汽车养护/装饰;汽车养护,010400,三门县,0576,星星汽车生活馆,"121.609917,28.862272",121.609917,28.862272,B0JGZUB317,121.60590223633007,28.865439917885606
,浦坝港镇定向路,,330000,331022,浙江省,台州市,汽车服务;汽车服务相关;汽车服务相关,010000,三门县,0576,骆驼蓄电池,"121.611275,28.861474",121.611275,28.861474,B0LA7SVATE,121.60725975348136,28.86464178569248
,泗淋乡黄泗线泗淋中学斜对面,,330000,331022,浙江省,台州市,汽车服务;加油站;中国石化,010101,三门县,0576,中国石化泗淋加油站,"121.607098,28.858053",121.607098,28.858053,B0240045Q2,121.60308441816392,28.8612254419882
,定向路246号,,330000,331022,浙江省,台州市,汽车服务;充电站;充电站,011100,三门县,0576,五支岙私人用特斯拉充电桩,"121.585517,28.873216",121.585517,28.873216,B0JUM594DE,121.58149623830471,28.876375447451405
,神阳电炉东南侧120米,,330000,331022,浙江省,台州市,汽车服务;汽车养护/装饰;汽车养护,010400,三门县,0576,星星汽车生活馆,"121.620967,28.858258",121.620967,28.858258,B0L6BKUSJO,121.6169458050692,28.861420861360283
,泗淋大拇指超市对面,,330000,331022,浙江省,台州市,汽车服务;汽车配件销售;汽车配件销售|汽车维修;汽车维修;汽车维修,010800|030000,三门县,0576,泗淋汽修,"121.607357,28.861531",121.607357,28.861531,B0FFJL3SKL,121.60334309012664,28.864700680495467
,定向路与湖滨路交叉口东180米,,330000,331022,浙江省,台州市,汽车服务;汽车服务相关;汽车服务相关,010000,三门县,0576,行车销售维修配件,"121.609987,28.861996",121.609987,28.861996,B0L3TG6M0T,121.60597223130144,28.865164092564946
,定向路与湖滨路交叉口东南260米,,330000,331022,浙江省,台州市,汽车服务;二手车交易;二手车交易,011000,三门县,0576,威尼二手车,"121.610702,28.861603",121.610702,28.861603,B0L3FD514R,121.60668698306527,28.864771009411378
,黄四线与繁荣街交叉口西20米,,330000,331022,浙江省,台州市,汽车服务;汽车养护/装饰;汽车养护,010400,三门县,0576,小林汽车服务部,"121.605018,28.863591",121.605018,28.863591,B0L2BLMBLS,121.60100439846623,28.86675995970368
,浦坝港镇黄四线红泰商务宾馆(黄四线泗淋),,330000,331022,浙江省,台州市,汽车服务;充电站;充电站,011100,三门县,0576,来点电汽车充电站(红泰宾馆直流桩),"121.607478,28.857306",121.607478,28.857306,B0KDG4GJTL,121.60346437997431,28.860478854917936
,江二路与港一路交叉口西20米,,330000,331022,浙江省,台州市,汽车服务;汽车养护/装饰;汽车养护,010400,三门县,0576,禧车吧汽车美容工作室,"121.625975,28.853675",121.625975,28.853675,B0L1ZCOFVJ,121.6219494645915,28.856836195630553
,浦坝港镇泗淋村平安路加油站隔壁,,330000,331022,浙江省,台州市,汽车服务;汽车配件销售;汽车配件销售,010800,三门县,0576,罗军轮胎店(卡车 工程车 轿车轮胎 补胎),"121.607350,28.857564",121.60735,28.857564,B0LAMS60I1,121.60333639309759,28.860736711671787
B0240045Q2,中国石化泗淋加油站,,330000,331022,浙江省,台州市,汽车服务;洗车场;洗车场,010500,三门县,0576,台州三门泗淋易捷养车洗车店,"121.607098,28.858053",121.607098,28.858053,B0LBCSDBSC,121.60308441816392,28.8612254419882
,横渡镇下罗路段六横线与亭流线三岔路口处横渡镇中心学校附近,,330000,331022,浙江省,台州市,汽车服务;加油站;加油站,010100,三门县,0576,横渡加油站,"121.530867,29.009065",121.530867,29.009065,B0FFLJCEVR,121.52672215028834,29.012024134554455
,健跳镇凤凰山居131号,,330000,331022,浙江省,台州市,汽车服务;加油站;加油站,010100,三门县,0576,浙江石油三门凰山加油站,"121.573769,29.058248",121.573769,29.058248,B0KU55O3D5,121.56972107870432,29.061249391200015
,花桥镇黄泗线两头门村路段花桥大酒店附近,,330000,331022,浙江省,台州市,汽车服务;加油站;中国石化,010101,三门县,0576,中国石化花桥加油站,"121.481610,28.923070",121.48161,28.92307,B0240045PB,121.47730292923043,28.925955162184366
,黄四线与城门街交叉口南240米,,330000,331022,浙江省,台州市,汽车服务;汽车配件销售;汽车配件销售|汽车维修;汽车维修;汽车维修,010800|030000,三门县,0576,德会汽配维修,"121.482042,28.916562",121.482042,28.916562,B0G1G7NIWP,121.47773689355469,28.91945357272871
,小芝镇虹桥头,,330000,331082,浙江省,台州市,汽车服务;加油站;中国石化,010101,临海市,0576,中国石化小芝加油站,"121.456072,28.856313",121.456072,28.856313,B0240045Q0,121.45169275129658,28.859183886664102
B0240045Q0,小芝镇虹桥头中国石化小芝加油站,,330000,331082,浙江省,台州市,汽车服务;洗车场;洗车场,010500,临海市,0576,台州临海小芝易捷养车洗车店,"121.456051,28.856292",121.456051,28.856292,B0LBHD07VI,121.45167169789585,28.859162855443707
,小芝镇车口村75省道与小义线交叉点西南侧,,330000,331082,浙江省,台州市,汽车服务;加油站;中国石油,010102,临海市,0576,中国石油临海车口加油站,"121.400213,28.882747",121.400213,28.882747,B0FFFRMFQU,121.3957577179469,28.88553452326651
,东塍镇岭根村前四庄3-33号山秋民宿,,330000,331082,浙江省,台州市,汽车服务;充电站;充电站,011100,临海市,0576,星星充电汽车充电站(山秋民宿充电桩),"121.393940,28.957820",121.39394,28.95782,B0L04SWQG4,121.38948025413623,28.96054938482266
B0L6H5HKSV,小芝镇225省道,,330000,331082,浙江省,台州市,汽车服务;充电站;充电站,011100,临海市,0576,特来电汽车充电站(台州临海市小芝车口驿站充电站),"121.388871,28.891050",121.388871,28.89105,B0JK676NHG,121.38441924795264,28.893834841046857
,小芝镇车口村75省道与小义线交叉点西南侧,,330000,331082,浙江省,台州市,汽车服务;加油站;中国石油,010102,临海市,0576,中国石油临海车口加油站,"121.400213,28.882747",121.400213,28.882747,B0FFFRMFQU,121.3957577179469,28.88553452326651,121.4067374137742,28.88856412930383
,小芝镇虹桥头,,330000,331082,浙江省,台州市,汽车服务;加油站;中国石化,010101,临海市,0576,中国石化小芝加油站,"121.456072,28.856313",121.456072,28.856313,B0240045Q0,121.45169275129658,28.859183886664102,121.46251804993305,28.862556674283333
,花桥镇黄泗线两头门村路段花桥大酒店附近,,330000,331022,浙江省,台州市,汽车服务;加油站;中国石化,010101,三门县,0576,中国石化花桥加油站,"121.481610,28.923070",121.48161,28.92307,B0240045PB,121.47730292923043,28.925955162184366,121.48816267151497,28.928862591083682
,沿江路170号附近,,330000,331082,浙江省,台州市,汽车服务;加油站;加油站,010100,临海市,0576,中东石化加油站(灵泉路),"121.316459,28.752851",121.316459,28.752851,B0FFGH2SNV,121.31214520327948,28.75584738965834,121.32286209050717,28.75920583703998
,东塍镇川津路502号,,330000,331082,浙江省,台州市,汽车服务;加油站;加油站,010100,临海市,0576,东塍镇腾飞石化加油站,"121.264097,28.924592",121.264097,28.924592,B0FFGPE5X1,121.25985253592748,28.927529720927026,121.27068641689081,28.93023765103218
,章安街道湖巉村358号,,330000,331002,浙江省,台州市,汽车服务;加油站;中国石油,010102,椒江区,0576,中国石油章安加油站,"121.401537,28.725540",121.401537,28.72554,B0FFG8WAG0,121.39709418170165,28.72844054978767,121.40808731670475,28.731387005951376
,东塍镇绚珠村,,330000,331082,浙江省,台州市,汽车服务;加油站;中国石化,010101,临海市,0576,中国石化东塍加油站,"121.251819,28.917470",121.251819,28.91747,B0240045P9,121.24758069719691,28.920417224249814,121.25839534425695,28.923138496997073
,杜桥镇南大路,,330000,331082,浙江省,台州市,汽车服务;加油站;中国石化,010101,临海市,0576,中国石化杜桥加油站,"121.492430,28.755331",121.49243,28.755331,B024004XNZ,121.48817323500263,28.758372999503504,121.4989955790269,28.76099146711197
,涌泉镇管岙村,,330000,331082,浙江省,台州市,汽车服务;加油站;中国石化,010101,临海市,0576,中国石化管岙加油站,"121.253446,28.781173",121.253446,28.781173,B0240045QO,121.24921790204634,28.78422275950198,121.26001108537677,28.786826598214777
,沿江路南30米,,330000,331082,浙江省,台州市,汽车服务;加油站;中化道达尔,010112,临海市,0576,中化道达尔玉岘加油站,"121.351692,28.717242",121.351692,28.717242,B0FFLK5GG8,121.3473051653095,28.72019636121199,121.35821770239343,28.72321406799244
B024005K6Q,大洋街道桥东村台州服务区,,330000,331082,浙江省,台州市,汽车服务;加油站;中国石化,010101,临海市,0576,中国石化甬台温高速台州下(西)加油站,"121.226256,28.877845",121.226256,28.877845,B024005IBY,121.22201214761165,28.880813166317033,121.23272347872663,28.883912110890098
,"小杜线与环城东路交叉处东行,杜桥第二小学附近",,330000,331082,浙江省,台州市,汽车服务;加油站;中国石化,010101,临海市,0576,中国石化杜桥大通道加油站,"121.510904,28.763630",121.510904,28.76363,B024004Y01,121.50671155272526,28.766721711810835,121.5174582149215,28.769318929872178
,章安街道柏加王村1085号,,330000,331002,浙江省,台州市,汽车服务;加油站;中国石化,010101,椒江区,0576,中国石化黄礁加油站,"121.393501,28.710957",121.393501,28.710957,B02400TO47,121.3890611410624,28.713868568965218,121.40008593133315,28.716684684694787
,沿江镇青岭,,330000,331082,浙江省,台州市,汽车服务;加油站;中国石化,010101,临海市,0576,中国石化临海青岭加油站,"121.241279,28.786142",121.241279,28.786142,B0240045QN,121.23705061713113,28.7891871932361,121.24781417420716,28.79193640100499
,杜桥镇汾东村杜桥镇汾东村10-47号,,330000,331082,浙江省,台州市,汽车服务;加油站;中国石油,010102,临海市,0576,中国石油临海杜桥加油站(大汾站),"121.481876,28.736855",121.481876,28.736855,B0240045R5,121.4775844344047,28.739878364938143,121.48842940973695,28.742643457715797
,沿江镇长甸水洞,,330000,331082,浙江省,台州市,汽车服务;加油站;中国石化,010101,临海市,0576,中国石化长甸加油站,"121.279846,28.742248",121.279846,28.742248,B024004E4M,121.27559964574478,28.74530787898617,121.28638742858898,28.748063003793412
,前所街道横蒋村,,330000,331002,浙江省,台州市,汽车服务;加油站;中国石化,010101,椒江区,0576,中国石化椒江顺风加油站,"121.478003,28.726617",121.478003,28.726617,B0FFG7HQ1C,121.47369937950042,28.729636058343353,121.48455061421943,28.732471686642626
,前章路(新民小学西北侧约50米),,330000,331002,浙江省,台州市,汽车服务;加油站;中国石化,010101,椒江区,0576,中国石化台州椒江东路加油站,"121.436379,28.704148",121.436379,28.704148,B0240045R6,121.43196834895622,28.70708804167153,121.44281298718714,28.710510167247964
,双林南路邵家渡街道前洋村,,330000,331082,浙江省,台州市,汽车服务;加油站;中国石油,010102,临海市,0576,中国石油临海双林南路加油站,"121.203818,28.856685",121.203818,28.856685,B0ID2UW5F8,121.1995480011106,28.859642463559645,121.21023651364358,28.86304216981182
,邵家渡街道(钓鱼亭村卫生室东南),,330000,331082,浙江省,台州市,汽车服务;加油站;中国石油,010102,临海市,0576,中国石油钓鱼亭加油站,"121.210875,28.813400",121.210875,28.8134,B0240045QI,121.20661882926645,28.816399777837617,121.21731475736532,28.819709243084954
,汛桥镇杨梅村,,330000,331082,浙江省,台州市,汽车服务;加油站;中国石化,010101,临海市,0576,中国石化杨梅加油站,"121.217398,28.793052",121.217398,28.793052,B0FFGWIHVL,121.21315174400392,28.796074532906502,121.22383812640912,28.79927327038472
,大田街道砟溪头村,,330000,331082,浙江省,台州市,汽车服务;加油站;中国石化,010101,临海市,0576,中国石化大田加油站,"121.210344,28.920201",121.210344,28.920201,B0240045P8,121.20607877212086,28.92311829250064,121.21676986095186,28.92651263673649
,垦荒大道1288号,,330000,331002,浙江省,台州市,汽车服务;加油站;中化道达尔,010112,椒江区,0576,中化道达尔前川加油站,"121.475855,28.706596",121.475855,28.706596,B0IRY5BHSW,121.4715459523454,28.7096218590655,121.48240014540092,28.71249054701616
,河阳南路与河阳路交叉口,,330000,331082,浙江省,台州市,汽车服务;加油站;中国石油,010102,临海市,0576,中国石油临海大洋加油站(河阳南路南站),"121.194373,28.877274",121.194373,28.877274,B024004VY1,121.1900854418854,28.880200510962133,121.20077480692274,28.883618272059252
,东方大道1300号,,330000,331082,浙江省,台州市,汽车服务;加油站;加油站,010100,临海市,0576,临海市东方加油站,"121.196461,28.896021",121.196461,28.896021,B0HA5CP2T5,121.19217566961238,28.89893641390383,121.20285729957479,28.902373954972763
,汛桥镇杨梅周岙村,,330000,331082,浙江省,台州市,汽车服务;加油站;中国石化,010101,临海市,0576,中国石化杨梅岭加油站,"121.208536,28.792302",121.208536,28.792302,B0240045QJ,121.20427815961582,28.795313823521134,121.21495047483656,28.798628094298717
,临海大道与河阳路交汇处,,330000,331082,浙江省,台州市,汽车服务;加油站;中国石油,010102,临海市,0576,中国石油临海大洋加油站(北),"121.193369,28.878535",121.193369,28.878535,B024004VY0,121.18907953814578,28.881458826249666,121.19977147971157,28.884873059642267
,沿江镇水洋村,,330000,331082,浙江省,台州市,汽车服务;加油站;中国石化,010101,临海市,0576,中国石化大庆加油站,"121.238721,28.736956",121.238721,28.736956,B024004Y55,121.23449565049386,28.74003393283101,121.24526210115046,28.742796360022908
,江口街道永椒路88号,,330000,331003,浙江省,台州市,汽车服务;加油站;加油站,010100,黄岩区,0576,浙江石油综合供能三江口加油站,"121.330241,28.685569",121.330241,28.685569,B0G39NLA3J,121.32590207345883,28.688582388723702,121.33667261647773,28.691883226416845
,葭沚街道黄海公路1271号,,330000,331002,浙江省,台州市,汽车服务;加油站;中国石化,010101,椒江区,0576,中国石化高坎加油站,"121.371806,28.677499",121.371806,28.677499,B0240045R1,121.3673885202724,28.680448480585106,121.37838169306619,28.683167284892352
,"黄四线小雄镇人民政府西南方向行驶,左转,黄四线西南侧",,330000,331022,浙江省,台州市,汽车服务;加油站;加油站,010100,三门县,0576,小雄石化加油站,"121.580804,28.879395",121.580804,28.879395,B0FFJDS65R,121.57677837067583,28.8825466073007,121.5872473418146,28.88555998835362
,马上线,,330000,331003,浙江省,台州市,汽车服务;加油站;中国石化,010101,黄岩区,0576,中国石化江口加油站(马上线),"121.338712,28.677585",121.338712,28.677585,B0240045R0,121.33435512914134,28.680587126574746,121.34516160573556,28.68378725816255
,汇溪镇浚头村,,330000,331082,浙江省,台州市,汽车服务;加油站;中国石化,010101,临海市,0576,中国石化汇溪加油站,"121.219243,28.957535",121.219243,28.957535,B0K0HRDGEE,121.21498604507264,28.960433224575457,121.22571457466626,28.96373345571127
,海门街道江滨路5号,,330000,331002,浙江省,台州市,汽车服务;加油站;中国石化,010101,椒江区,0576,中国石化江滨加油站,"121.451474,28.682120",121.451474,28.68212,B02400SPF6,121.44709688950068,28.685100829255298,121.4579051764758,28.68842106381552
,江口镇上辇村附近,,330000,331003,浙江省,台州市,汽车服务;加油站;加油站,010100,黄岩区,0576,加油站(仅柴油),"121.341964,28.677741",121.341964,28.677741,B02400TZYA,121.33760015471854,28.680737005372322,121.34842656212591,28.683889146402077
,葭沚街道东平路859号,,330000,331002,浙江省,台州市,汽车服务;加油站;中国石化,010101,椒江区,0576,中国石化客运中心加油站,"121.401782,28.669237",121.401782,28.669237,B0FFF9JTH9,121.39734365118221,28.672172313578155,121.40830747914299,28.67508262080863
B0FFHJTKTQ,沿海高速临海服务区东区,,330000,331082,浙江省,台州市,汽车服务;加油站;中国石化,010101,临海市,0576,中国石化沿海高速东区加油站,"121.576118,28.773020",121.576118,28.77302,B0FFKH9T8Z,121.57209497369574,28.776246161402288,121.58254141891781,28.779257822883803
B0FFHJTNOQ,沿海高速临海服务区西区,,330000,331082,浙江省,台州市,汽车服务;加油站;中国石化,010101,临海市,0576,中国石化沿海高速西区加油站,"121.574677,28.773372",121.574677,28.773372,B0FFLB9GU5,121.57065204484013,28.776596478377673,121.58109577889633,28.7796296886916
,325省道东100米,,330000,331003,浙江省,台州市,汽车服务;加油站;中国石油,010102,黄岩区,0576,中国石油台州市黄岩区火车站东加油站,"121.297159,28.683094",121.297159,28.683094,B0FFJ7BJCH,121.29288974184227,28.686168382239792,121.30363063419806,28.689227973085643
,汛桥镇汛东村104国道旁(汛桥派出所对面往东200米),,330000,331082,浙江省,台州市,汽车服务;加油站;加油站,010100,临海市,0576,中国海油协和石油加油站(临海站),"121.185574,28.792201",121.185574,28.792201,B02400TZE1,121.18127672093235,28.795175432573853,121.19200338752849,28.798463846492506
,小杜线与西大路交汇处西北行,,330000,331082,浙江省,台州市,汽车服务;加油站;中国石油,010102,临海市,0576,中国石油临海上盘加油站,"121.566799,28.756354",121.566799,28.756354,B0240045QR,121.56276314336166,28.75958071880639,121.57320343687879,28.762692355738317
,汛桥镇利丰村,,330000,331082,浙江省,台州市,汽车服务;加油站;中国石化,010101,临海市,0576,中国石化临海安达加油站,"121.184149,28.792400",121.184149,28.7924,B0240045QH,121.17984895688606,28.795371694366548,121.19058316269358,28.79864357281023
,白云街道解放南路69号,,330000,331002,浙江省,台州市,汽车服务;加油站;中国石化,010101,椒江区,0576,中国石化白云山加油站,"121.433780,28.663990",121.43378,28.66399,B0240045R9,121.4293681228166,28.66695046165458,121.4401840556267,28.670331735168375
,泗淋乡黄泗线泗淋中学斜对面,,330000,331022,浙江省,台州市,汽车服务;加油站;中国石化,010101,三门县,0576,中国石化泗淋加油站,"121.607098,28.858053",121.607098,28.858053,B0240045Q2,121.60308441816392,28.8612254419882,121.61366753947156,28.863768776125692
,市府大道1078号,,330000,331002,浙江省,台州市,汽车服务;加油站;加油站,010100,椒江区,0576,中化栅桥加油站,"121.396984,28.656537",121.396984,28.656537,B0FFIE49TA,121.39254729026212,28.65948026327225,121.40351982223389,28.662303241849123
,城东三峰路375号,,330000,331082,浙江省,台州市,汽车服务;加油站;中国石化,010101,临海市,0576,中国石化甬临加油站,"121.161046,28.870359",121.161046,28.870359,B0240045PV,121.15669411732988,28.873229572747416,121.16757509187903,28.876192369655907
,白云街道白云山中路250号,,330000,331002,浙江省,台州市,汽车服务;加油站;中国石化,010101,椒江区,0576,中国石化台中加油站,"121.423625,28.656923",121.423625,28.656923,B0240045RX,121.41919969548893,28.659875560540094,121.43005053921705,28.66315708733429
,228国道南侧,,330000,331082,浙江省,台州市,汽车服务;加油站;中国石油,010102,临海市,0576,中国石油台州中胜四份加油站,"121.546771,28.714696",121.546771,28.714696,B0K6KU32K4,121.54269454880279,28.717914592841414,121.55322358674809,28.720981066903025
,桃渚镇杨家村尖头后门,,330000,331082,浙江省,台州市,汽车服务;加油站;中国石化,010101,临海市,0576,中国石化临海顺风加油站,"121.612112,28.818238",121.612112,28.818238,B024006TSB,121.60809965897576,28.821437719815588,121.61870707036262,28.82390760518534
,临海大道大柏叶村668号,,330000,331082,浙江省,台州市,汽车服务;加油站;中国石化,010101,临海市,0576,中国石化水云塘加油站,"121.153098,28.848922",121.153098,28.848922,B0240045PT,121.14873275305253,28.851794627634824,121.15967564184565,28.854643255458207
,海门街道疏港大道433号,,330000,331002,浙江省,台州市,汽车服务;加油站;中国石化,010101,椒江区,0576,中国石化港龙加油站,"121.462942,28.660395",121.462942,28.660395,B0240045RS,121.45859707453945,28.663414764520752,121.46939429071429,28.666522688371806
,东方大道98号,,330000,331082,浙江省,台州市,汽车服务;加油站;中国石化,010101,临海市,0576,中国石化协作加油站,"121.151833,28.862395",121.151833,28.862395,B0240045PU,121.14746438306108,28.865255182342757,121.15840105911603,28.868098521764658
,北城马鞍山,,330000,331003,浙江省,台州市,汽车服务;加油站;中国石化,010101,黄岩区,0576,中国石化马鞍山加油站,"121.266624,28.674173",121.266624,28.674173,B024006MR9,121.2623970363225,28.677287121341774,121.27319905319736,28.67982948027424
,古城街道两水村,,330000,331082,浙江省,台州市,汽车服务;加油站;中国石化,010101,临海市,0576,中国石化二桥加油站,"121.150952,28.826637",121.150952,28.826637,B0240045QE,121.14658461128587,28.829522586138577,121.15754380187123,28.832336244067566
,横渡镇下罗路段六横线与亭流线三岔路口处横渡镇中心学校附近,,330000,331022,浙江省,台州市,汽车服务;加油站;加油站,010100,三门县,0576,横渡加油站,"121.530867,29.009065",121.530867,29.009065,B0FFLJCEVR,121.52672215028834,29.012024134554455,121.53734362049333,29.01507690743731
,江南街道三洞桥村,,330000,331082,浙江省,台州市,汽车服务;加油站;中国石化,010101,临海市,0576,中国石化江南加油站,"121.151798,28.811637",121.151798,28.811637,B02400TAEJ,121.14743331883611,28.814535062171753,121.1583795958945,28.81734336342997
,江南街道城南三洞桥,,330000,331082,浙江省,台州市,汽车服务;加油站;中国石化,010101,临海市,0576,中国石化城南加油站,"121.150724,28.811825",121.150724,28.811825,B024004XHR,121.14635736873565,28.814721077332916,121.15730845524607,28.817520039969676
,里浦镇黄金坦村224省道,,330000,331022,浙江省,台州市,汽车服务;加油站;中国石化,010101,三门县,0576,中国石化黄金坦加油站,"121.578139,28.973030",121.578139,28.97303,B02400SJQ5,121.57410325500172,28.976104952927674,121.58459536676287,28.97924388695741
,北城街道新宅村,,330000,331003,浙江省,台州市,汽车服务;加油站;中国石化,010101,黄岩区,0576,中国石化拱东加油站,"121.249063,28.680352",121.249063,28.680352,B0240045QX,121.24484345568439,28.683467854045873,121.25563567259785,28.686046368850153
,民辉村1号(公交综合场站内),,330000,331002,浙江省,台州市,汽车服务;加气站;加气站|汽车服务;加油站;加油站,010300|010100,椒江区,0576,浙江石油综合供能服务站,"121.473848,28.659728",121.473848,28.659728,B0FFJKFAW3,121.46953618315364,28.662776525235476,121.48034821159139,28.665651062232463
,古城街道东方大道71号,,330000,331082,浙江省,台州市,汽车服务;加油站;中国石化|公司企业;公司;公司,010101|170200,临海市,0576,中国石化勾山加油站,"121.142768,28.857189",121.142768,28.857189,B0FFGWIHTD,121.13838420503323,28.86003821274378,121.14935651661595,28.862830061509246
,柔极路169号,,330000,331003,浙江省,台州市,汽车服务;加油站;中国石化,010101,黄岩区,0576,中国石化黄岩东城加油站,"121.280930,28.658339",121.28093,28.658339,B0240045RP,121.27668870342606,28.66144974231491,121.28745167431082,28.66416846394485
,太和路,,330000,331002,浙江省,台州市,汽车服务;加油站;加油站,010100,椒江区,0576,浙江石油加油站,"121.461836,28.648392",121.461836,28.648392,B0G1B19WKE,121.45748887036866,28.651415870271737,121.46828097303143,28.654538486842114
,亭旁镇下路朱村,,330000,331022,浙江省,台州市,汽车服务;加油站;加油站,010100,三门县,0576,下路朱加油站,"121.360795,29.065916",121.360795,29.065916,B0FFGXO7OT,121.35636364051813,29.06858996422157,121.36736071041692,29.071725547485613
,海门街道枫南东路1289号,,330000,331002,浙江省,台州市,汽车服务;加油站;中国石油,010102,椒江区,0576,中国石油东龙加油站,"121.484178,28.655829",121.484178,28.655829,B0FFG6UWI6,121.47990052789117,28.658908944027377,121.49071754995097,28.66157824059459
,高枧乡214省道双娄村路段路东千禧幼儿园附近,,330000,331022,浙江省,台州市,汽车服务;加油站;中国石化,010101,三门县,0576,中国石化高枧加油站,"121.267889,29.044086",121.267889,29.044086,B0FFFRGANA,121.26363220998658,29.046924700846315,121.27447293294846,29.049753783331386
,疏港大道1688号(东海大道与交叉路口),,330000,331002,浙江省,台州市,汽车服务;加油站;加油站,010100,椒江区,0576,中国海油东海大道加油站,"121.455861,28.639746",121.455861,28.639746,B0IBGDC2S8,121.45149829890728,28.64276070479313,121.46228631815782,28.645987829318603
,104国道南50米,,330000,331082,浙江省,台州市,汽车服务;加油站;加油站,010100,临海市,0576,远洲江南加油站,"121.137201,28.814486",121.137201,28.814486,B0FFFRMF6Q,121.13281200934327,28.81735879839659,121.14379989931098,28.820129667390162
,珠岙镇桐岩李村,,330000,331022,浙江省,台州市,汽车服务;加油站;加油站,010100,三门县,0576,桐岩岭加油站,"121.244872,29.030189",121.244872,29.030189,B024004TKO,121.24062525492072,29.03304482151227,121.25142360999385,29.035931241768665
,黄岩北城街道拱新大道2-1号,,330000,331003,浙江省,台州市,汽车服务;加油站;中国石化,010101,黄岩区,0576,中国石化五里牌加油站,"121.246963,28.667377",121.246963,28.667377,B0I6LU3FMJ,121.24274453108934,28.670500383877553,121.25351778314727,28.673091939287062
,上盘镇甲石头村228国道旁,,330000,331082,浙江省,台州市,汽车服务;加油站;加油站,010100,临海市,0576,浙江石油甲石头综合供能服务加油站,"121.601638,28.733002",121.601638,28.733002,B0IDA71FO1,121.59763450773026,28.736265285049132,121.60819430888075,28.738794852943887
,九峰油库路33号,,330000,331003,浙江省,台州市,汽车服务;加油站;中国石化,010101,黄岩区,0576,中国石化九峰加油站,"121.281557,28.645406",121.281557,28.645406,B02400505T,121.27731585116639,28.648523330929326,121.28807486067848,28.651245876709805
,道西工业园区新前街朝元路7号,,330000,331003,浙江省,台州市,汽车服务;加油站;加油站,010100,黄岩区,0576,CIEC屿下石化加油站,"121.225086,28.670031",121.225086,28.670031,B02400THAJ,121.22085722831213,28.673141730053796,121.23155440907126,28.676121248246787
,古城街道后岭下,,330000,331082,浙江省,台州市,汽车服务;加油站;中国石化,010101,临海市,0576,中国石化后山加油站,"121.118719,28.856031",121.118719,28.856031,B0240045PO,121.11430560013153,28.85885163134558,121.12526117603457,28.861871777171505
,江南街道白岩山前村,,330000,331082,浙江省,台州市,汽车服务;加油站;中国石化,010101,临海市,0576,中国石化小溪加油站,"121.125730,28.792122",121.12573,28.792122,B024004XH0,121.12132818751438,28.79499651165636,121.1322855658726,28.797853568131504
,黄长路165号,,330000,331003,浙江省,台州市,汽车服务;加油站;中国石化,010101,黄岩区,0576,中国石化黄岩西门加油站,"121.250007,28.645429",121.250007,28.645429,B0240045RF,121.24579005450364,28.64856501960992,121.25656252896671,28.651109449199033
,健浬线,,330000,331022,浙江省,台州市,汽车服务;加油站;加油站,010100,三门县,0576,浬浦加油点,"121.612322,28.968302",121.612322,28.968302,B0K347YO5Y,121.60829814902237,28.971384709365452,121.61891316120486,28.97396891470658
,新前新屿路24号,,330000,331003,浙江省,台州市,汽车服务;加油站;加油站,010100,黄岩区,0576,范丰石油加油站,"121.216843,28.656311",121.216843,28.656311,B0FFGWH6NP,121.21260667718462,28.659421172322574,121.22326993989647,28.662537815696446
,上盘镇头门港新区北洋七路,,330000,331082,浙江省,台州市,汽车服务;加油站;中国石油,010102,临海市,0576,中国石油临海市东城加油站,"121.640287,28.752707",121.640287,28.752707,B0GD5H1P7I,121.63625097678283,28.755921953312924,121.64681698615591,28.75852646892899
,括苍大道667号七里村,,330000,331082,浙江省,台州市,汽车服务;加油站;中国石油,010102,临海市,0576,中国石油临海东海加油站,"121.105142,28.859864",121.105142,28.859864,B024006XLL,121.1007216548987,28.86267394859595,121.11162035246369,28.86595545413937
,新前街道新江路573号,,330000,331003,浙江省,台州市,汽车服务;加油站;加油站,010100,黄岩区,0576,浙江石油黄岩模具小镇加油站,"121.204984,28.669326",121.204984,28.669326,B0KK9CS7TX,121.20073037827339,28.672412956118063,121.2113905834264,28.675674862561554
,浦坝港镇罗石村省道岭三线,,330000,331022,浙江省,台州市,汽车服务;加油站;中国石化,010101,三门县,0576,中国石化沿赤加油站,"121.655305,28.935332",121.655305,28.935332,B0FFHOJCEE,121.6512302196512,28.938385087719354,121.66179519220164,28.941435406430365
,健跳镇大塘村锁门,,330000,331022,浙江省,台州市,汽车服务;加油站;中国石化,010101,三门县,0576,中国石化三门港南加油站,"121.608767,29.016170",121.608767,29.01617,B0240045P3,121.60474091287173,29.01921574567753,121.61532097330588,29.021862076052688
,古城街道许墅村,,330000,331082,浙江省,台州市,汽车服务;加油站;中国石化,010101,临海市,0576,中国石化许墅加油站,"121.090523,28.875348",121.090523,28.875348,B02400TVCF,121.08610412567505,28.8781463515714,121.09693518854515,28.881654171400324
,西洋常台高速公路洪畴镇中心小学西北,,330000,331023,浙江省,台州市,汽车服务;加油站;加油站,010100,天台县,0576,东南石油加油站,"121.203765,29.058325",121.203765,29.058325,B0H3RRJ4FP,121.19947914060026,29.061121152636684,121.21019543961923,29.064685387093924
,头陀镇魏家村,,330000,331003,浙江省,台州市,汽车服务;加油站;中国石化,010101,黄岩区,0576,中国石化拱复加油站,"121.184039,28.651408",121.184039,28.651408,B0FFGWIHTW,121.17974972702159,28.654470077104232,121.19046194430433,28.657647225731978
,健跳镇凤凰山居131号,,330000,331022,浙江省,台州市,汽车服务;加油站;加油站,010100,三门县,0576,浙江石油三门凰山加油站,"121.573769,29.058248",121.573769,29.058248,B0KU55O3D5,121.56972107870432,29.061249391200015,121.58021939965104,29.064525769187266
,永丰镇留贤村,,330000,331082,浙江省,台州市,汽车服务;加油站;中国石化,010101,临海市,0576,中国石化联合加油站,"121.075601,28.887646",121.075601,28.887646,B0FFGWIHVH,121.07119509969743,28.89044494843565,121.08199731889091,28.893995027775443
,永丰镇322省道与104国道交叉口,,330000,331082,浙江省,台州市,汽车服务;加油站;中国石化,010101,临海市,0576,中国石化石鼓加油站,"121.067233,28.887920",121.067233,28.88792,B024004VC5,121.06283983616058,28.890728761849168,121.07364565033649,28.894200413661267
,河头镇姜村,,330000,331082,浙江省,台州市,汽车服务;加油站;加油站,010100,临海市,0576,大石加油站(人民路站),"121.106809,28.993451",121.106809,28.993451,B024004TTY,121.10237839476581,28.996155480090174,121.11328194077858,28.999508406604274
,健跳镇琴江路41号,,330000,331022,浙江省,台州市,汽车服务;加油站;中国石化,010101,三门县,0576,中国石化健跳加油站,"121.626663,29.047311",121.626663,29.047311,B0240045P4,121.62262196957994,29.050316766874833,121.63325215797204,29.05296983619353
,河头镇小石岭村,,330000,331082,浙江省,台州市,汽车服务;加油站;中国石化,010101,临海市,0576,中国石化小石岭加油站,"121.080048,28.972744",121.080048,28.972744,B0240045P7,121.0756299966404,28.975471087022868,121.08646829484114,28.97910896494042
,永丰镇104国道复线沿岸村,,330000,331082,浙江省,台州市,汽车服务;加油站;中国石油,010102,临海市,0576,中国石油临海沿溪加油站,"121.068604,28.968694",121.068604,28.968694,B024004TTE,121.06420211136808,28.97143660907949,121.07504296479823,28.97499704018891
B024005IO2,台金高速临海服务区南侧,,330000,331082,浙江省,台州市,汽车服务;加油站;中国石化,010101,临海市,0576,中国石化临海服务区张家渡南区加油站,"120.989622,28.870063",120.989622,28.870063,B024004Q6W,120.98546554597691,28.873081920144653,120.99611050347907,28.876067849175183
B024005IO1,括苍镇陈岙村张家渡服务区,,330000,331082,浙江省,台州市,汽车服务;加油站;中国石化,010101,临海市,0576,中国石化张家渡北加油站,"120.984282,28.870759",120.984282,28.870759,B024004Q6S,120.98014426557405,28.873793214680195,120.9907460658778,28.876863570610606
,括苍镇小海门村,,330000,331082,浙江省,台州市,汽车服务;加油站;中国石化,010101,临海市,0576,中国石化小海门加油站,"120.977658,28.874215",120.977658,28.874215,B0240045PM,120.97354267675468,28.87726566179766,120.98409265870505,28.880430404491364
,塘头朱村,,330000,331082,浙江省,台州市,汽车服务;加油站;中国石油,010102,临海市,0576,中国石油临海西城加油站,"120.949096,28.883385",120.949096,28.883385,B0FFHCX63N,120.94506424467238,28.886499254591932,120.95550479461559,28.889685929083765
,白水洋镇临仙路1号,,330000,331082,浙江省,台州市,汽车服务;加油站;中国石油,010102,临海市,0576,中国石油临海金洲加油站,"120.910831,28.890636",120.910831,28.890636,B02400T5C4,120.90685746602374,28.89379225851882,120.91738466201265,28.896325405252295
B024005K6R,沈海高速台州服务区东侧,,330000,331082,浙江省,台州市,汽车服务;加油站;中国石化,010101,临海市,0576,中国石化甬台温高速台州上(东)加油站(暂停营业),"121.227600,28.879364",121.2276,28.879364,B024005HFM,121.2233571417285,28.88233211026301,121.23407262557825,28.885405647071828
,福应街道,,330000,331024,浙江省,台州市,汽车服务;加油站;加油站,010100,仙居县,0576,大路站加油站,"120.832536,28.888564",120.832536,28.888564,B0GUTYIG1A,120.82847815455303,28.891642047975658,120.83893647167123,28.89489452746009
,下各镇镇西南路166号,,330000,331024,浙江省,台州市,汽车服务;加油站;加油站,010100,仙居县,0576,浙江石油仙居下各南加油站,"120.843593,28.851611",120.843593,28.851611,B0ID2DKUNK,120.83956054484565,28.85473785563482,120.85001624447048,28.85796910924438
,管铁线附近,,330000,331024,浙江省,台州市,汽车服务;加油站;加油站,010100,仙居县,0576,美顺达双庙加油站,"120.842599,28.796789",120.842599,28.796789,B0FFIHRZ0Q,120.83856869470574,28.799954515638113,120.84901015221355,28.803147400268095
,小芝镇车口村75省道与小义线交叉点西南侧,,330000,331082,浙江省,台州市,汽车服务;加油站;中国石油,010102,临海市,0576,中国石油临海车口加油站,"121.400213,28.882747",121.400213,28.882747,B0FFFRMFQU,121.3957577179469,28.88553452326651,121.4067374137742,28.88856412930383
,章安街道湖巉村358号,,330000,331002,浙江省,台州市,汽车服务;加油站;中国石油,010102,椒江区,0576,中国石油章安加油站,"121.401537,28.725540",121.401537,28.72554,B0FFG8WAG0,121.39709418170165,28.72844054978767,121.40808731670475,28.731387005951376
,杜桥镇汾东村杜桥镇汾东村10-47号,,330000,331082,浙江省,台州市,汽车服务;加油站;中国石油,010102,临海市,0576,中国石油临海杜桥加油站(大汾站),"121.481876,28.736855",121.481876,28.736855,B0240045R5,121.4775844344047,28.739878364938143,121.48842940973695,28.742643457715797
,双林南路邵家渡街道前洋村,,330000,331082,浙江省,台州市,汽车服务;加油站;中国石油,010102,临海市,0576,中国石油临海双林南路加油站,"121.203818,28.856685",121.203818,28.856685,B0ID2UW5F8,121.1995480011106,28.859642463559645,121.21023651364358,28.86304216981182
,邵家渡街道(钓鱼亭村卫生室东南),,330000,331082,浙江省,台州市,汽车服务;加油站;中国石油,010102,临海市,0576,中国石油钓鱼亭加油站,"121.210875,28.813400",121.210875,28.8134,B0240045QI,121.20661882926645,28.816399777837617,121.21731475736532,28.819709243084954
,河阳南路与河阳路交叉口,,330000,331082,浙江省,台州市,汽车服务;加油站;中国石油,010102,临海市,0576,中国石油临海大洋加油站(河阳南路南站),"121.194373,28.877274",121.194373,28.877274,B024004VY1,121.1900854418854,28.880200510962133,121.20077480692274,28.883618272059252
,临海大道与河阳路交汇处,,330000,331082,浙江省,台州市,汽车服务;加油站;中国石油,010102,临海市,0576,中国石油临海大洋加油站(北),"121.193369,28.878535",121.193369,28.878535,B024004VY0,121.18907953814578,28.881458826249666,121.19977147971157,28.884873059642267
,325省道东100米,,330000,331003,浙江省,台州市,汽车服务;加油站;中国石油,010102,黄岩区,0576,中国石油台州市黄岩区火车站东加油站,"121.297159,28.683094",121.297159,28.683094,B0FFJ7BJCH,121.29288974184227,28.686168382239792,121.30363063419806,28.689227973085643
,小杜线与西大路交汇处西北行,,330000,331082,浙江省,台州市,汽车服务;加油站;中国石油,010102,临海市,0576,中国石油临海上盘加油站,"121.566799,28.756354",121.566799,28.756354,B0240045QR,121.56276314336166,28.75958071880639,121.57320343687879,28.762692355738317
,228国道南侧,,330000,331082,浙江省,台州市,汽车服务;加油站;中国石油,010102,临海市,0576,中国石油台州中胜四份加油站,"121.546771,28.714696",121.546771,28.714696,B0K6KU32K4,121.54269454880279,28.717914592841414,121.55322358674809,28.720981066903025
,海门街道枫南东路1289号,,330000,331002,浙江省,台州市,汽车服务;加油站;中国石油,010102,椒江区,0576,中国石油东龙加油站,"121.484178,28.655829",121.484178,28.655829,B0FFG6UWI6,121.47990052789117,28.658908944027377,121.49071754995097,28.66157824059459
,上盘镇头门港新区北洋七路,,330000,331082,浙江省,台州市,汽车服务;加油站;中国石油,010102,临海市,0576,中国石油临海市东城加油站,"121.640287,28.752707",121.640287,28.752707,B0GD5H1P7I,121.63625097678283,28.755921953312924,121.64681698615591,28.75852646892899
,括苍大道667号七里村,,330000,331082,浙江省,台州市,汽车服务;加油站;中国石油,010102,临海市,0576,中国石油临海东海加油站,"121.105142,28.859864",121.105142,28.859864,B024006XLL,121.1007216548987,28.86267394859595,121.11162035246369,28.86595545413937
,永丰镇104国道复线沿岸村,,330000,331082,浙江省,台州市,汽车服务;加油站;中国石油,010102,临海市,0576,中国石油临海沿溪加油站,"121.068604,28.968694",121.068604,28.968694,B024004TTE,121.06420211136808,28.97143660907949,121.07504296479823,28.97499704018891
,塘头朱村,,330000,331082,浙江省,台州市,汽车服务;加油站;中国石油,010102,临海市,0576,中国石油临海西城加油站,"120.949096,28.883385",120.949096,28.883385,B0FFHCX63N,120.94506424467238,28.886499254591932,120.95550479461559,28.889685929083765
,白水洋镇临仙路1号,,330000,331082,浙江省,台州市,汽车服务;加油站;中国石油,010102,临海市,0576,中国石油临海金洲加油站,"120.910831,28.890636",120.910831,28.890636,B02400T5C4,120.90685746602374,28.89379225851882,120.91738466201265,28.896325405252295
,小芝镇车口村75省道与小义线交叉点西南侧,,330000,331082,浙江省,台州市,汽车服务;加油站;中国石油,010102,临海市,0576,中国石油临海车口加油站,"121.400213,28.882747",121.400213,28.882747,B0FFFRMFQU,121.3957577179469,28.88553452326651,121.4067374137742,28.88856412930383
,章安街道湖巉村358号,,330000,331002,浙江省,台州市,汽车服务;加油站;中国石油,010102,椒江区,0576,中国石油章安加油站,"121.401537,28.725540",121.401537,28.72554,B0FFG8WAG0,121.39709418170165,28.72844054978767,121.40808731670475,28.731387005951376
,杜桥镇汾东村杜桥镇汾东村10-47号,,330000,331082,浙江省,台州市,汽车服务;加油站;中国石油,010102,临海市,0576,中国石油临海杜桥加油站(大汾站),"121.481876,28.736855",121.481876,28.736855,B0240045R5,121.4775844344047,28.739878364938143,121.48842940973695,28.742643457715797
,双林南路邵家渡街道前洋村,,330000,331082,浙江省,台州市,汽车服务;加油站;中国石油,010102,临海市,0576,中国石油临海双林南路加油站,"121.203818,28.856685",121.203818,28.856685,B0ID2UW5F8,121.1995480011106,28.859642463559645,121.21023651364358,28.86304216981182
,邵家渡街道(钓鱼亭村卫生室东南),,330000,331082,浙江省,台州市,汽车服务;加油站;中国石油,010102,临海市,0576,中国石油钓鱼亭加油站,"121.210875,28.813400",121.210875,28.8134,B0240045QI,121.20661882926645,28.816399777837617,121.21731475736532,28.819709243084954
,河阳南路与河阳路交叉口,,330000,331082,浙江省,台州市,汽车服务;加油站;中国石油,010102,临海市,0576,中国石油临海大洋加油站(河阳南路南站),"121.194373,28.877274",121.194373,28.877274,B024004VY1,121.1900854418854,28.880200510962133,121.20077480692274,28.883618272059252
,临海大道与河阳路交汇处,,330000,331082,浙江省,台州市,汽车服务;加油站;中国石油,010102,临海市,0576,中国石油临海大洋加油站(北),"121.193369,28.878535",121.193369,28.878535,B024004VY0,121.18907953814578,28.881458826249666,121.19977147971157,28.884873059642267
,325省道东100米,,330000,331003,浙江省,台州市,汽车服务;加油站;中国石油,010102,黄岩区,0576,中国石油台州市黄岩区火车站东加油站,"121.297159,28.683094",121.297159,28.683094,B0FFJ7BJCH,121.29288974184227,28.686168382239792,121.30363063419806,28.689227973085643
,小杜线与西大路交汇处西北行,,330000,331082,浙江省,台州市,汽车服务;加油站;中国石油,010102,临海市,0576,中国石油临海上盘加油站,"121.566799,28.756354",121.566799,28.756354,B0240045QR,121.56276314336166,28.75958071880639,121.57320343687879,28.762692355738317
,228国道南侧,,330000,331082,浙江省,台州市,汽车服务;加油站;中国石油,010102,临海市,0576,中国石油台州中胜四份加油站,"121.546771,28.714696",121.546771,28.714696,B0K6KU32K4,121.54269454880279,28.717914592841414,121.55322358674809,28.720981066903025
,海门街道枫南东路1289号,,330000,331002,浙江省,台州市,汽车服务;加油站;中国石油,010102,椒江区,0576,中国石油东龙加油站,"121.484178,28.655829",121.484178,28.655829,B0FFG6UWI6,121.47990052789117,28.658908944027377,121.49071754995097,28.66157824059459
,上盘镇头门港新区北洋七路,,330000,331082,浙江省,台州市,汽车服务;加油站;中国石油,010102,临海市,0576,中国石油临海市东城加油站,"121.640287,28.752707",121.640287,28.752707,B0GD5H1P7I,121.63625097678283,28.755921953312924,121.64681698615591,28.75852646892899
,括苍大道667号七里村,,330000,331082,浙江省,台州市,汽车服务;加油站;中国石油,010102,临海市,0576,中国石油临海东海加油站,"121.105142,28.859864",121.105142,28.859864,B024006XLL,121.1007216548987,28.86267394859595,121.11162035246369,28.86595545413937
,永丰镇104国道复线沿岸村,,330000,331082,浙江省,台州市,汽车服务;加油站;中国石油,010102,临海市,0576,中国石油临海沿溪加油站,"121.068604,28.968694",121.068604,28.968694,B024004TTE,121.06420211136808,28.97143660907949,121.07504296479823,28.97499704018891
,塘头朱村,,330000,331082,浙江省,台州市,汽车服务;加油站;中国石油,010102,临海市,0576,中国石油临海西城加油站,"120.949096,28.883385",120.949096,28.883385,B0FFHCX63N,120.94506424467238,28.886499254591932,120.95550479461559,28.889685929083765
,白水洋镇临仙路1号,,330000,331082,浙江省,台州市,汽车服务;加油站;中国石油,010102,临海市,0576,中国石油临海金洲加油站,"120.910831,28.890636",120.910831,28.890636,B02400T5C4,120.90685746602374,28.89379225851882,120.91738466201265,28.896325405252295
